relative_path,sha256,bytes
training/chapman_shaoxing/g1/JS00012.hea,DD5836FC348F8ED4F4D0179FB9E2555ADDC066B3046CC7A48F5295F58C60BF20,741
training/chapman_shaoxing/g1/JS00012.mat,846BC9DD301C2492EB9FA59F122573FBEEA30BC3883A47852C3C939B031E2016,120024
training/chapman_shaoxing/g1/JS00024.hea,EE6846DFC2A868D4F156E49CDD3E8977F4DE3025AFBC7BB3E717F6B9E7260D78,751
training/chapman_shaoxing/g1/JS00024.mat,386A2EA8F4B317D46ADCCD46053BD2B2C5B3AFB519C64FA89B72516FD5335961,120024
training/chapman_shaoxing/g1/JS00032.hea,A4E136656435505D6E43766CAAB57F65F0424C31BB000EF988717A0E69E71370,739
training/chapman_shaoxing/g1/JS00032.mat,69445BB71E894678BA4CB8F1FBA2375308ECF85BF944061A71BE8B38E7121168,120024
training/chapman_shaoxing/g1/JS00041.hea,A07F325A12AA9071784AB4DDDEB0DC3B5EED2E8828B22AAFA5EFD5C8DF8FD74A,759
training/chapman_shaoxing/g1/JS00041.mat,3991DE53F507CA47BCBD327F22C31A794B87624C126E44A31463FA8C1F5E3F24,120024
training/chapman_shaoxing/g1/JS00045.hea,D8063CCF8EFF95A74A45C38D3E90B837FB799F5C1C06063E87C0B1C1321C28A8,753
training/chapman_shaoxing/g1/JS00045.mat,41FC32908E0A89BA717491B501F8F0352BFB68998FB83469E45D07EB7A1674F4,120024
training/chapman_shaoxing/g1/JS00057.hea,16045BE91FDBF8A471FCC88AA82D5007639844E743DB3CFE7AC4A59E5CE01F91,738
training/chapman_shaoxing/g1/JS00057.mat,C6C777A02735D6E15684A696BD1D1B915AB18BD40C28D7D0BBFB60803D323928,120024
training/chapman_shaoxing/g10/JS09381.hea,77946EBE602D179B76C2303C3BFBF65380ED15ADD15D48873B565C27FCBF92B5,739
training/chapman_shaoxing/g10/JS09381.mat,DC9932E5DA83D350D1AED4D5383DCA1F8D068A61A21901691CC045AE7A6EB406,120024
training/chapman_shaoxing/g10/JS09390.hea,4161CAF6E9F5D4523B52DA6FAD72B7EA90CCCEEDDD52238FB42B1C6F17DAF724,744
training/chapman_shaoxing/g10/JS09390.mat,29ADBAFF5038C68E1BA0FF64BCAC6CB7566285AB5563216F1C274765227E6FF4,120024
training/chapman_shaoxing/g10/JS09391.hea,873F0C7C3A4C36502BD1CB5A764C2EA450E312B2C78AC7903F5E336BFDDD7A22,760
training/chapman_shaoxing/g10/JS09391.mat,CF90A967A5A5DF3053056DEF16AFEFAB56F057004D44FA1B2CB95FC23A855B3D,120024
training/chapman_shaoxing/g10/JS09392.hea,15FF9B6E21EEDD852F1051A2C3535E912ADD972D80EA418A162C0D1F5B06CF78,741
training/chapman_shaoxing/g10/JS09392.mat,2DC2EEAF119F193E334F2C60EB8DAE38DFB1B545F916214B908F977D10EDF8F8,120024
training/chapman_shaoxing/g10/JS09396.hea,4A029070C65589B40061260EE6AF00D42403984019E750DC7431A74DBA94563F,739
training/chapman_shaoxing/g10/JS09396.mat,880C2F73B7F23CA7EC096985FA71968988933DABB8056EEA03672583865B3E7F,120024
training/chapman_shaoxing/g10/JS09418.hea,A9D825FDF732155A809392C7331BE9394AF2E077E90DD3E0E89A8DD458643D1E,779
training/chapman_shaoxing/g10/JS09418.mat,C44B234767003AC8983FC7C5B8B176B0F5EAC6AA7A43C993406DA258A75AAB0C,120024
training/chapman_shaoxing/g10/JS09432.hea,342CE07ADE4300FEAE29F5F5DC56F5A12B19C5F218E102E09CC934CD06825A01,750
training/chapman_shaoxing/g10/JS09432.mat,5D041B4ACCA85F75D8A9C8CC299C6AF135D40D24BFD3A929F2D50A1E1611C25F,120024
training/chapman_shaoxing/g10/JS09436.hea,1CF85575466EAC1DD903BD44D69D1B98B7CBDCF608789554BE30EED3473E44E7,748
training/chapman_shaoxing/g10/JS09436.mat,E34C1D1E0E8E975EC749F9E12DAE305D0A01485297B05BF717FA09D65FBB411F,120024
training/chapman_shaoxing/g10/JS09447.hea,3EB0B262CF5C90473E2660529EAC56444596F69AFF01F1D40DD30671D8D37781,747
training/chapman_shaoxing/g10/JS09447.mat,45C9AF95169FB603FF983ADB268011E9CD5D7C1F9829462E229331F1E49AB952,120024
training/chapman_shaoxing/g11/JS10411.hea,031C8DFAFCE8250E608FF5AE60733B39B03F4329DCD2D8087CAA08EA8B2D79F6,749
training/chapman_shaoxing/g11/JS10411.mat,7FD6C74D068859C20758E6916033DAB22C1B409FB6CE63468173965B3F5B2F4D,120024
training/chapman_shaoxing/g2/JS01054.hea,B6FE78A871A4E87FF9F5D30484D48D1AC5458CAB5B59619E11EA041A593FB4FF,751
training/chapman_shaoxing/g2/JS01054.mat,A1AF8DBF83ACC8DE433FABE1CC111948D6CE9D6B0EA5EC4B8B52DFEB216E67E4,120024
training/chapman_shaoxing/g2/JS01055.hea,229A895C86DF974654876A887FFCB8EDB6237A9ECCC5774C6046B92A5A77E5D1,747
training/chapman_shaoxing/g2/JS01055.mat,8F8B0B70C0817461E0B967D57ADE1F60776746EF80AE182AAB50E787A1F97AFE,120024
training/chapman_shaoxing/g2/JS01056.hea,BE6A36182D69BEAE09EBA7E3C24CAE4452DB0C50728FCF64D2AABD36108D9C80,762
training/chapman_shaoxing/g2/JS01056.mat,65E516DA684389D83147F06DC439134F0AEEDACCAEDAE7D6C30A773BDBC370D0,120024
training/chapman_shaoxing/g2/JS01058.hea,22B6FF62B6D82654FC16E66DAF5DB72DC7DEE0A046D6EFD25ADE401120A62557,748
training/chapman_shaoxing/g2/JS01058.mat,53A50751E8DBAFB976EB5FF7543F36A64B8B8304F2A9800EE96F9E6DCF77059C,120024
training/chapman_shaoxing/g2/JS01071.hea,6B0E92F2EBDFC92B86F46B438705C71864AEA4A69D5A24F6AA066CBE4C40E66A,749
training/chapman_shaoxing/g2/JS01071.mat,C540827A1974360342EA1B8D7E5DB524CBE89A6C9EDC4DDE49C26D978822EDD9,120024
training/chapman_shaoxing/g2/JS01072.hea,B19102CCB7FA589C9E83A0EAFB63B514602953FE04967D3AE493DC000113B208,765
training/chapman_shaoxing/g2/JS01072.mat,0A8E08B408CCCEA66082AE1979BA2883004F2AAFF8D2348946A16A2267843E0E,120024
training/chapman_shaoxing/g2/JS01089.hea,AA33FFA6E94CBFAC4625BDF56ED5D7438A7C875D0ED7222234C2910FE2CB171F,738
training/chapman_shaoxing/g2/JS01089.mat,FD02C50B736C8BBC23AC1361812FF869F9D0201A05CEE08E1828E2E07E53EDFA,120024
training/chapman_shaoxing/g2/JS01090.hea,F5CE90D0DC84C3E4179835336003538BFF4679019184DCE238694A20F10A4F1C,751
training/chapman_shaoxing/g2/JS01090.mat,7AB4C25CE523776234DC038B85E59239B5371E62BF36A51FDDB1462CE5A4C78D,120024
training/chapman_shaoxing/g2/JS01100.hea,395A7A807CEAC23F03676038FC09A3379D4A33EEEA4C918DB690ECAB3FCC919F,743
training/chapman_shaoxing/g2/JS01100.mat,C32FBF2BB249B2671F6D8269D710CF7F85FE56EB08921032AD252665AC04C33B,120024
training/chapman_shaoxing/g3/JS02102.hea,251E48C038A071EC5510E2747C77F1C3FF55BF6C08987C908CE1FFC8BD4DDA83,747
training/chapman_shaoxing/g3/JS02102.mat,CA47125EAA166F1FA8F4CE8438D0F217E275B0ABB26B779B37BFC04A17B8F669,120024
training/chapman_shaoxing/g3/JS02119.hea,777544E952B07BBFEFCFDADE951B548793C710B6150A3E100C3610E6443B2C79,761
training/chapman_shaoxing/g3/JS02119.mat,210FD549D325FDEF645E17E7DD91CEAF87460E1E24C7954BC494509FC7E062B7,120024
training/chapman_shaoxing/g3/JS02120.hea,136474D0CA51BF819CF5307B4163542010DF4CBF97AF900CBC4A8D7504BBB5B9,746
training/chapman_shaoxing/g3/JS02120.mat,456C395E33EFBD5ED2EABCC081890E8C2BF099AFEE90B2F9A965A67B3DA691B3,120024
training/chapman_shaoxing/g3/JS02121.hea,88B8EAB852482C859DEF435D4A31526CF7A9B0B112185A78161F8BCF5BB30492,749
training/chapman_shaoxing/g3/JS02121.mat,5DBEBB853B4B843BD996C18DA4B0CD8EE2376FB19336FF9B971E9ABEF6951E16,120024
training/chapman_shaoxing/g3/JS02122.hea,42C212EDE7119A64AC0BAFC912ADF6067BDB28FEBFFF2BAA5E221D7E3903F1ED,733
training/chapman_shaoxing/g3/JS02122.mat,38B9975D65A754FFF5348214707BD429AB0E86CA571A9616CC5A0D60AE2F21F6,120024
training/chapman_shaoxing/g3/JS02130.hea,A6FB9D6510BBE6A48D3E776B28DC88E20207A1128D789FF63CC75A36F485C157,747
training/chapman_shaoxing/g3/JS02130.mat,4B861B25347569885BBF0AACD2BAC0D7F2BB1DF621F0846145A4EC3A9100121A,120024
training/chapman_shaoxing/g3/JS02134.hea,FA979C1C2ED0336AE5895157B0C6D57D99E014099D2CB322A404FA7450950947,751
training/chapman_shaoxing/g3/JS02134.mat,E4A12C4A1E6F6BC98CB55BEFAC477B72EA24A8F8AFAC91C351CFAF36AA344664,120024
training/chapman_shaoxing/g4/JS03140.hea,7EFB9675A98EBDA3FA2F689C8FC01628DA1C98039F0A910484D40D61F1CE5DBD,740
training/chapman_shaoxing/g4/JS03140.mat,1EB5A7A33DCB87D899A2C8F04C097AA42D0EB7C9EF796B09AE7E3B1BD5249ADB,120024
training/chapman_shaoxing/g4/JS03142.hea,2762CFEA3765D996EC4D4E333DF74B83A357D27CD91B52E2BC0FB9E2A1DC4859,749
training/chapman_shaoxing/g4/JS03142.mat,FA924721CAF6BBF76078F21681E715C99C27E84D914B82432CD738867C95BDF3,120024
training/chapman_shaoxing/g4/JS03144.hea,3533D3D2F2865349EF180812DB2703FFFC0F25CE359F9A2EB05307129FE8C146,749
training/chapman_shaoxing/g4/JS03144.mat,B8E48A8F3FBCD1E7FB0EECF759F8516A04FBDF46E18A89B4C53B45B018463C4D,120024
training/chapman_shaoxing/g4/JS03155.hea,3E3018807B5F6A3909BCD8B5C20715B41C668D6FC18BD2C33FD3F0E18A29CF13,753
training/chapman_shaoxing/g4/JS03155.mat,0FE3C574A094F50038C26289E92B0C04FCEF736CC4C65C70ED44787260069DBE,120024
training/chapman_shaoxing/g4/JS03158.hea,5CC4626BEFCCA4F5F9DD81D63F27C4D248CF2012F06BC63160F8C3CC699DFC51,753
training/chapman_shaoxing/g4/JS03158.mat,03638339853362B499942B11209FB0190D25C1B9E71AD20B8D98118C35E43316,120024
training/chapman_shaoxing/g4/JS03182.hea,D726E0273279A2C2AC337A6D882CCFDFD5C94E5CE5A6CC4046D342543F85896F,755
training/chapman_shaoxing/g4/JS03182.mat,0FC2D9F8868A3B8AAF87CFEB1A124D9014428AC96B58D21309F134BE17FF4905,120024
training/chapman_shaoxing/g4/JS03190.hea,98D0D4ABCBD17B6E45D471285BCFD0F479DCA045B4E2D9B4814B9513E3774AE7,749
training/chapman_shaoxing/g4/JS03190.mat,880BA43040FB2D2B26D80537FC5257E235454189103DC8CC95CB055F4D9E7336,120024
training/chapman_shaoxing/g4/JS03199.hea,94FE595CB0068882F4FCF46C3AAA748A01A21D41BAF27F5A9ADDBFA0C78D2219,758
training/chapman_shaoxing/g4/JS03199.mat,C1AE26DAC1A54874E2E76788DD8CE7272600301FBCFC8C4AC25CD454F7440B8B,120024
training/chapman_shaoxing/g6/JS05232.hea,02439F77480136CFD0B304C0DEB8F17DBA01F9A1A9E13263D16874F6848E63EF,731
training/chapman_shaoxing/g6/JS05232.mat,8A8B00DCE0B6A92DC550809F46FDFF47EA33F117FF701E6253F5343E641DCB63,120024
training/chapman_shaoxing/g6/JS05254.hea,D3802B721BECF2A9F9DC88F10EA9EBF76EDD789452D19B9A2E8FA98026DA5B44,725
training/chapman_shaoxing/g6/JS05254.mat,0C12EF4F7423D4F35D6EAEBF65BCFEDC16B43EA9AF8B5244CA9BEAC7CD455EB1,120024
training/chapman_shaoxing/g6/JS05256.hea,1062C3B368FA075B3CA89D50A9E5EE0C9B875D02A659D9E6BC675D4E26954311,736
training/chapman_shaoxing/g6/JS05256.mat,DA2C43F810F3BD0F9A7F189C30AE3DA91E497C41E7642E79EF310E53586DDE63,120024
training/chapman_shaoxing/g6/JS05257.hea,A9F00F3509CDE47F2DCBE4E27A88E743A6E0C6715CF87BDE95119D13651248A7,728
training/chapman_shaoxing/g6/JS05257.mat,B0F0A0B5AC88605F9A96028DED29FCCCAEA921AF236FA7FAEEEA90D184AF9282,120024
training/chapman_shaoxing/g6/JS05272.hea,74D03F43AB671941DBDA343CE42A1205A8ADDDE07E48588911FAE31BF1716B73,740
training/chapman_shaoxing/g6/JS05272.mat,15130E2ABFD01D0A28776F5796025D47B073AB57EEA702582BC695F05003BB1C,120024
training/chapman_shaoxing/g6/JS05279.hea,50F55E34142607CFC33AAC7ACF85D6CAD13C7D9E825C97F907C2070BC6FFE7C6,740
training/chapman_shaoxing/g6/JS05279.mat,987D6625B54585A41F76E7501DEA6D4A1C101925A1852FD35F6BE08C0C82F433,120024
training/chapman_shaoxing/g7/JS06267.hea,906ABC9141B9FD495E47FA05AD3A9BC965E371365F72E38BA3B7C32121E64046,732
training/chapman_shaoxing/g7/JS06267.mat,2F148D2EA20D4D2C94167FAF63615687B2651DD9EDD6A74BE17EC67A8E1F1B1B,120024
training/chapman_shaoxing/g7/JS06270.hea,9B5A7CDF6F977D4D6682365BAB92E46D959CF6F64456C8397AB0CA7B12ED54C6,791
training/chapman_shaoxing/g7/JS06270.mat,6E66B5B0CD2AB38871E3BCA7463A7F455E139E7661D378A85014D8436CC8E293,120024
training/chapman_shaoxing/g7/JS06276.hea,5F0A595C8159DB6BC1D8104B7992B5EBF26899D53007C337E929C8971742C62C,731
training/chapman_shaoxing/g7/JS06276.mat,E0CA99B7E6B6613F0900F284C4CA9B286448C88F623B3869999008248FC6A2F9,120024
training/chapman_shaoxing/g7/JS06281.hea,7B1867AD2BADC4312C2D20729F1B7389107527D1EAB80D48246DB6125816703E,757
training/chapman_shaoxing/g7/JS06281.mat,12A69BADE8DDEB78E9ACA5A6D0E12D2504D4461C1F1424B3F495B95ABE521497,120024
training/chapman_shaoxing/g7/JS06298.hea,CA979B91B0D6CBC299DDA608B6B62A913246B3BD7F7C1A6E2B51E48783115F43,741
training/chapman_shaoxing/g7/JS06298.mat,0D1F3F292DF4E716476CA35AC5C67E71C5697F399378290E02C6ED9CF8AE7072,120024
training/chapman_shaoxing/g7/JS06308.hea,975F2707BBB4D4F07BA51ECD1AF21962FF4333EE4679BF12B360D0CC7A4220CC,734
training/chapman_shaoxing/g7/JS06308.mat,C37EC4702CEB1EEF24BDA79AEFFFFAD1181ADF0C6D07394883800C89C1C48CB2,120024
training/chapman_shaoxing/g7/JS06310.hea,D2DC7D8AB0F647CA125D77E002C05E72440FC713C92A7D4ACEE4E29E9089348D,731
training/chapman_shaoxing/g7/JS06310.mat,AC12CD19FC50C255529246366ECECBA100AB67ECD7B232579A2ED6307FD6E35B,120024
training/chapman_shaoxing/g7/JS06319.hea,4FCCBBBDF44843D0B44A3F01C1A2737695457C737F9EAA4D2E42C57A327C204A,766
training/chapman_shaoxing/g7/JS06319.mat,185FCFB24A6477684E387E7124CF580C7C95FAAFF9A63059D8ACB028B4FF8C50,120024
training/chapman_shaoxing/g7/JS06327.hea,ACD6936220C32A1EA567AB45D99154E3C9412267DF9082560704B4F377371813,775
training/chapman_shaoxing/g7/JS06327.mat,8AE84846647DAA289325CA7F94FE1E0064B7D421F1EFED2A1C3C80ACA2D56F46,120024
training/chapman_shaoxing/g8/JS07309.hea,5662EDB498D67FFDC95FCA49DCC3C8387B46345AEFE5FE556400351A738D691C,753
training/chapman_shaoxing/g8/JS07309.mat,0CFD82D267E5F3BA810161940503D2DB862644F8E2498887F7D6ECA6CDCC97B2,120024
training/chapman_shaoxing/g8/JS07315.hea,1C4105B9693BCF1F0352A3115BFEE96EE4038A4225E5B76E9187742C8C2FA26F,738
training/chapman_shaoxing/g8/JS07315.mat,B0EDC46AA679B771B32885F516C16340DA51200ACABAF695FD45CDBD9AFB59FF,120024
training/chapman_shaoxing/g8/JS07341.hea,D02E051D363AA998AC9DB414611EEA83F5D3D79A4160124BE919C404175E4F22,739
training/chapman_shaoxing/g8/JS07341.mat,3272166C9DA1E1ACD0DC97AF0970320400920058A016ED84CD33493BC1B11E64,120024
training/chapman_shaoxing/g8/JS07344.hea,02AB1EF343E1C26BD397116A8564369C1A4F6655D67D012CF6D4A179CC4016CF,753
training/chapman_shaoxing/g8/JS07344.mat,956F46FBA583ACBCADB9483148613C016E156FC99FF274C3C97CFDF1D118182E,120024
training/chapman_shaoxing/g8/JS07348.hea,59A307C60746A762BFF00618D2D37EA2F7C561E793131A516DFEC05736C90C87,730
training/chapman_shaoxing/g8/JS07348.mat,8A31038A2494EC416FDAE2C85E064604ED82F2CB4317A5471024A760F7C5701B,120024
training/chapman_shaoxing/g8/JS07364.hea,AA66594A8B441A346B9BFEDA5C051B94A9977A70AC813677004726256157A8A3,757
training/chapman_shaoxing/g8/JS07364.mat,6F0510C3D097921BFE6D8B8DBF233C5607E2E319F397E764185190505DBC0E05,120024
training/chapman_shaoxing/g8/JS07367.hea,CAD052BA990DEBB7A113C836780933CC463E1289AE2D92605B292BADBB59D112,750
training/chapman_shaoxing/g8/JS07367.mat,547A32C8C103E10B3BD0A0186D3FFEE85FB5799DEC9A0285CE860D206116AB6B,120024
training/chapman_shaoxing/g8/JS07368.hea,3F5A6BD6AF2172D0A21A9EF84B64F97CA0C5F9167A64117119E2A782434A2F2C,749
training/chapman_shaoxing/g8/JS07368.mat,1637FA5CF53EB573C611E33F4327F1DA4B8D9ECF324407229E605CF6C16E05D3,120024
training/chapman_shaoxing/g8/JS07369.hea,3D41BCEA4A380278E09593FEE263481D6C959DE76D88CAE6B30BA9A625F4D099,752
training/chapman_shaoxing/g8/JS07369.mat,9E8E5D7A94B4CCA4DB02209E88FEA29CF869307E747ECB129F817CDC7E0E4DFF,120024
training/chapman_shaoxing/g9/JS08352.hea,D5336E73B4D40CBB479FB912EAD56F651FA812A53DF20E518BBA448DDE7D0EC8,751
training/chapman_shaoxing/g9/JS08352.mat,B1C3B6A73017E9F5D79552FD2943EB97D9241522A6EEEFE270F13486ABD3E0A7,120024
training/chapman_shaoxing/g9/JS08353.hea,1F74A0E8D1911DCD94EE052F83C81498A351DB28DB5058D1625F15ADBF7F1315,742
training/chapman_shaoxing/g9/JS08353.mat,550873DA8A391E3F660C0B50697E37CDCCC761C4D690B2D3EE261CD2B7222D47,120024
training/chapman_shaoxing/g9/JS08355.hea,1FDC0C6808B068895ACE12897769D1C068A58EE38AF546A1B4029249E8865F44,746
training/chapman_shaoxing/g9/JS08355.mat,380CC79DBE02B415F1734D7D02D05C6581543848D71D6A3737F1EDA3CF137240,120024
training/chapman_shaoxing/g9/JS08365.hea,4947D19BDDFCA64EF2D57742D709280294308AA413AA546C1E7B43D15EFFF916,742
training/chapman_shaoxing/g9/JS08365.mat,9DBCA4C61B273A4CEF260FEC981136B806C7E7D3B0D302EB2D74F65024E6D8F9,120024
training/chapman_shaoxing/g9/JS08376.hea,F9E06A30937230E3E4496E9EF3E172E8F2FC690B9AF09090810E618170253E0D,757
training/chapman_shaoxing/g9/JS08376.mat,3B7153C96680513AD36FECB41A55A7CDA98D6C8B4C1D23424D7106AA251001EB,120024
training/chapman_shaoxing/g9/JS08401.hea,E8F2147C2AB6DCE3EF04606988DAEC49C16A13350C1814CFC590901B57FD78E3,738
training/chapman_shaoxing/g9/JS08401.mat,4680AB6F4B62FF1076EF5DCAFF96F9EABFAE74FB722FA5A7FF37F52CCD281BC8,120024
training/cpsc_2018/g2/A1707.hea,96DBE95158BC583407E64AE32E2CE55C4EA2EA72C278358354E778D5BF920D37,668
training/cpsc_2018/g2/A1707.mat,65AC1F3C8C2872D6E4BF8DB5E2981AA485C3C9293B52A241C68E5488BA39DADC,134760
training/cpsc_2018/g2/A1715.hea,63339DDFB71593B0D87267D17DCE723F40288BC562BEFACBA290B5E7C3C0A47D,671
training/cpsc_2018/g2/A1715.mat,E2B425EBF8E5AF0AFC98DAB64E97B879AE09B2E862CF4266C7831649C8B8F388,120024
training/cpsc_2018/g2/A1721.hea,E55FC7D58A7E3661CA874DB8543C8964FDE511ABE10B1EF5ADA2D85AA80DCA4B,694
training/cpsc_2018/g2/A1721.mat,CD49F6A332D50862EF07D7CFC30CFA65DCF824F56A00AFF5BC505828FEF0A842,120024
training/cpsc_2018/g2/A1727.hea,FDC4A26F7F524A155C446BA40B449A6D135E2EF88E2BD012DC7DA1AFE3C3A078,706
training/cpsc_2018/g2/A1727.mat,882E47ABBE8DD2F27C9E6D99AD94A98D9BE669D7843A5602CF7311937EBCF35A,192024
training/cpsc_2018/g2/A1730.hea,CFC3A74BEA2A5F0D67763B05B20A7AB2B59A10A84D95C2E76A300ED500FA1C6C,703
training/cpsc_2018/g2/A1730.mat,23A4C6ED0C46492274920A36C8D07F4F9D5962B1C91487F04DFC51225F2F8FA1,216024
training/cpsc_2018/g2/A1731.hea,4724E629DDE262CB58F4346FD12ADD8CF6EDE74A296DF7A365F9A519D7732585,695
training/cpsc_2018/g2/A1731.mat,896C14DBE3C0FBC978AC08C78C894618A64C02255D937373D8F42D9DF8D367EE,180024
training/cpsc_2018/g2/A1732.hea,DC7CBF0E423BAB404C576B19EC1E781B8D60DEB680C16D9201A90FB6352D041D,685
training/cpsc_2018/g2/A1732.mat,B8509CDED07E325FE156FB524D50BC83901F46A6F65BCE0454FB748D644881FD,120024
training/cpsc_2018/g2/A1733.hea,A53345215ABFE8993FC12856ABBD788C6223ABF6DFCF415C562AD2BA216BB914,704
training/cpsc_2018/g2/A1733.mat,76FD2143C60E746EF6583D67ADCF9372671C0A5E37CA7E59C5BAB135CA00B85F,144024
training/cpsc_2018/g2/A1738.hea,83A88C453251BE952CB9B358FA792F1D59B420142F94A9CFE07CB7200A7FFF0F,672
training/cpsc_2018/g2/A1738.mat,AA6DCD11924E621831A2BA8A717DF6802E805EFF113DB2FDFDFA236D22FF83D0,224568
training/cpsc_2018/g2/A1740.hea,E9C695D0AD20AAD06C453AEA51B8055A786F9CDB52D6C45A59DD7B88568A5373,678
training/cpsc_2018/g2/A1740.mat,613985536F3D005082AC7F97FF961E3D2545D81AEDFCB239DBAAF3FCEAF4FDBA,120024
training/cpsc_2018/g2/A1742.hea,CCB62B7B21B0ADAD2341A772EF2CBA8F6FD7E80ECCA6376E263C4A6BFDC1FE4D,686
training/cpsc_2018/g2/A1742.mat,6D71C179DE415599ABDCE9EB4E313D933824F6CE14FFAB1D3C5D887466FBAFA1,120024
training/cpsc_2018/g2/A1743.hea,C2871CBE67622FD36C2A11A112B864161D7CE1FBECB4367048F0C5E87B399F7E,673
training/cpsc_2018/g2/A1743.mat,ED8838D0B1F3D34CD607C0971CE0CE958D87863BADADD02C3757723D6E4176D0,120024
training/cpsc_2018/g2/A1745.hea,5F191160B94EF3A689099BB13DC464E26E5045CDF9A6A8CE627766A5F85533F1,671
training/cpsc_2018/g2/A1745.mat,EDAD845843850C2AD665C4F411987B23485CE13935D20340B4DFD82DC1B65D7D,120024
training/cpsc_2018/g2/A1746.hea,5214A793D367BF820AC695C4AF0C038BF4632AFC85547407059C2F834C19B7AC,676
training/cpsc_2018/g2/A1746.mat,9ECD5151E61D7B7D12A9B3FA9AD2052FE86010E8853D9DF0FF045200E90C55CE,120024
training/cpsc_2018/g2/A1748.hea,5DF968F5A35A2502A9B0ECCDB5669ACC9C598A7CDBE0D90C166C4F00E1B94641,697
training/cpsc_2018/g2/A1748.mat,8073212CB6D3AE44D9B594585BB750CEB7A398FFE884770E5393496EF9F333F9,144024
training/cpsc_2018/g2/A1758.hea,AE4754EA6D407CF66CCE0E117E5E59E8C96DFC3E92563ECE64C537F71093F25D,706
training/cpsc_2018/g2/A1758.mat,00EF6B852A381F9BE34AF1DE5456FCF693AEFCEFD48D7971D69E4D3358A36150,252024
training/cpsc_2018/g2/A1772.hea,164D2B77B7E9AA07F238FA91FAC984A1610DB8B749A5FD1C33E429041372CF62,700
training/cpsc_2018/g2/A1772.mat,0E9BAF5D833866D925297B9C2BE4BF09AC5077BCB16E70493F3A9FBDF6AD9324,312024
training/cpsc_2018/g2/A1780.hea,B3BC9EF0E4F37E833B1DBA76105E20C77B92C2C35621ED2CA95977BDCF2098D2,716
training/cpsc_2018/g2/A1780.mat,297389D833B1BC37F245D2E5E8401E231DFE08E7762E206C34E83395863F64E6,204024
training/cpsc_2018/g2/A1793.hea,53A01D374D2DE5A9851C709C012E31256ACD68449FFB3084EB58913388488A4B,682
training/cpsc_2018/g2/A1793.mat,BC2B5ED68847FFC4CE4D719027CD32F50439E1BAF6C59F150BD2CB1CB6992C15,148920
training/cpsc_2018/g3/A2006.hea,41985CAECC29E3B665490F6C3A79F9D5182B335612F243C7DC61FF454A24E5BB,723
training/cpsc_2018/g3/A2006.mat,DA833E76305A25F14F68E1C6A5DFB03F3C84290D754D3C9E5FF5EFAC4C983DC7,792024
training/cpsc_2018/g3/A2017.hea,3F6AAEBF25AC5CB7E62AEB735203E21AF40A862EE21C809576FE167A72D46263,675
training/cpsc_2018/g3/A2017.mat,4BA0AD492A3289107BF31EDDA042FAD396AFC57E6F2D1FCDDDE14B076D82C45F,120024
training/cpsc_2018/g3/A2021.hea,68313E4878DC2C415546CA6063287FB12CFE08CACA770797528327318044A4B0,710
training/cpsc_2018/g3/A2021.mat,D953AE94C39072D2365E5A2732300B00F97C444B57ED806238BAE7C78AB747DD,192024
training/cpsc_2018/g3/A2032.hea,25AD287B419BF835AEBFDA5808F83FCE323DC6AA2A79C8F61C266DA79771C0B5,678
training/cpsc_2018/g3/A2032.mat,7365432204D68BF14F2F95F674DC61F12D040EC57D8E76526404AF683B2D4B77,193368
training/cpsc_2018/g3/A2034.hea,496C88CE36FA7606C8B03489068BAFD3DAEE667E8546D29E25E3DF09755170EF,714
training/cpsc_2018/g3/A2034.mat,F4B4D32613DF8ADFA175F87410083455F4E9C6194A0E17232B2B389794024DB9,168024
training/cpsc_2018/g3/A2037.hea,B8E1B5FB1C95DB25BAF6E1ED9C9AB8BA35437D5E0587D6F10EDE921DC75F366F,714
training/cpsc_2018/g3/A2037.mat,577C75C5EEF731F023EFCB4C9DCFACE318922A6C977147D3D03821E8F99D92E9,408024
training/cpsc_2018/g3/A2049.hea,5B2CEA8D27A6C9688E8414647E465E65AF2F60CF813276E2E306AC407FBB024D,666
training/cpsc_2018/g3/A2049.mat,3F135CC887C8A5F8795B0A2E9166DDD45B592DB70488D7A1723E64A0D68D1731,218568
training/cpsc_2018/g3/A2050.hea,C60DB0278C8493E4C811AD77E396ECB5CE2DE747ED341B7E6BD5ED7608780C66,690
training/cpsc_2018/g3/A2050.mat,EAC703FF60C507602856C66984003EC32DBDAE4C2B66AC1F0C0C9F3DDF48A858,228024
training/cpsc_2018/g3/A2058.hea,EF7D1219E661039E084B489F933F90A16D186B1B31AF9F53286E589214BEC15B,671
training/cpsc_2018/g3/A2058.mat,BE8F324243FDB8851A3E7EB8FBB42D1800C2DF84031A39C8BC5CE9EC7DE89094,120024
training/cpsc_2018/g4/A3008.hea,37A3C607121D2D55BAFA3C07087AB2386085AB6F1A13905F2F737E3C8E437AC1,666
training/cpsc_2018/g4/A3008.mat,E4D0749AC9528899937231ED28DB0BB906AE92B37F9C431805DCBF67B91F9CEE,235632
training/cpsc_2018/g4/A3018.hea,746B08DB315A10CE505969D8845798FCB1C1EF4F5FC4DA8414BB47CA1FC5DCA1,698
training/cpsc_2018/g4/A3018.mat,B7A39BD11E16172C39669E4BCA660C0B595966FABF362BDAAEBDCF7577EF170D,204024
training/cpsc_2018/g4/A3019.hea,F80B6F9544AB9BCE24920F2156D8E70AE78225D9A9F91AF83B773D50B2359254,679
training/cpsc_2018/g4/A3019.mat,7A6528DDA108736DE01892117F8F567DD2A2AF4DADFAEB90FBE2B5BD9CEC4622,179712
training/cpsc_2018/g4/A3025.hea,9D867B7AEA00C5F350A1559321A91A415442A1F69E4ECD03A11B3DCDCD99A4B9,703
training/cpsc_2018/g4/A3025.mat,086E9C067DD2C036E6019A77BE8C3FD0CBF63EC9858F53C0C89751958418DEDA,612024
training/cpsc_2018/g4/A3027.hea,248E332FAFB402C17293D85B30B92A3F648EBB7F9939A2D7663B78A8862EBF52,696
training/cpsc_2018/g4/A3027.mat,644498FCBBCF2574C3E546ABEAFDBC1A6CCF5C7C740D447428B486BF2279D56C,168024
training/cpsc_2018/g4/A3035.hea,292516A355E5141F1783847A9CE6676F4810A8EAF3D1DAD8A6213C897033D76F,711
training/cpsc_2018/g4/A3035.mat,9D649E16A5EFBB9EB334E6A155D882CEFEAFAD67DDEBED765222290577B1DA54,312024
training/cpsc_2018/g4/A3036.hea,328D34CF8DD881CA4240E20C43777555C6ED26E671E2B15CA9BA8ACBAB7F9AE3,684
training/cpsc_2018/g4/A3036.mat,3E533F6D8563C4914C47983B9B276D0CF56E016C1273887ABF9C50914E4951B8,120024
training/cpsc_2018/g4/A3046.hea,3D5385B1550040AC7893DCDE254766D45360F9F05B467A308DDAFDC35A28057D,672
training/cpsc_2018/g4/A3046.mat,3ABFDB24F3795143945F07975F9A825BC994343FC893C9C525273CA69A7BF92D,120024
training/cpsc_2018/g5/A4003.hea,4D6605F4E79ABA620BCD083EF640380366779BD531D7FFDCA1E41A3DA8CAF9A7,696
training/cpsc_2018/g5/A4003.mat,97ACE7F7069AD318401AD861BF20CE680A77B6B4E50984DFDA94D53D100BBA33,180024
training/cpsc_2018/g5/A4010.hea,5D97068CBAFD2BB6BB88098C8E3B83AD75D59A6596058FC1C9E56DD7BE11680D,671
training/cpsc_2018/g5/A4010.mat,8D64658119B32DDF8E62132338617E305C36AC90EC15F78C49F3384E01E590C9,208248
training/cpsc_2018/g5/A4018.hea,B3009ECEDBAB86C5BAF91225087CF6E69B7EBBCD3243D1BD9510938B0058F012,680
training/cpsc_2018/g5/A4018.mat,ED45B4E5ACAB2EEA92F32B2BC03CC3FA41334E8B528575F676EAA9F713A39ED4,120024
training/cpsc_2018/g5/A4040.hea,C888DA62C02999CB1880F22150BE0C33F50DF098D9865F1BD750C315A003CBD4,692
training/cpsc_2018/g5/A4040.mat,B2E945E88EA37C939059452E8AB163E4A901173845DBC063B120776F8988620F,216312
training/cpsc_2018/g5/A4052.hea,074702C38363EBB0E46240CC019695A8C19D6F92499B3E01E9B5D587444EDD2C,702
training/cpsc_2018/g5/A4052.mat,9AE4FCE4C1029824B5CEE206910795C28F92F322066D142C637E936DDBDAC120,300024
training/cpsc_2018/g5/A4057.hea,52D5F802C9DC441032263C72CC0B3744B0D4F794BAA32435F6B126031779D792,676
training/cpsc_2018/g5/A4057.mat,FD3290F15117DAFCE1C34B39837241FA2A3EB8DDEB5CDD1B2BC28FED4C411838,441888
training/cpsc_2018/g6/A5007.hea,A9CF626994EDAEC992AFAE89BA589E8249ED260E612C8BF6B182B563A9DB3B0E,701
training/cpsc_2018/g6/A5007.mat,447D674D9D292AD3F95E032FC272BE61C15BD86A32A0090F447D15534B6FF5B7,144024
training/cpsc_2018/g6/A5016.hea,4EE51CD5967242A128BE845D92B7A1D289BEC5BA9A029B17C555324CF980027F,671
training/cpsc_2018/g6/A5016.mat,259E6C75E1A933B05F1F1D0BB8EF0CDA59238AC68B5876F9B57DF7ED02085376,240024
training/cpsc_2018/g6/A5024.hea,539F4F3CD45F40F6FFB224E838F93BBFB044C420F898E5D12CABCB1BC2487B66,675
training/cpsc_2018/g6/A5024.mat,6DD170E0BD134B497F2961EB14EB8819905ED01AFC85716B426C3BE7C88234F6,122832
training/cpsc_2018/g6/A5030.hea,26A02FDA4F8AD7FF51FB62EB5BCA96847B30D7B051851BD2AFBED63FC0F7F891,689
training/cpsc_2018/g6/A5030.mat,209E8EF80035BAF0FCF5C35099CC57C89EB27259CC7DCFF4E8C79E6DA55E0D27,263448
training/cpsc_2018/g6/A5032.hea,2BF4D7A6B662906B7BE948FE2CAE3931BD3DA2F1E2EA8D767DECCFC0C3D76E2D,691
training/cpsc_2018/g6/A5032.mat,F6A510BC5DF02CB86514C1EF151C4D6951BF390F83130B7F997F82BEBBC238BA,120024
training/cpsc_2018/g6/A5039.hea,75FB6697251035CC4754A554BA3B68616742AC435EDFBFB912B4F0A354FB0148,701
training/cpsc_2018/g6/A5039.mat,E105BD57386E23863A01CDFF6934532BFD0EEA415E8CE3E303B626000718019F,396024
training/cpsc_2018/g6/A5040.hea,BE6C79E4A2D6555D0CC43E5F733E86A8A3ABAFD34E79A9D1011381C14C3A2D54,666
training/cpsc_2018/g6/A5040.mat,E2293C921756456D73B1B47B0826CF703F17DE1E50BD6E1663BC25E3015A37A2,120024
training/cpsc_2018/g6/A5044.hea,3A4A4BC58665D6391110D7CB6A99153DFC65CF0D3F30BFC9965CC9CF9E2D34C7,705
training/cpsc_2018/g6/A5044.mat,17251F6B6479EA16C774D4314D12F06E867187262657F9ACE595260CC61C84F5,228024
training/cpsc_2018/g6/A5051.hea,5AFB00D88AC559A6D994B5DA8AF637AD705C295C802CC0FA6E95BE2C4CCB4A3A,691
training/cpsc_2018/g6/A5051.mat,292D0E25E09ECCC88D214748BFB91B64218628C288880E78F67FBF2D411E712B,295584
training/cpsc_2018/g6/A5053.hea,BB7FD14DCEF0563A2264A963248FD6011EC46B138BB0DF010F52D109FAF2ABEA,683
training/cpsc_2018/g6/A5053.mat,C3A56D3E53369ADC8301E80DADC92EEC26690DD18F070312BBECF9C994B8E436,128688
training/cpsc_2018/g6/A5059.hea,C8B9E71F28DEBE72BC81F36E8DC08DAD3A987D62EEFCA44B5FFBCE3D1CEC1936,679
training/cpsc_2018/g6/A5059.mat,DEC6D70DF08A95AC747CF61F3CF2075288D2EA1A16DF66E54C4D31FCAD1C2B23,120024
training/cpsc_2018/g7/A6002.hea,17AFF1F2BDB492901E22E7263F31172C8C1F565464CE6D5B4B187C212D9FAC4D,713
training/cpsc_2018/g7/A6002.mat,9E4CC1AD887EDA342D069AD05E20F9F6448E3C1EC4701215FA939798F24B40A8,300024
training/cpsc_2018/g7/A6015.hea,DD6EBD606F095D0DF4B89A0560A4342EB968A335B2D9C744D44D2EFFC67A0F98,676
training/cpsc_2018/g7/A6015.mat,8F02322A23B3E30909AB4608F3EEBB5850971E42346562D1B7BDE4BD09A32CBF,495384
training/cpsc_2018/g7/A6058.hea,EC7FA4B3736942F52B82AB48F6AF1B7CA63526B2F30C9ADB1358FAC0534F3BF9,676
training/cpsc_2018/g7/A6058.mat,7E3E68149F0ADF0C29C051FEDBF9C44BC91A5615E7362FD5112E1ECDA360077A,240024
training/cpsc_2018_extra/g1/Q0001.hea,92CA87CDFBB7FB521ABF4338DB6E2481A4909A0B1DA5D6D28B04746DAF51E243,679
training/cpsc_2018_extra/g1/Q0001.mat,C5C2152B140769725E7A10DBBF48170A933959674231747A6001F6959C8C971C,120024
training/cpsc_2018_extra/g1/Q0010.hea,578633935D624B10705F87959276F15B6459AFF5E29921672991326183065870,710
training/cpsc_2018_extra/g1/Q0010.mat,1D8471206703374BBB6A4E6C4F5B56C1D8EFB61CE119191E8337DB920957AC76,144024
training/cpsc_2018_extra/g1/Q0013.hea,B561670D5FF940395C16E0723D515FD3E0B6637DB3A82EF79FE012ED11BF61E6,709
training/cpsc_2018_extra/g1/Q0013.mat,5D023D3E98FF95681CFFA06C3B930C03CDA688F78A18F6F565BF95CD463FB26F,192024
training/cpsc_2018_extra/g1/Q0022.hea,3CBAD89441D9AA016433997F8190E22519EF0F4C37C38D76537974AB0AF623EA,679
training/cpsc_2018_extra/g1/Q0022.mat,C299C546E137629FD258AC3A82EEE36BE1EF2174FC10CCE680DC4A3EEEB8956A,500328
training/cpsc_2018_extra/g1/Q0025.hea,70E1805621E2C5D6CB14F53364DE29AB1DE731504419C8CE2497AD6D1A5A1EE9,725
training/cpsc_2018_extra/g1/Q0025.mat,E1D5C720CCF7C24DF84E0EBEC65450E15045916567153A0A47220249C870FC2E,168024
training/cpsc_2018_extra/g1/Q0026.hea,BDB9FE7BA67CFDBFD5B5A6F64EF578AC307F83DEA08159BDFF2E11151454D621,713
training/cpsc_2018_extra/g1/Q0026.mat,37698C7DBCCBC78C555CEA7BA7856D96A07D7640ED34A2B5F213E449E55EA19C,252024
training/cpsc_2018_extra/g1/Q0029.hea,1E88B2310A420EFED6560C7886818B450DCDE479E514E741A20CA7F2A1B200E3,693
training/cpsc_2018_extra/g1/Q0029.mat,0378195ADD5F55B19818FCDF1080B7640157B79404777FBAC6BBB89DCE557595,120024
training/cpsc_2018_extra/g1/Q0040.hea,A113714BC0C8C9B64022516AD28BFD54CC14033D568C86FDF5B7AA669A3F5D48,724
training/cpsc_2018_extra/g1/Q0040.mat,8C60CBD9206870C661780C5F8F46620015A329E8FB431CB9F15AFA40D1D3010C,408024
training/cpsc_2018_extra/g1/Q0046.hea,723A18C471F2E084DB01D6E8A97B2B3E819EF2366397A78DB83DDB83DA8638AE,750
training/cpsc_2018_extra/g1/Q0046.mat,C19ED0F7370AA34A2715F3FFCDB193E3C1321D14A37AB2379E527CB9FE4C824D,144024
training/cpsc_2018_extra/g1/Q0049.hea,FB417F1E051A13C8B37C89EE03BF37A8453905CB144E6E848F3560F50474CBCF,725
training/cpsc_2018_extra/g1/Q0049.mat,8E42797D3A431B9BE57BE8A81A89F787F9FBE91C2ED178865E288DAF08532CA5,312024
training/cpsc_2018_extra/g1/Q0053.hea,6D255BA62CC986B4BD4D4881E05CCAA9FEFABBC77F9B7A564E8E5B148BECC2C6,709
training/cpsc_2018_extra/g1/Q0053.mat,239BAA7CC3649888830D01D871656431F3AFC24C9123A7B78205488296F3C520,192024
training/cpsc_2018_extra/g1/Q0072.hea,8B5C81B03DD7E2AC5D6B2A32BD2257B2D2F76B0F4F999F5A725AFC210BF344B8,684
training/cpsc_2018_extra/g1/Q0072.mat,54E30F437B0EC294299F93A768F5F99CAD817A8FDBEB76587464FDC197EFE4F3,120024
training/cpsc_2018_extra/g2/Q1037.hea,4B9EDA47C07B05E526D074ED9B23E078EB98922E751E6E7B0B0D9463083C732E,707
training/cpsc_2018_extra/g2/Q1037.mat,108BD667C03F930F7169DDBF5C60FD67A2EB300E080D09575D654EECAEE280B1,168024
training/cpsc_2018_extra/g2/Q1046.hea,35079721F86726DF6E712818538289584A7838687E8D3A96A4B601533C8ADEB2,688
training/cpsc_2018_extra/g2/Q1046.mat,3A6358D45D6FC52A9F100B4B8BD0FA1E6298730737C98DF042637B5146241447,217560
training/cpsc_2018_extra/g2/Q1062.hea,CA082D3DFF7FA64FE3AB5B22073DE4BDBF960CCF04201FFA785B86312652C2FB,716
training/cpsc_2018_extra/g2/Q1062.mat,68A535A05D83267831CF42E6FFF258631B18CF0A99195A1C6A961E353A36CBC6,180024
training/cpsc_2018_extra/g2/Q1083.hea,32ACF2D9DCB46AE184061E6E724F6F497458E8746F96CC1B9207E628C46AD6A6,694
training/cpsc_2018_extra/g2/Q1083.mat,FD8CE138FBE0AAC925ABE639A67C761E9C197505B12FBF48F2D24F96DB677CF1,608064
training/cpsc_2018_extra/g2/Q1087.hea,86AAF104A13B0DDFE7373918596AE0FABE9B18B3C90AE0E0FA925A3B016DA31A,714
training/cpsc_2018_extra/g2/Q1087.mat,3F0083C133D18DD4AF8EA045A9467839B311C4FA45D645EC1DBE0155D979474D,168000
training/cpsc_2018_extra/g2/Q1089.hea,FFA8BCDA5A55C3825828B2467B74A67FFD8BBEC3DD45B7006739C293DCFF6170,690
training/cpsc_2018_extra/g2/Q1089.mat,BC3E93E5D4579C9235D6F1EC7B6905466976054A9CF45B75945905D3C2A0225B,120024
training/cpsc_2018_extra/g2/Q1096.hea,12D4D58642DFAFDEC7D8C15937FFB48C689E5BD3C1647825577C397A5099613D,698
training/cpsc_2018_extra/g2/Q1096.mat,552D9D074EE91B90A947486C1CB8C6E8F6C7E48D89C8D8BEC002A36451161C07,120024
training/cpsc_2018_extra/g3/Q2079.hea,B537FA8BE54D9D974C7F18D37B8ED169B2F0C7FE033FBEAB2A7CE759E9B40E99,713
training/cpsc_2018_extra/g3/Q2079.mat,DF27CC308C066B4E2ACFE9ADA881AAA94E5C8374874AF76ECB2157378F9CB6F4,132024
training/cpsc_2018_extra/g3/Q2093.hea,A0447B03B91221CFD2807AFC93C91D371F0ADAB55A590E0D7D2C5F611AB46937,710
training/cpsc_2018_extra/g3/Q2093.mat,69F89CC941B8BD32B8D24AC9992FE1F5405468CC17A319AB0F786E73529FB92A,132024
training/cpsc_2018_extra/g3/Q2099.hea,5E5455705655767FCD75AC1B0F1CAAD86D6BA1607D6B881CF71016EE3A081E26,701
training/cpsc_2018_extra/g3/Q2099.mat,F99FA5FF182A2F5DCFDFF1E16C77261246F3DCC16BBDFE5F8B838F4004D80EAC,168024
training/cpsc_2018_extra/g3/Q2100.hea,DD35AEB07CABADCF12669140771083D8D271E8E53586258EA55531A5CFBEA828,711
training/cpsc_2018_extra/g3/Q2100.mat,C6920C7A0969492DC449D49BA9ADF4637F5C9C93B45260E74FFB1AAD46258299,456024
training/cpsc_2018_extra/g3/Q2116.hea,667626724550B4B31C8C706E75F7745DE51437A805A77FF210D7B9A5ABDD5810,689
training/cpsc_2018_extra/g3/Q2116.mat,D281BB6DEB7AB13764E0C1427F5B8132A8614C174B75AB04E1F9AF6FEE14A301,120024
training/cpsc_2018_extra/g3/Q2121.hea,501FB40822AFE31EF3D32451782CA068047E508FD442762FF7A50A50C5E43737,710
training/cpsc_2018_extra/g3/Q2121.mat,825890C5D4193A1D1873F3E6A60AC8FAC3E4A227660D0C0C129861AD9F8942A2,120024
training/cpsc_2018_extra/g3/Q2132.hea,BDCDCD1A122A07095C4E11242040D8AE5CDC3A5599F090194937140877387F8D,686
training/cpsc_2018_extra/g3/Q2132.mat,4770A4A571C5DFA1C26410C0CB1C626E90E90DD5BB84BD673C72EFF9F39F67B1,120024
training/cpsc_2018_extra/g3/Q2135.hea,A28B7E17009A04DCFD26326C8D527DE1CA48E9E0136C2D8DE121B0B501535A0B,698
training/cpsc_2018_extra/g3/Q2135.mat,DBBA54A6B71AEF02F53DDECD45052F0020F68F172A711A89E20CA473B7D7C328,144024
training/cpsc_2018_extra/g3/Q2136.hea,73689CAB2A9530E1359A7631DE654E997B640BBBFC6C2686E90E189FDEA2A3C3,720
training/cpsc_2018_extra/g3/Q2136.mat,0EC0F852D8277D7EE26C59C6B6D5C467B4777C87AA683AA3CE752A01B2984609,240024
training/cpsc_2018_extra/g3/Q2146.hea,B430966B9D64795EC2F0DF45EF54576B2982CD5F0D34214C9911CAA56F44F496,694
training/cpsc_2018_extra/g3/Q2146.mat,C4A427710CBAF7C01B541DF64010C8E1470C0E3DA0D0618BD2E8069C8A65AD07,120024
training/cpsc_2018_extra/g4/Q3107.hea,09BD7B0B5410E5BDEB679DB6241D937A69346830FDB89FDE869D7288018315A7,726
training/cpsc_2018_extra/g4/Q3107.mat,5F67D659DC3757C60C22FAAB4D88699A700714AA5C8EAB0883E9DF2E6697799A,168024
training/cpsc_2018_extra/g4/Q3108.hea,B4193C8479C5EAAC829B0D523F9240F76A0EB089CD4842D46F42D693ED2BED2D,725
training/cpsc_2018_extra/g4/Q3108.mat,4E882F02C85F2FED34AF15968F5AC004F4A825BE40AD01BDE70249025EC6B9B2,144024
training/cpsc_2018_extra/g4/Q3117.hea,C7C31F6A5D1688D3B3CA0E06AB6EA621CDD359B1FEAC35B1B4495D37F0ED46D6,690
training/cpsc_2018_extra/g4/Q3117.mat,E37CD14E720E7EEC3ADB061FFAAC361D4925A7DC5BF8FA6988E9492A7B4E5316,120024
training/cpsc_2018_extra/g4/Q3118.hea,7D6E1F7491D3331202F0FB827BE0AF98AA775B8CFFA685923A81D641D006F19F,696
training/cpsc_2018_extra/g4/Q3118.mat,13D47732365F8EA77860C5F030F1AE6CB0AD8E6C7848B3C6CE36105678A39F72,120024
training/cpsc_2018_extra/g4/Q3122.hea,5F9D8D241BE32727F1405C102347806E75A2B41B97B86BBD5FE522CC0296A4C1,715
training/cpsc_2018_extra/g4/Q3122.mat,81CB863C5DE87E998C9EECE204309C57BCCB8D7E7D1239BD07FC1D1878A267BD,168024
training/cpsc_2018_extra/g4/Q3125.hea,705B5AF6E4AA3818DB00F068BBC6895E82C1F422E23EE59703BF692902004973,704
training/cpsc_2018_extra/g4/Q3125.mat,5FC08C063F78D2903C03FB87AC3447617A227335D2E62EF5FA64F1626AB82B77,144024
training/cpsc_2018_extra/g4/Q3126.hea,A25BDBA560FA2D51633CD2A8CFCEC42804C5184F2695979261136F9ECCAFDFC2,738
training/cpsc_2018_extra/g4/Q3126.mat,D4F469AAB6823ACA698C8A70E7444EDC1369589AE9153A163566D86101506986,228024
training/cpsc_2018_extra/g4/Q3141.hea,8F59F535C2B9AD9955F14F42999290327F4F9E0E7C257FAD7CEB0CCF41161F6B,679
training/cpsc_2018_extra/g4/Q3141.mat,D9AEDEA032DB83CEA65AE672D323D53C7D71988AFE0C9BDEC85410512A47C0E7,120024
training/cpsc_2018_extra/g4/Q3145.hea,FFF1E8E78401E9A7B1A13DCDCA40D5E1FB5382812E060F3D2FD6452E78682269,686
training/cpsc_2018_extra/g4/Q3145.mat,BA81A96B6E0E33D4339CCE133ACAF8111F2CF47B9C814F612029CEC7F9F98672,120024
training/cpsc_2018_extra/g4/Q3169.hea,8F61F4F8C6DA8AB2A1758FA4F0CF49DED4F6018FE56D7EBCF9EA1AC1450EE80C,701
training/cpsc_2018_extra/g4/Q3169.mat,2E8820FE688A221E3DF45BF7E81E795DA80D97071322B564A43F880AF1DF7380,120024
training/cpsc_2018_extra/g4/Q3177.hea,18B12CC3DD643BFC61E4F092E08C0452DF4EAE3A00ADDF2E1F9262C1CC5D54BB,711
training/cpsc_2018_extra/g4/Q3177.mat,1782C77D4653C1B159DF178AF1215B9EA2330CF7AA58CCBC335C89EFA3555A4A,132024
training/cpsc_2018_extra/g4/Q3183.hea,C36BB4EF63E8B09D6D14AE36205F17467B9DD4A9222F584439D9EB32A3046F50,715
training/cpsc_2018_extra/g4/Q3183.mat,FF43262C50A4D8296F003756E7640DB5DE9BA541B27D314AB2711BF9D6FA038E,120024
training/cpsc_2018_extra/g4/Q3188.hea,859764F9CCEEAC818D40E263A5C25A9397B2E06CFBE4DB75534C6B4D7AF6033D,679
training/cpsc_2018_extra/g4/Q3188.mat,2684084B81CACE9084E5CA2D6F16046AA8ECEAA7B99E6E639C79AE98348C563A,534504
training/georgia/g1/E00122.hea,BF26E4EBC958F19AC968ACFCAE03060CBA8012B4A87BE83F919857B647A668CE,719
training/georgia/g1/E00122.mat,201C896473E8BB4730CCE1DFEE944885579DDABED4B206B8B5947FAD6EDDBD09,120024
training/georgia/g1/E00356.hea,59CEA542CEC798023861E04903D21D4F166C172DD48D37BEDD78AB9D9D0E806C,721
training/georgia/g1/E00356.mat,E238AA971DA6001FF33C50DE7EDB89C82A056DA10A75C6BB36ED77D45B0B48C1,120024
training/georgia/g1/E00619.hea,D42E2CB16832DEE5803274FFBA6A4102FC6057D9F54A6A409C9B8307AE597DD1,719
training/georgia/g1/E00619.mat,7E1F9E54619E199926D9203AB18BE491C07CB572F3338E4DD9D5D9668CB94019,120024
training/georgia/g10/E09005.hea,E7E1C0C454B640F0B638E2C6608D493CF6AB0375552846EFA56E85852DB6D547,711
training/georgia/g10/E09005.mat,CACA52ABA9E12FC8BAB39E2B9D23D47439873D557AB891BA0EF9E2179C2F1EE0,120024
training/georgia/g10/E09011.hea,6FF51193985234BD2FD1694A034F5CD19266170B324946A968D45AF6F1933F36,722
training/georgia/g10/E09011.mat,886089220197611A0E776D6542B65C3A51A5DFA4BC7BF0B78D395A59DA1A93F1,120024
training/georgia/g10/E09025.hea,C2698B86EDA702F625532DFA41C8C30A0B63C4C8880D9D705949E04960057A26,749
training/georgia/g10/E09025.mat,69131CCA3A72780B87B95A88B1E86611B8FAE693F66AACCE24E308F1AF5CC593,120024
training/georgia/g10/E09035.hea,4C7784DADAFF83473D6B12949DBEAA67A3D7A1C2C8D71C594324E4A9215AE565,717
training/georgia/g10/E09035.mat,011033D18E16062B4CD9FF529998A99F5703ECEC670D33C67000D420E6AD3DFF,120024
training/georgia/g10/E09036.hea,F41380F894E9DC702D11D2F1EF31661A2CEAF0A2BCDD7A3F2B7369F9811B94DF,717
training/georgia/g10/E09036.mat,011033D18E16062B4CD9FF529998A99F5703ECEC670D33C67000D420E6AD3DFF,120024
training/georgia/g10/E09037.hea,93411905F800545D3BBD3A09BC4F0BCB1DBA9C2D3ABA98331A03990D20224EB1,725
training/georgia/g10/E09037.mat,BFDC89B21F5F3F0C95A2774253EED41DEFD8F56900081E4FB217888BF4B925D4,120024
training/georgia/g10/E09041.hea,078ACADB14F3FC7F9BD2BDBAD13CED8F051FBB5318D08296151C5C48528E8F08,738
training/georgia/g10/E09041.mat,6C81CE44D59D60B323A24456A2AE284B95763A8B0392954CD31C26C146DD770C,120024
training/georgia/g10/E09058.hea,923F689978954203C434842EBD902F4DE8E4C0F784C846AD666E9D1673BA504C,704
training/georgia/g10/E09058.mat,B6E620F04B5EDF840FF0D0FB9F938EAA6A64BF5D2737852F18A52A63D348B37C,120024
training/georgia/g11/E10029.hea,7F93E1C6CECEB21294CC44E4F36BDE755D91C8E4B3C430F0096A72920D388E4F,744
training/georgia/g11/E10029.mat,BE4D624C45733FECD203760C4DD74E5F11FD6190A1621D5114BDE599B09DC60E,120024
training/georgia/g11/E10039.hea,0DAB909AFBFB9B71928F477E509241C76E060718C1D306331E2788C90F5EBFE9,728
training/georgia/g11/E10039.mat,32D5F36CDC34CE8EA4410B43970DD5504FD769665B73E6B957B3666E8DE2BF22,120024
training/georgia/g11/E10041.hea,328D979D5D47B6203ADAE91D90E207F1FA9843BD468837C49FB9C14D0D195C2F,713
training/georgia/g11/E10041.mat,6FCDA4573CA6C55641DF0AD8171C82718B3A1E38D709CEFCEB9DBD9B0332950D,120024
training/georgia/g2/E01633.hea,5FBED2C993170E6EA164757B761C9885E420A5F8521EF3FAB7F2B2CCCA25539C,720
training/georgia/g2/E01633.mat,E797E269EE95D0AC2A8AC9DD48C4393BC46C7DA69E81AA51AFC5B334BF804D64,120024
training/georgia/g3/E02063.hea,C8D806F4A4A3D64161D2673D220CC8B70A693C61C4A2163BBE4E890D64B39314,727
training/georgia/g3/E02063.mat,4C4D99DE26209F31D3D09EB297DCD37D8FFB6432586C57B1E9516ED0A796AC42,120024
training/georgia/g3/E02097.hea,DDDDB5BA1B5417E94BDC64DF4CA43EE3F3D67BCEAA5D739642189DCF7AE8A576,727
training/georgia/g3/E02097.mat,FA7C9DB1F3E10266D6C5BC6DED7D397BF98F4996C2861D349CE7F006B1BEB403,120024
training/georgia/g3/E02139.hea,2E0F9B177AF632DB6705567C303CF1B465B1E3B50F20F891C8E1E809395FC98F,719
training/georgia/g3/E02139.mat,051C93C7A0129C6DF3B99EDFD86BD36F559C805003B19A36A61CA22BD1AE66CD,120024
training/georgia/g3/E02182.hea,0141BAE4AB2CEC712F676352BD4A4BDE45CA6E6E8A0B11F4DA995574A096B5FB,728
training/georgia/g3/E02182.mat,34375F96ECE1673C6CAC1E581222D146F457BA03D4E32C718873707BFD0ADDE6,120024
training/georgia/g3/E02201.hea,59E3BF82EEF69BEEAEC9C3B545022838E8AB11AA3A120214080C838F09040454,746
training/georgia/g3/E02201.mat,55B0665BE302C521C693CB43A325FB086FD1CF9B9478F9199DDFDF467A0494A9,120024
training/georgia/g3/E02209.hea,82987C1B8DE1D95E3EB89B6786F1482CDC178EFAEF85D3D8F47BA1ECF5B08AD9,723
training/georgia/g3/E02209.mat,25FB513BA2012A4ECB61B1B7136BAEF1830C5BAC1A237B25BFC4836CF2A93AF7,120024
training/georgia/g3/E02210.hea,DAB568857791B175B425EDC234E08A5C0C48B630D89670F14903DCF3F62D70B4,733
training/georgia/g3/E02210.mat,5C582854E364944123C699F3F86754FAF340D014505082BB65608B45C6D02755,120024
training/georgia/g3/E02211.hea,F6D56AC9E72E63997CE32B98782A2ADEF6D00C105B0F5CAAB259FBC39C57BE05,730
training/georgia/g3/E02211.mat,1AA752B6912B7469B9B1C9AD9DA3B2E9FA3A180DCB259AC2AC8A2E7AF2235888,120024
training/georgia/g6/E05010.hea,B8E30CDC618CF069249C49FDA0E48F3D4C0D4C02B209C5B7DDF09FD05627D7DA,739
training/georgia/g6/E05010.mat,2CE3ACDE20182DA12742E656B6EB4E6CBB5235737456E5DB364E22DA82D89B3B,120024
training/georgia/g6/E05011.hea,BA0507F2650E383D2542FE50FC5FBCDECD35E8E0A760013F3DC44EA99A33B245,707
training/georgia/g6/E05011.mat,B5CCE6104DC4C28790EB8A9F9F86CDB2EAC148E74C4D4EA95B8AC5A4F4E887A8,120024
training/georgia/g6/E05016.hea,1DAB351379BFDBE7A486BBC8A22EF86C67D9B6C270FB1ADB6CD3C4D9103963EB,710
training/georgia/g6/E05016.mat,E54C437E34DA8E8BAD6405D15F90B1759B22E2448B429CE51F30BC5B0924CAF3,120024
training/georgia/g6/E05022.hea,C9837D03C98F251E1E4505261C93CCB59C33772F48545C56A77C3876984814A6,742
training/georgia/g6/E05022.mat,44097087866D7B7FD519E39C00FD695DE61BC936500438D52B7E92E17D1703E0,120024
training/georgia/g6/E05023.hea,F4643E3592CA8AC26139DD7B2D138BEC17A2C2A9EA274F06D111B484AF561294,720
training/georgia/g6/E05023.mat,C4DA5E3D633382C3F3F45BAB7F0EF76A5C8FEA0FB75EDDFD446259890491CBF0,120024
training/georgia/g6/E05026.hea,303256E39B057F3AB05CAF544051F64847A39B901F6CEE8073AD422EF85832D8,743
training/georgia/g6/E05026.mat,86A746BF04A9AC6860E86FA24DF64FF3378630D8A517DA59AF2AAECF27165A98,120024
training/georgia/g6/E05028.hea,41EA3A62AA66C14F65DB45C29A887BA5243D5EB3510BB78FCB5DED935731C26E,736
training/georgia/g6/E05028.mat,BDE470B758044F33F8C39084C0942D09F49F5EE8275651A1FB1EE27FED10A904,120024
training/georgia/g6/E05031.hea,45A25FDE42F9A7F1956EDAF5B8EFF7FFC62EF26F69D5A23538ECD33BE164ABB3,744
training/georgia/g6/E05031.mat,8FD69EF24E41452C51505FF3C03B81BD64F12A690DD9948C2950465FCF17DDD3,120024
training/georgia/g6/E05032.hea,03D83902DC6F91A2547A94059562CD9C3320EECD0E5037C18C579EB1AD870E97,725
training/georgia/g6/E05032.mat,2A4B75E2371290BC3854515811DCB0CA1E83966F4CE976823F5BD45C264989FE,120024
training/georgia/g6/E05037.hea,0BCD7665C815A70AD671AB6DEB85910F76BE7DA338AAF9EA46EE3285E3739F13,722
training/georgia/g6/E05037.mat,8A42606650516D102867C559A03A208F25273F70B801BEF402BC0AC8F6E52BE6,120024
training/georgia/g6/E05039.hea,7B0F61926D46E02ECE075218839CA29D5A110CBA5E34D9C64BF8F3D2B512C7CF,731
training/georgia/g6/E05039.mat,A9A2B9F496474B2BE0D7C17CC46440571C6FA107D5671A943649E759F837A910,120024
training/georgia/g6/E05053.hea,0A07A1CBCE42863B63AD62ECE4D3DC9DDA46CDD90ADA56717541461AD41257E4,707
training/georgia/g6/E05053.mat,1AD9BDA9F1B4BADA3FCA5DE92313E869F0AB3945E320680FAF793DDA098536F4,120024
training/georgia/g6/E05056.hea,696FE8B27BCB792F1273657C84D564CE625AD2B79B9C9104D6ADE333A3EC58B8,709
training/georgia/g6/E05056.mat,8F6C0125917B2D4429679F76C9A30229898E5724E40A3966F77D8244DF4646AD,120024
training/georgia/g7/E06002.hea,9158D9469EBA6ECC5D12190A4761B8821D70D83994A6F8EF9793A2B113802119,712
training/georgia/g7/E06002.mat,164A77BEC3C9D91E1E7B422E6B299FFCF78451BD0F56FDD7307A2867E3C04DE7,120024
training/georgia/g7/E06003.hea,4323B300EA5055F830DDFA0771F9BEA127E816CC45D2526D49700F190891F6F1,709
training/georgia/g7/E06003.mat,79C15E3603B603A3D1DDDFB10936F1B40AF69FE7745484A6D6B865C9BBC126DE,120024
training/georgia/g7/E06010.hea,E3B93FCBD3CB021E91D2D7EB0A0BC02AB0159D6959FDBA4CA05320503F7EC294,735
training/georgia/g7/E06010.mat,3B54A27ABE1E65DA0CD768B1B4102D413F846F9A0E79AD2760072AB978808A63,120024
training/georgia/g7/E06023.hea,EB42C27E32830B2451DC0E2FDFCF76EBDB932148991790DA82E08B4C4F11D099,717
training/georgia/g7/E06023.mat,92977E451D4C0EDF8973048F1749B1D2A633F20283DE672021F084DBE79044B1,120024
training/georgia/g7/E06026.hea,59C04DE289A151DC3C0CD3885B15949EA9D369977D822272B57B574BA201010F,709
training/georgia/g7/E06026.mat,0A4FD814779FE378C5345AAFFA360C606377FAC5DF664EE80B5E09504541CAC3,120024
training/georgia/g7/E06036.hea,01F42D13E38F42F729A269B38DA7C9E7CDF70B895D0D1FAD575E6A9ADDE63A38,738
training/georgia/g7/E06036.mat,929CCD1D4AFE61647F0B0FD981969122EAFB664B9AA73EF62B49D68BA060861D,120024
training/georgia/g8/E07014.hea,A9DEBF17132DD757B2A24ED59C04ECE74AC345B00A3E4FB725CC6601EA6C9842,752
training/georgia/g8/E07014.mat,E8602B2416FE1FD423122E95AD7E3FBD159A3E6EF44F323C759878C606E662F5,120024
training/georgia/g8/E07015.hea,B3C62967A18B648F00E76AED9518FC53640EF1A57BF1447FA9665AEEF63CEC37,742
training/georgia/g8/E07015.mat,A277CF3481DAF19E2033D74EDFC0D1A62EC8DFB3B3D71087F7CBD8A151E8F52B,120024
training/georgia/g8/E07027.hea,A0253052D2A72CB03771F35EE27EF11D7E3C4AA5FDA30E70BE8EBE00985623C7,758
training/georgia/g8/E07027.mat,AA7769BD8F92D43EB8D3FCBF12B78F6777FA4D45817A400238BE7A88DC809123,120024
training/georgia/g8/E07040.hea,D504E23996EF7B1B1F65E4667576E17EABB78F50DFB5322AB9F4B609498AE250,718
training/georgia/g8/E07040.mat,A8B785771D3AB6034775115930079067AC28119EC1640B51E36977B1DEDD3EC0,120024
training/georgia/g8/E07062.hea,1F62763EBA1624ABD56EEB5A4D3C8454E456F515B59AC60FC4D62E85ABBE170A,775
training/georgia/g8/E07062.mat,823CF2860FC8D08C7A10A41424CE2A13798B7A10DA06A102CC2F59FB78EC8B0A,120024
training/georgia/g9/E08002.hea,5021FC7CF2DF1276116438B11D93C51F1B5DF7A0FABB7835809E364E41038FBC,707
training/georgia/g9/E08002.mat,219E92BEA8FB543D4255287AB7D23EF06B2E4C436D3BDCE29495DD79DDF80CF0,120024
training/georgia/g9/E08024.hea,81BFAA505A1CABC08BD450D730F17CB9E9291E1F30B66B1B1B4EDA49CA4C1BD9,727
training/georgia/g9/E08024.mat,66055E7C108FF65C5B45358665663FE7D9AF623FCC0D6CE32A8057B380935077,120024
training/georgia/g9/E08025.hea,0DE6F0741EC587C44CE830694990118A64F59E1380E3EDBBB92B819DE25E14ED,734
training/georgia/g9/E08025.mat,166B913F5EF836BF3C216D61C3F7F5D1A01FB99BBC03EA5351CD51C08ED6D8BA,120024
training/georgia/g9/E08026.hea,5BA2E6C7B9EC672E516E5D55BA67EC87A794A3CD1F60A85C0554421A721F5CA9,718
training/georgia/g9/E08026.mat,BA7E8E2834D1274158030DA750568770A6AE67BA9DCE48AA7F4CD57854B3CECA,120024
training/georgia/g9/E08030.hea,2541BE9B9A15226D1B912A69DC3F40C63ACEA61779D1A923F88B42A8BA3FCD30,729
training/georgia/g9/E08030.mat,4ADB2FCE84F63440A0D30D58A214828A5E64D101DCC06706C550BA96C1D294E1,120024
training/georgia/g9/E08044.hea,05101358BF0A5F2AED3C858812677B6711160FC1084DA837CE5F5B0DAD35A16F,743
training/georgia/g9/E08044.mat,766D1247816BA7B5799A89C44CB36BBF26975261D083538229F73AB246971B6B,120024
training/georgia/g9/E08045.hea,C65979C9613197FBF1DA7DCCC9C55BC86979AA8AB35575DA22375AA0BB121893,754
training/georgia/g9/E08045.mat,ABC5049F7BC69EBE6A7A253DA71CBFA94A7BC3339717BE872F796615463C1BE3,120024
training/georgia/g9/E08046.hea,7D60C55BDAA435A3D060B98042C4DF12FE696459B1D50A4EBF60B7D33F66147E,758
training/georgia/g9/E08046.mat,F9277DEB276153BE855B60CEC9B6E152DDAFB14AB81A7E2AF3F4C92AD2B0B912,120024
training/georgia/g9/E08053.hea,CD3CEA72B283F71B594F1F22E92657A2A708D464CD2FB4391B47D722274CA346,721
training/georgia/g9/E08053.mat,F4343CFF9628375D59E0A0B60BDCB0EC55B668F978D2CE824CC9A66BD26E2306,120024
training/ningbo/g1/JS10652.hea,A816FF453B6EB8BF2EC4C033359003390099BE0EFCD77BD9EC33224FD71D1EC0,758
training/ningbo/g1/JS10652.mat,1D79C6FC434DA9AECE33BD8B3EAC94556A5C69262EF90F2B130EC799DF9F1D42,120024
training/ningbo/g1/JS10653.hea,43D10F79932DF2E47C22594C5B5B29054FF2AD460063B2C101703B2D6F08026C,781
training/ningbo/g1/JS10653.mat,9E731AF7F5327D7D024FFC2608E1C43696A402F5213DE948654CCC6EDA380020,120024
training/ningbo/g1/JS10676.hea,4965702E7E7A484B02197C41612597E9CC709899E0025B5766EEC4B7B2B686D2,711
training/ningbo/g1/JS10676.mat,32C4BFD9D528CAEDC9DAC5294505BBFC4DC96A14A43E305BC43C808868164CD2,120024
training/ningbo/g1/JS10678.hea,2BA384867E64425D098B6686C6D2D40010F87FA8A218C8EB42B1426EF4EA6442,730
training/ningbo/g1/JS10678.mat,8D813183B172F091C68D3C1B1DD494960890B7246A0F06B1C68071D722A7EE6D,120024
training/ningbo/g1/JS10680.hea,2657E574958435E7068321FE3FE14D9EB96E2DDDC762CC2BEFBD7C0FF44EE6DF,759
training/ningbo/g1/JS10680.mat,C2109E4773D6E4D345CE21173BD7FE0B3D0E0CB35DBF9997153ED6E2BD98B6B4,120024
training/ningbo/g1/JS10718.hea,B93A9B679D5A291BE4D661B9D8F0885A36A47E5250D1EFA5E523DD88A43430D6,749
training/ningbo/g1/JS10718.mat,37F2DA3C85D52DEA97812FA20FDF4C9F4ED3E6AAD0930C6653BF3314E52F375E,120024
training/ningbo/g1/JS10719.hea,656A4737738DF424333750840664B27E0B30EAD41B0BA1C8BEF8B16D07AF9016,761
training/ningbo/g1/JS10719.mat,E7CC791C2BCFFB6963A9B18B67A3B18C7A093C8CC83EBC0B1DDB48ABF96B5AC5,120024
training/ningbo/g1/JS10720.hea,66E8223544B873F7A8A6C2EFDD5905B088A05AAFD64F09408AC268E6730080D8,758
training/ningbo/g1/JS10720.mat,FB5FF0CB9D1F6531D1CD2CC6EC2859A640AC6AABE41E329779053529701F7F41,120024
training/ningbo/g1/JS10721.hea,D42A55298D29DAA19B3C8CBFB1E1E3B019BCE02519ABC5E72083B98A986BFB38,747
training/ningbo/g1/JS10721.mat,DD224263B9D181F06048C7EBD45DDB7CF517E582FF6539495DB5A1946CDC244E,120024
training/ningbo/g1/JS10722.hea,5F1DDB6E9CB4D86D15D045509B8F78584412860006B44AF66D26E7BEAB44C6BF,729
training/ningbo/g1/JS10722.mat,698E057A5804BDDAB7E846E046501A91C3654C8B54928A4D370C64A2CE4941DC,120024
training/ningbo/g1/JS10723.hea,65067A28C8C291339B195C4F23404C893AC5E0C91AE47B764CE547CC20688AFF,725
training/ningbo/g1/JS10723.mat,5E45A0E6FD506AE1CD6E2AC0DEBE809E437F4F3134D88B2099F3C110E89219E3,120024
training/ningbo/g1/JS10724.hea,A3459B75EE6D33338692E0E3A76FEF6F16F02F2A6429D3255022936E8FDFEECE,749
training/ningbo/g1/JS10724.mat,1D561F0CBAAAAA51AF3840477D5D6E288BA58B11C6FB308DC926DD4B86DCA9AF,120024
training/ningbo/g1/JS10725.hea,C52A9A5C3214F6447526E04083F960336CF5E8AFF4655138F542F9C63D4ADF1A,753
training/ningbo/g1/JS10725.mat,23A2C4D1C710F75AAC75159F12B956786E97076991F80F0F03AAC091AC0A4DBF,120024
training/ningbo/g11/JS20647.hea,D8818F9C0E518A47CC8EEF063496151878EF0F1DC22CC0C33333356836FBCE05,750
training/ningbo/g11/JS20647.mat,9F224DAB5E5E7FBA238FE10EDBE04989D0716A5D24FE9D3C76A1A2104C35C996,120024
training/ningbo/g11/JS20648.hea,392B909D82FEB6016C170DCBEBB744F30AE2CEFD96AF73417BCA4252C749200D,781
training/ningbo/g11/JS20648.mat,AA13695D19ACE019F1F704F4B1F57AF1D5BF6110CC3F7E378BC8A0F81778F2A7,120024
training/ningbo/g11/JS20649.hea,6DBD35D5AD0FC6A2C1C21A93AD24E34551B5344F6CE199A4B494DE46C7599BF8,750
training/ningbo/g11/JS20649.mat,805D77A18C2D6A5BD4AA1E824B35535D46C753AA695270D0010E947EADB22157,120024
training/ningbo/g11/JS20650.hea,19465002FD5A6B8ABFAFEE36D55FCEE8F4B72CC93079EEFD049C1CCC1167A175,756
training/ningbo/g11/JS20650.mat,763564BD7E41CEB86EF69B62D10B60BA22DDAEB58DA515F88F49881A06552122,120024
training/ningbo/g11/JS20651.hea,FEFC7A091239A4C45A19D7171B61E963C1A12D64C01AA42B47161ED56962D12E,760
training/ningbo/g11/JS20651.mat,BBB1CB0E888E986C81B83C5E1A1D9FBF7186DAECADF4A6AC828123A40E8023C7,120024
training/ningbo/g11/JS20652.hea,24C10A1A04F025E0CEF521E451BAB68F12F2516481B877BC0329F71C66E932C8,753
training/ningbo/g11/JS20652.mat,BA16CA85DED783C3B9572C1A8DAD2E55F4FD4836CC3527E8A7C54A52B7BE6E4D,120024
training/ningbo/g11/JS20653.hea,B4AED730FD97260F6F59FA59AEEE6FDE0A150AA4F9B15565220EF21D5744F14E,765
training/ningbo/g11/JS20653.mat,8EB7519B1059E966336A1AEEAD4D30F1A56D545966B4D5B24F6FB1447604AF03,120024
training/ningbo/g11/JS20654.hea,3655C1EBD5490943A120C00E0A632B07869DC6B657B82366FDAA4EC7B391A30D,747
training/ningbo/g11/JS20654.mat,198175E08C44571A01230FE5DB0C099C79DC7E87C8A8911F5A099D42D5D4594C,120024
training/ningbo/g11/JS20655.hea,F946659513E7158EA100A79ACC22C599D570204FE3405F2852F1E015CDF07275,786
training/ningbo/g11/JS20655.mat,7F123D8E420B8F5A93159CE212CCC89FC390D86C636D95F539221818FE299C94,120024
training/ningbo/g11/JS20656.hea,FC96DC52684691999BB33504E1B77A4F5F90B4A8C8A81A95B46969AB9F36FC22,760
training/ningbo/g11/JS20656.mat,67392AC530B693A2E763474821E2D699DFF457127E9D5D6D13C22F2040C27808,120024
training/ningbo/g11/JS20657.hea,F2BA27ECEB05CD20472C60F5CF79786FF879C172F013963CBC56D7B6718A91DC,770
training/ningbo/g11/JS20657.mat,D8B8B5F06F80ECA483833DE64B743E55C7342EA4B081D615254DC4A68D169DEE,120024
training/ningbo/g11/JS20658.hea,4B0B5B93B528CF165B0285AD6F12F161BE19882A1F5D535DCD71CA1EC889CA6C,763
training/ningbo/g11/JS20658.mat,F1D49B88E61641A1AC3FFAD6033046887BF8752F80944827FB6B4830EF8B7AF4,120024
training/ningbo/g11/JS20661.hea,57729B3C23348C5BCE3E59F50B50F9BD736F9DF4734D161B71FE4D3E1D2B7DC7,755
training/ningbo/g11/JS20661.mat,30AC70BA8D652E7ADAD9D34AF29895A4ABBDE852624C61DA4A752DA9DBC302A5,120024
training/ningbo/g11/JS20663.hea,BF069E078BB163FDFA6A6E49A4D75BCCFCA808A4D86B8B0C48DD21791B488B06,762
training/ningbo/g11/JS20663.mat,6A8CA40C389BDC4E844CEDC12F6DCF01BF289037332337CCC8BCC84473CFD777,120024
training/ningbo/g11/JS20664.hea,6789B6F17CD6E76448DA339F3754674767AB04E3E7BFDE9C71309898E829D59B,757
training/ningbo/g11/JS20664.mat,E5F2A2A91D26FA09A5E505CAFCD76855BC95D1F346B1EF0B9A631FAF5CDFBC26,120024
training/ningbo/g11/JS20667.hea,F8BC4E979F01BFD06022E3B9F1E9C9CA4DAD2C2DEDE836101E5732E8FAF13716,761
training/ningbo/g11/JS20667.mat,E9E13375D67189047D028AAA3CDBEA04888A9407E31E47EE6F78FD881869549E,120024
training/ningbo/g11/JS20668.hea,54FB0F06F576987F27393A35E65071D2486870FB13478EE1C19ED99B82CD6BAC,766
training/ningbo/g11/JS20668.mat,B0E3ADA1D0150CE792875AEE6AC91C79B0EEC0121C482FBD81EDD1ADA9AF195D,120024
training/ningbo/g11/JS20669.hea,732CEFCE7398980A8B4D5E13EE48821641784A2448D11FFC08A3152E58A49E6F,749
training/ningbo/g11/JS20669.mat,B4FE5514E4F0E819E514C9DAEDBE1AC2660A5A1FF95334908DD82CD67D90F084,120024
training/ningbo/g11/JS20670.hea,46859F54FA682369A3E1EEEB0D427C9ADA69C7FCC04DBF37CE6092F6DCC6E6BD,753
training/ningbo/g11/JS20670.mat,4D4C8E1E4BE5ECD75E5708E86358C69DCD07E4595BEEFE0C4707D45AF7D10AC2,120024
training/ningbo/g11/JS20671.hea,5AD23CA3DC2A7058FBA2C4EA716C66DBF0A2195D59B1B1D3EF57DBACFDE23D08,736
training/ningbo/g11/JS20671.mat,2777C645D5F7D5D00AD82B858B7B4C554AC846E0AEDF75E9293C008214C326C2,120024
training/ningbo/g11/JS20672.hea,2C17D6893B0C7575BFCE3AD55B81CAF6DDD75C61D8B53FE9625AE8F8429C457A,750
training/ningbo/g11/JS20672.mat,FBE9BC1D52EC109D7B082CB1C732A02E6917777FC5FE218117CC53F75DC9EE76,120024
training/ningbo/g11/JS20673.hea,7C717952B467AA2B6865D8D7CB033662A7D43A7FCB95933AEE1C458A3478105B,738
training/ningbo/g11/JS20673.mat,CCE42BFC25E4A79663BFE19BB4B96D29D53F02A6E8F919D26C2A37C1310485F5,120024
training/ningbo/g11/JS20674.hea,095C085936DD161767D325EC01A9D05931923C51DE1FC9FE707DC7742309AAAA,748
training/ningbo/g11/JS20674.mat,490C09252DE10BD4EF3B5D910322CA3E27187963B3F686F75D5B167E14F557E9,120024
training/ningbo/g11/JS20675.hea,BBF31D7CAFE3727569F32E3FF6EDB5291CA249828E3EE387DD56588FD2B34417,756
training/ningbo/g11/JS20675.mat,4AB00AD7DAFA96A2F6F4FC707D517FE9E9F7891B102237022D237F1EF4525DCF,120024
training/ningbo/g11/JS20676.hea,6F1B9FE0ED97F5C18A45171B0AE407F98937680BFF98C21D6F37BD84FB634772,757
training/ningbo/g11/JS20676.mat,1C7463FB8B49C1BD9E89F19DB9377052EBBAA8E0995D7C68DDCD142E1E7981C4,120024
training/ningbo/g11/JS20677.hea,2515AFF755989EC939DA88DBCFE15E323272F0BE82E904B5B95C6C57E35C43C4,773
training/ningbo/g11/JS20677.mat,AF0D55D2BA90F8DC925F32F4C1AA1363492A9D5C1A81540FA762B7BACB848C67,120024
training/ningbo/g11/JS20680.hea,2018F03B7D29D20188D983CCA09B215A8D4C2BFD52555D23EA62D19F06351C8F,757
training/ningbo/g11/JS20680.mat,63BD0C2387B2A2F0E37AA4D99D5108C179600377618201A570D2C14EC48F485D,120024
training/ningbo/g11/JS20681.hea,BF82030250EEEA20B46403342D389818CD73A5B85465083AFDECD7A91B0CB87E,759
training/ningbo/g11/JS20681.mat,7A173E97F0613001E263B9100541803772878ED925A669F1A2A9E64DF6EB9596,120024
training/ningbo/g11/JS20682.hea,2F7D22BB623F460F0A74CF845B82C8456DDB6C03F7CFE4B0CF16748B1DF99FF0,778
training/ningbo/g11/JS20682.mat,8F2B8F3E94FC0D17F3A05739BB972F2E935788D128E51A673801AD3F58021062,120024
training/ningbo/g11/JS20683.hea,9BAC4354E8951E8EEC2A64BC2CBEBCA02298F09B5C999F7C467A3C8952CD5961,783
training/ningbo/g11/JS20683.mat,D18ADB4AE6A5A8E78B0CB030F94A865DA20D6DE08E07E4C09F8647B87BD5A634,120024
training/ningbo/g11/JS20684.hea,19E93D4707A900908172737606217FF7B4619BAA43715191C3581BA60CACCC9F,778
training/ningbo/g11/JS20684.mat,2C4E95F392E92FF3866F0B5C3194681055234AE330740C8F67634695FDF81F85,120024
training/ningbo/g11/JS20685.hea,15752636E995D96DEDFFAB6619926FC1FB59658460FE75B983CB19ED1B077BF9,768
training/ningbo/g11/JS20685.mat,D193B3B14F00430754D8765831516021536306E6E6692339E522AB898C4B7DDB,120024
training/ningbo/g11/JS20686.hea,28B05F09BFA024ECC4AEA36E69EC3042F3F3F7FD3ABBCE594F7C5B65D69C107B,761
training/ningbo/g11/JS20686.mat,EA08B12EA7BAFAA0CC277A02CEBDA474906C17FDDECF41210AD1438E30D11F58,120024
training/ningbo/g11/JS20687.hea,2EAEC948E06E426E6336C10E6766E72E336B0F24D13F8CEDB6214E07D7F6F0FC,762
training/ningbo/g11/JS20687.mat,08ACC048067DC4D76BA91B9DCDA65CF703C53B8358457E1BB427D5A2FBFC92F3,120024
training/ningbo/g11/JS20689.hea,7B380D27C11F82FA523A2F77994721589F82FF52B812EE1CF424C2C909117BEF,759
training/ningbo/g11/JS20689.mat,C658A6FD0D2BB159496C994E43353C07B95CD8FEC12F0B5312D5828E2520E90A,120024
training/ningbo/g11/JS20690.hea,BE104599CC80D990F26574AB6749F3BC09CDB97E6E85EFD3D5CDC2252A3749D0,763
training/ningbo/g11/JS20690.mat,1D9004EEDF0277D377C599ED737BC529123537FC9DD7EA76CE99EE09BFE94BD2,120024
training/ningbo/g11/JS20691.hea,5B47BFA3875887275CFC2462ECE8CE80EEB4E3A1EF54E96534D524ADF948E31D,741
training/ningbo/g11/JS20691.mat,E89997211D9275F4B72EF7B604A3619F3694A7C0FAA27DEC1B9EB9B3A75BB1DB,120024
training/ningbo/g11/JS20692.hea,0759406F037451F5298CE5F597479B66165A7DBF6CC9A6050BCD2ABDDC135D2C,774
training/ningbo/g11/JS20692.mat,F221B552655588FAD6C715004627D69BD75958C2C353092495D70B454586D751,120024
training/ningbo/g11/JS20693.hea,22D04EAA9ECBDA333C3DD40CF595455F41CD52F0CA1B6EA20168442E51F2A97B,754
training/ningbo/g11/JS20693.mat,85967C11A68D5EB5FB91BBD4BC3DBF8FF1A66FBE78E7952AEB952C74C256FB3D,120024
training/ningbo/g11/JS20694.hea,270124E38EFE78E4EBE02FE40A4C019DBEBC690FEA35FFF5473B465E3B239EAE,753
training/ningbo/g11/JS20694.mat,5B5CC07A37E8A6CA4BFF37ABE6F3245F34EC01B2F3D3EB8AB63E95FB6CF0C52F,120024
training/ningbo/g11/JS20695.hea,126C5CE8E5E2C1AF0E1BA7883516039DE46A982B70D94F38C13411797BACC10B,769
training/ningbo/g11/JS20695.mat,E609D9BF77005ABEA42F1439F068BD93D9E4A214713694AF5AA60761F434A913,120024
training/ningbo/g11/JS20696.hea,4C4F3032B82EC09E1915A34A49AE104989F1D01EB24428652508FC86C2A8CA06,765
training/ningbo/g11/JS20696.mat,8CC1C85FE871C158149263453F7D4D16E054132609A18D0CE45A6BB6A4D731AA,120024
training/ningbo/g11/JS20697.hea,642451407F17E1A799682EDADE5E19936561E89C030B3927D31FA73F8B3E8F09,754
training/ningbo/g11/JS20697.mat,060FA015436321F46C5746482B56A5981E6B52E7CEB44D98FB87735EE42E473C,120024
training/ningbo/g11/JS20698.hea,C0C4D6ACCA10B375A922A927D547C7C4E886E09EE9F7530C4C49C920878E2064,751
training/ningbo/g11/JS20698.mat,550830AB5DCBA5E1D7D9858BF506D4C1223E976F7C36B10D94FEECDED381D54F,120024
training/ningbo/g11/JS20699.hea,769787BECD42D1BF7710FAFC96972249F4A5DB3D5EDC0416F9D8B257722A4549,758
training/ningbo/g11/JS20699.mat,B7730714F01AD534040CFEEA70B624E3AB576D691EFE9254EE12B56FA1BD5218,120024
training/ningbo/g11/JS20700.hea,3BCB74CFDA09F31BF69FBB81CC3381E54C57D58175E79A3EB950A8F946D8DCCD,782
training/ningbo/g11/JS20700.mat,824AB795015830469A1E1F3590659FF516B86BF2146DF73F600E2B36A93B0340,120024
training/ningbo/g11/JS20701.hea,01D89AAFD0F8F8F72278931C5D3603592828188D20338CEC078F55DBC1590A44,749
training/ningbo/g11/JS20701.mat,2479F5B921671591297322712F2CD1398FE6DDD932805062314F6C8CE521F4BB,120024
training/ningbo/g11/JS20702.hea,83FD4F074CA6FF37B4350DED5A51DD2092ECCBA17A15C5717FD99F77A6CB7BA1,748
training/ningbo/g11/JS20702.mat,D2CE53D460A245D171E48E521DD94A3BC82874A4D937B2BB82C628103496F270,120024
training/ningbo/g11/JS20703.hea,C371E783A7ADB3E1B5B6250DAF7C2B6960EAFC6C6FE0431823AACA8F93E4DE8D,765
training/ningbo/g11/JS20703.mat,2EA7BDA095B6C6369CCCFCA46BFFE1BC791D4CA4ED7A99C51BB17D26D19D507E,120024
training/ningbo/g11/JS20704.hea,5DEF0750C645E1D7C7BC4B62F24B4072AACA4469B15D2DE9533ED9C5D51A7442,777
training/ningbo/g11/JS20704.mat,9A9C0903CA98477FA95B56B984176201C416F417251A4FA06C5B1EAC48FC6570,120024
training/ningbo/g11/JS20706.hea,4F76521AD5612622060BD956D476133AC8259CB604435BB943B6480BF38E7499,746
training/ningbo/g11/JS20706.mat,7B04524963421DDCFE1682617468156D2D5F0E3605095169917ADED86EC1E158,120024
training/ningbo/g11/JS20707.hea,229281E45E4AF5A79CB075471C458BB59E320BC0FDCE4EC2E76209F694F833DB,753
training/ningbo/g11/JS20707.mat,CC73347D000D47F5EB4B895E515ECF3210F2548AAB6F174E8397D5C85B54F46D,120024
training/ningbo/g11/JS20709.hea,01D4B27C9ADAFF6FADF52B3A88266B9682756E57E6B39521626F33D6B847FDC5,752
training/ningbo/g11/JS20709.mat,ED2B80C41F68432913AFA7201A78F8B3A9F222F56DC609678A5318B7956A317F,120024
training/ningbo/g11/JS20711.hea,D5CF5FDDE06812EA18958B61B93B17F6EEBAEBCC0FC79404A26CD1E6BB7DA4D4,769
training/ningbo/g11/JS20711.mat,1FB8C0DE15F98C17CAB20EDE5E805F8F61FDC830D964B948018553302C2132A2,120024
training/ningbo/g11/JS20712.hea,074522314156D34BCD953F9771825F9F46C4DD1149E6B541C5E2FCD44763D97B,767
training/ningbo/g11/JS20712.mat,894D9C30BD0ADAF1C299B5700971BC509ED21C40228D35AE85A4D822F5882993,120024
training/ningbo/g11/JS20714.hea,92F7AA944E79C8264D5B445407AD74484DE5F32824D34035C9A3C0EB3EE567D7,757
training/ningbo/g11/JS20714.mat,68B9F77B4EE6601BFCA01A0748C6D4A12A12381EB6BCB457F45625069A1684DE,120024
training/ningbo/g9/JS18663.hea,3CF73719832025D09FE1DB03CA3B8D6D40EF98B11C658B604448A954B6F39599,782
training/ningbo/g9/JS18663.mat,1F338F1E1BBEEB548ADB6A88DF5A73849215A784E74545C7BD943CD9F4F76070,120024
training/ptb-xl/g1/HR00001.hea,C5524DB6921DEB95D716714856B7AD9A4874DD4F336B1EBC3245CF7E6F184524,747
training/ptb-xl/g1/HR00001.mat,34471B3F985D637944673B4535BB29492C1D76A17F73D93A7D05B793356711A7,120024
training/ptb-xl/g1/HR00002.hea,F431182A4AC1FF2388C0A0736F2B13B1749E73BC1120F89410E00A9312B82737,745
training/ptb-xl/g1/HR00002.mat,80C81D74F02849E2B123026EBC9C771EAC11E6F931977E2BC0A4BEB2542ECB7F,120024
training/ptb-xl/g1/HR00012.hea,F89626158542C90F23DA1ECA1EC593520934885976F80D5D7F6D3E306E9BC63A,753
training/ptb-xl/g1/HR00012.mat,B68DD2B4B8C7109253AB058D81FE4D6D813A6341122938D57005E861C6AEDF85,120024
training/ptb-xl/g1/HR00017.hea,6851365215E35AB8FCA9504473EB0EC44DD8868A777AB5942B8A6CC91CD4F22E,776
training/ptb-xl/g1/HR00017.mat,5B8AC5DA7A04119C5548C512875F3FDF6D3F7088EA8CA50C3EB441389ABD5BA8,120024
training/ptb-xl/g1/HR00049.hea,8D6EC99F50324479A815105CABBEE1D420337FF4EC3AA2692D3B0852BE0F8015,761
training/ptb-xl/g1/HR00049.mat,ED0721E1F37BA898A1DBE01B5302F8DA6CB094D10A6A41EFC830460B4D9FF6E8,120024
training/ptb-xl/g1/HR00050.hea,55DFF4696348EECD7117BDF9EF00ED7B8375A71983D16AF0BFB93CA3FDB886F4,780
training/ptb-xl/g1/HR00050.mat,99CD560A9E32E74EE77962A57D384365244E2ECB0D558330C8C7C22501E9223E,120024
training/ptb-xl/g1/HR00069.hea,9F1F3413583BB10B4B643ACA9FA56EEE30E960CEC9C890CB5F9F793C950B4DED,758
training/ptb-xl/g1/HR00069.mat,81E94B434A967C40E74C6DA3751BA8954D3D612380CE0D9517004ABD9FF409FE,120024
training/ptb-xl/g1/HR00078.hea,755B023ACCCF18588EB5283BE97E0934101A439DF84FE591E0AC3DB6C37D8BE0,740
training/ptb-xl/g1/HR00078.mat,117EC0CC9D1B12B8CA698BB6A266B97F47FC660EF59A0DC7FA00BC02B4C144C9,120024
training/ptb-xl/g1/HR00102.hea,14CA4321D9C96E317E4B5343A7D5075411EB6039D2C95815DFE4F191C566C726,773
training/ptb-xl/g1/HR00102.mat,C6794A8736D3C607FEE53ACBB19D970D6734E2105818E6A22E16ABD596CF684E,120024
training/ptb-xl/g1/HR00103.hea,0F7366B3630C7EF4E89DD15362A00DCE909133E029158C9F507C6749DB00F885,783
training/ptb-xl/g1/HR00103.mat,2B1B2D73BDC694CAABA9E8255183FECA127771A1E4D7F96A4C236A9DC34D3E69,120024
training/ptb-xl/g1/HR00108.hea,234C8435B514C293D10A6BF1005A8D7A680067A064C9CB0408099116B869B31D,756
training/ptb-xl/g1/HR00108.mat,0F3CD862A5EB38450A16AED66FA8DD922E201893FEA0E65E8D046D5EF34558E7,120024
training/ptb-xl/g1/HR00141.hea,724136D8C791C6331F71ABC36CC5BCB04E0E0FCD1A91E94CCCE23A14A5DE258E,766
training/ptb-xl/g1/HR00141.mat,0181A625261895368AB20222BD1A15674BA73E34DEF9674480B375E10A807765,120024
training/ptb-xl/g1/HR00152.hea,A06B2EA2145CB63ADC0EC7E0ACD14336FDB830D639389C24DAC0EC66D403B1F9,755
training/ptb-xl/g1/HR00152.mat,46D1A2C5FB9602B3A183557F92FA03AD3A404E7C40293ED81B341A5AD894A9C9,120024
training/ptb-xl/g1/HR00170.hea,FF3851256625424BD8E36A8A6B3B829B20A14B3B173A8059ADD247F544ED0C8E,772
training/ptb-xl/g1/HR00170.mat,39D8A2A39FB4B836DE53657E09666FC14ED892E642FD90946039D36F89F19145,120024
training/ptb-xl/g1/HR00172.hea,3CB074136270D04647A61BBB8553268AFDCE817DA01A643A1846F76F7A2CF8D0,760
training/ptb-xl/g1/HR00172.mat,5B4CF6E705AD6B228461813E59B2DE38DA35EB3ECB3B8812FCF1B173C1347304,120024
training/ptb-xl/g1/HR00180.hea,DF23B6344710C6A73812133468D8590AA7810CD7E4CEB67D5827390F86DE37A7,754
training/ptb-xl/g1/HR00180.mat,C10032AC924321870B6C9631B092F906E0FA627FA9DD7A891C78FB0FBE0F2FD9,120024
training/ptb-xl/g1/HR00182.hea,C0C0E21C85DA97570CE1FF1D07E173E48D053F3186DDE66132581EF9FE1F4BFB,766
training/ptb-xl/g1/HR00182.mat,8D92C3E4777C0929C38921FB6F07DC44B8A7310128C161505B268ABD5B3FD268,120024
training/ptb-xl/g1/HR00191.hea,8FC64FDFAF4FAC21F0A5386504F3C6BD6884A8D55223278B2A060D77DD4A5160,741
training/ptb-xl/g1/HR00191.mat,0141CD3AEDD1F469F551F21D9A97EBE8F4006B28E9B7B1F3CD489B9D77FA86A2,120024
training/ptb-xl/g1/HR00195.hea,87D6421405D3ACD6143C1F3BC4E1AE0B9F902993FE4FD93A23260D67C5857498,759
training/ptb-xl/g1/HR00195.mat,F2613E6EE8BC9A3C6C8CCBD0DD6AC731F50F5ABBD8E7F38A87534EE9C4D84666,120024
training/ptb-xl/g1/HR00209.hea,6F78AC353FC2985D7886C95F1A261BEDA17530238C5B50E15B2EF966A56C675E,770
training/ptb-xl/g1/HR00209.mat,CDBA6DFB2B5A568BC3019741776C12E8097AB0F005EF805CA6AD960DFE7F8540,120024
training/ptb-xl/g1/HR00218.hea,CA80E0F4B24E0270B0D74C64EBAC3E4534C44268439827F9ACAC6375EA74E33D,758
training/ptb-xl/g1/HR00218.mat,4A4252803D60D27F38451C41EAAEA8517881942F5864EE59105A0170200D582B,120024
training/ptb-xl/g1/HR00219.hea,335D6B148C0ED84E8376EC8EED6DAB29A249AE71704C73D1BF08C80BCBBB8661,750
training/ptb-xl/g1/HR00219.mat,20ED23967612A3A9AC3767C3644C6F65DA4B4A76B395746A7109A6145F64AA59,120024
training/ptb-xl/g1/HR00225.hea,559F7E5E779556E1E4B076A2CFCEF9C597E6AEF9966FB3A6EAE8CD51648DA42B,748
training/ptb-xl/g1/HR00225.mat,18B37C1B1FCA54F92BCE67C8DBFD82FD9524F5438254AF653F3AF39E7279E57C,120024
training/ptb-xl/g1/HR00234.hea,DE08D493B629E8A81473D1B5AEEE8EB8A96E8F1B8DE21292F5C0FED082BECA82,774
training/ptb-xl/g1/HR00234.mat,A2917C3B76BD9C431EE35761420C59271060CB712F2B6C020EDC602EC5AED50C,120024
training/ptb-xl/g1/HR00235.hea,853F2BF11CBCB6A8F12E42FA1154CC22CC5B26C3E1ECE35246F162FD60391EC5,771
training/ptb-xl/g1/HR00235.mat,1E4F2D30EB82E22F189E48AD0DD57581342162F87A03DA05C1E963BCDC7F8B24,120024
training/ptb-xl/g1/HR00240.hea,20A2E535287D3BBE7309A4D600201D7B97AA176FE3BCB24E73F9EEB2C5593E03,760
training/ptb-xl/g1/HR00240.mat,5986ED866E86E32BE202E82FC2B3DD978F45D0E2A3BF4BC0ED975FDF079B5DD5,120024
training/ptb-xl/g1/HR00257.hea,41EA13999A1E8DF98211765A254413378DCE20CEFEB946DBC015EC90BBD3ADC6,779
training/ptb-xl/g1/HR00257.mat,52AA43282B5C28431E42D2E7C12ABFFF4D613DC63252E1119C3956F5B4A2D324,120024
training/ptb-xl/g1/HR00263.hea,A1153C39E80FC3C5CB675689573B6EAB2EC71B358AA8794C858823DD78566500,756
training/ptb-xl/g1/HR00263.mat,DBE86C0F612A2EF68963CE09A88EE5EC08D4DFD199BD52A3F17A731D00340408,120024
training/ptb-xl/g1/HR00266.hea,F3ED8C6329879E8EF276D785A1CDAD0238317D7D2145B3D60FE1B6AD112E450F,811
training/ptb-xl/g1/HR00266.mat,801065F0E513F81B12C0841B4521A737FF9C0128731BC17D287C6C9C2AA7C41E,120024
training/ptb-xl/g1/HR00270.hea,93744E7746C6DE8B81717DB3CAC6DC21AB3B6B31663C194EFD110E3C9C8D9522,755
training/ptb-xl/g1/HR00270.mat,1EB6EE3C49F7E93360C7D821DC04AF06F02A2B888F15DD85BE06F55D8CC68D95,120024
training/ptb-xl/g1/HR00271.hea,483E0972D32198F46486DD761A9B04B087D30C49C8A3045B011BE140CD277EDB,791
training/ptb-xl/g1/HR00271.mat,4B16016159260D0C89D0971907C0798E2EF61E7DFB315BE771872B71DEF424E6,120024
training/ptb-xl/g1/HR00279.hea,720C64CFD100D52E71E1B1F18C7DAE8837E21C6EFA225904F1C58CEC346B1012,755
training/ptb-xl/g1/HR00279.mat,5D48CBEEC5105D03A6B5AD3896091799BAC3F3A56709D3D23299455291CAA09F,120024
training/ptb-xl/g1/HR00284.hea,0E53301AD2D38203A5F86CA6CEBF31AC0D326C3A62941D63553E1E4E7A1C69C5,805
training/ptb-xl/g1/HR00284.mat,66C6499C8ED3163A4DADB219D260CC13F32C997AF9D9C65C5BE21E3501356B9B,120024
training/ptb-xl/g1/HR00286.hea,6322C03C045E3F2A2DC8F9E134F47B3439E01E1A3B19E0F57DC17A462891F1E9,770
training/ptb-xl/g1/HR00286.mat,F358A5B0C7B65CEE728D5F0C36578377B1C7F3AEBBFC7746D654C58F5CCF3F13,120024
training/ptb-xl/g1/HR00289.hea,923BD58451CEA241C6C7A534315F21DAD6A88442FAC507F048A7D3985A8914DF,756
training/ptb-xl/g1/HR00289.mat,D8527861DE707B5F819D8084A1A82CE028C4915073CBA66224FE266D5C4CB507,120024
training/ptb-xl/g1/HR00297.hea,8813700EBBC023D325ABE64F9F65061AD3271F0D139202846B3C3B587B3D07A4,756
training/ptb-xl/g1/HR00297.mat,74A5E8CA9467ED0EEC7B6725752C554794CD7482AF1684140645B2888B339452,120024
training/ptb-xl/g1/HR00307.hea,AF623477AB4A259245F6B92EA939AB52F178C5D0397BD220B37B54C8728E0F78,783
training/ptb-xl/g1/HR00307.mat,B1AD19DF9577CDFAEE62E8293D0053B6E0A3F466FFBF2C8DA96FAB12877DCB49,120024
training/ptb-xl/g1/HR00310.hea,1F3600778860095710B583B61EB8B17FA12FFA0B4190E2F56C854CCB70EC82F4,771
training/ptb-xl/g1/HR00310.mat,7A39B296B6A3E2D6336013B7F867684A91D51996440822AE10D9E4DE2523D33A,120024
training/ptb-xl/g1/HR00318.hea,8206B9BCD4B72A11D7A24BDE848200170498CDD5A033B0924507939D4AB41750,774
training/ptb-xl/g1/HR00318.mat,2C34C634C678AF9CE75CF2D0BB6B11F4AC361DAC888F1086B66184E89DD40338,120024
training/ptb-xl/g1/HR00321.hea,237791359A217C55BD224A1B67C0681156FBBD23676000B1373AA37FF7322AA5,764
training/ptb-xl/g1/HR00321.mat,E13B42E9384ABA9F09C0896AF3D6605825BFD77610E45562702C65B09DCF5DCB,120024
training/ptb-xl/g1/HR00330.hea,CE3E1E893863089B1FFC7D7470BA9B11EF6C21344EF549FE514C345E870FE799,758
training/ptb-xl/g1/HR00330.mat,C28B49A6D67493C2CCA06DC6CDDCBE585091F29B071C46BB61CA7B0A6D7C1879,120024
training/ptb-xl/g1/HR00337.hea,D275BD134F92C5BDB0DCBCD9B4A740D6FC4875D30E40BF4D847B91EACF5B879F,775
training/ptb-xl/g1/HR00337.mat,896AB15F61713110D30290C45601179A88F334928190F65BEAFD4DD60A65DB50,120024
training/ptb-xl/g1/HR00338.hea,BB7B5C33CC10D0FA926F7E849DAF4652FFEA13CE7FCDCDFE763DB287005BC9C3,752
training/ptb-xl/g1/HR00338.mat,A4FA6D96C10F83F94113EEDCEBB33810B5308B6F6730E29CB1DB28FECBED66D7,120024
training/ptb-xl/g1/HR00348.hea,0F768B8ED4D2378F52F6EDBA69094B6EA0E1354F09B18377D3C3C61B166B3FF4,776
training/ptb-xl/g1/HR00348.mat,862F4995081DD64CDFDBEB2C012B1C3086A6F55CCCD32E8133A50AFA433A748D,120024
training/ptb-xl/g1/HR00349.hea,070A1E1ED307013ECE3774959DB464D78A1DA5B6096EC506915A4B8729B37977,796
training/ptb-xl/g1/HR00349.mat,AA96D00677C6F5C0248B71C8BA03E47544C388A3D0B47EFFE76FA486B5846852,120024
training/ptb-xl/g1/HR00351.hea,6A7C11FFFE2D8AD41787B3AD6A19E55216D26FFE8686B5F621699E159A6BD6CA,746
training/ptb-xl/g1/HR00351.mat,1DC365FE031FE7F9F42EDB62C9AF936D6856C87B74CC580D4A39056C4B6B6C9B,120024
training/ptb-xl/g1/HR00363.hea,A57AF9501B30A7F28162F6FEC855929D6AA3702D7AA393C33AEABF8F1E8A8AC9,758
training/ptb-xl/g1/HR00363.mat,C37D229BEBAA39BC9802098CEF66B0D1C4C3A5EDD4D7B58174704F79A32A7257,120024
training/ptb-xl/g1/HR00407.hea,F5B247858E6295EB00BED117F440DFF04305F7F2CC1DA334C57FB04DB6B2A370,762
training/ptb-xl/g1/HR00407.mat,5906A6C8FD27EFA08F328BB7024435CF4067643AA6B86D1B2393F21A9C9079AA,120024
training/ptb-xl/g1/HR00409.hea,94B8B2D72C643283E55CED22A1BB3BE6324F0758911EC0A18F7D4948E79B41BF,770
training/ptb-xl/g1/HR00409.mat,4B422D6B203E14467669137EA3ABDA84C40D63A738BA8DD3FA2E43C3AC3502C7,120024
training/ptb-xl/g1/HR00421.hea,4DD1D7BA653E433B8A615B09599D6460C494B6A949D14F513BD5487439DF2F79,752
training/ptb-xl/g1/HR00421.mat,22F5F856EB8144DD0E2639C5F544E21328B0958F035FC159166D80123E0CDB21,120024
training/ptb-xl/g1/HR00424.hea,113400E96CFE56012B5272DF2599F2D5E7FE948874284D5B0FF1A9D25A97010B,769
training/ptb-xl/g1/HR00424.mat,B46D62936859A567AFE70E68CF399BA7011F1CF0C9CDE01B2A00879FCB27D6D9,120024
training/ptb-xl/g1/HR00425.hea,1EB985E80E0BFBF1DA565758408B6ABD938F1775D954D360D8F5B9E073B0E369,820
training/ptb-xl/g1/HR00425.mat,E7BC0ECE866171079002552FB98C3A380170C01673FBD52995DC7582EC0A4039,120024
training/ptb-xl/g1/HR00427.hea,8283A2A899FCEF3DB8B6087557DAD007B4B309EB931D718376FE1AFB96D91748,760
training/ptb-xl/g1/HR00427.mat,05A95B959E85909FA232CA3D408B334BF5B00FA6BB775DB0E7924E373E6D7F25,120024
training/ptb-xl/g1/HR00428.hea,88E1F82D5E86D71A2C16E8DF11AF9021FCBDDA2468FAA0D19BEF9D2CD03116D1,770
training/ptb-xl/g1/HR00428.mat,538A2C5B188D708917F4BF1408CD21906892A150E4628E8757EABD7225E69CD0,120024
training/ptb-xl/g1/HR00436.hea,7401AFAD29DAC3917A39332AEA43D79848561A2FD8571A9A872F7C669454ECBE,764
training/ptb-xl/g1/HR00436.mat,2F4E5DB2A9A5F7244B2C31B59A3F1031E1B5E9651B0462E8002D948F453027F4,120024
training/ptb-xl/g1/HR00442.hea,3A3F7A56921869D8C7EC560D78C287D91B23566D276EB969665E8B5826A1128F,760
training/ptb-xl/g1/HR00442.mat,64DFEE89F15E44F5F2C9BF41FE44D6281F53E23A58A046FBAD6E4F51EA1B2C91,120024
training/ptb-xl/g1/HR00455.hea,3020ED1DE12018B366BDF1D812AE13408750DC7539E67B93714F003BAC11BFA8,776
training/ptb-xl/g1/HR00455.mat,AAF57A98EF1275CD88F390A0BAE3452E57B6D9AB7B3DF9E794916DA94ACB36B8,120024
training/ptb-xl/g1/HR00477.hea,6CC2270AB821704A3E54900C864C6B0ECC3198078B7CE2D596472F90BEA1E6BF,757
training/ptb-xl/g1/HR00477.mat,D8AD40755CCA70F37DFC6C46E2043B542703910156F8A99CD34039E444DCC010,120024
training/ptb-xl/g1/HR00482.hea,98AB64EA0583D037D4E6BCCC777A1F6DCB63A71A0B51CA2AA85A68D40829E8D5,780
training/ptb-xl/g1/HR00482.mat,39BAE99844FBDC8278B69081A875BCE54D4AB01DD23C42DDF44184FA10F8440F,120024
training/ptb-xl/g1/HR00489.hea,78D6952D5946E725D9DDC4DEBEBD0DB3CA06CAE3764B37F3FA5344ED037A6E3E,774
training/ptb-xl/g1/HR00489.mat,E3EB36F456DB40E80E09D21EF9E59465A4C429ACFC106A11EFF08A91AE37A4CF,120024
training/ptb-xl/g1/HR00500.hea,760B2B0704B73316709EE0800FA51CBD2B18BDA04F27A1E195869F0BAC990C99,800
training/ptb-xl/g1/HR00500.mat,476935E57CE9BF1176084EE58A2A7EF2C889CE49FFD665858B7FE0AAD928711C,120024
training/ptb-xl/g1/HR00512.hea,D8D4CD9E15CF7E8C065FF807BB175FFB99597D8C721CCCCA4C0C6ADA056B493B,754
training/ptb-xl/g1/HR00512.mat,06423CB740E15BCA6792DACD323F9EADD2A2F2A12E646EB7D6C0201F506DF606,120024
training/ptb-xl/g1/HR00517.hea,D5AB07445878C73855CEB7DA7FAAC4F0A09870E8D9525099739DB340814F51C0,739
training/ptb-xl/g1/HR00517.mat,B5B79E21B1325B45F2D1A7957D6F2C975483AD4351D09EAE79790D95FC78B929,120024
training/ptb-xl/g1/HR00522.hea,64E06775E5B06154F6D85B27CCE4FB08022AD6479740F3C02EBB67F1944341B5,765
training/ptb-xl/g1/HR00522.mat,76EB0DC836B648A7102B379C62E2857D670ECF0B44D87C2595113A3FB576DADF,120024
training/ptb-xl/g1/HR00524.hea,9ECBCF7FC306A1055F729CDF5234A8356994F255DF57B376FA5FD2ECE2117E98,776
training/ptb-xl/g1/HR00524.mat,302ABAE3CD24CEEBDF4B0943236C2AB322D3B8407507EE5A2147400ED560827E,120024
training/ptb-xl/g1/HR00527.hea,28B0DA63379FEE946F6886D6F85E2BF967317A569FFEF208D9C4A22A93196789,767
training/ptb-xl/g1/HR00527.mat,FF534CA572C9BFE473340C2A029BDD2BD4AD4520FD158DB407AC998A194BFBCB,120024
training/ptb-xl/g1/HR00528.hea,51B398D01037C97D94D7B6C2764D4CA2ACD8372514E55F50E238D4381B75AF0D,785
training/ptb-xl/g1/HR00528.mat,2F1A2D723D73D301A8315D775FEE003D663253F288FE45554010C9D800DE4174,120024
training/ptb-xl/g1/HR00535.hea,ACDFE79EB23FA9A80B42C9EDE3DEC6B3A03BF8DB8F6780A850BC3853B29AEC84,759
training/ptb-xl/g1/HR00535.mat,01BD70A01FE0664F7DFCD8DF2D81AE63B4E6B8F3AA84B917EF19F6FD939D5AB4,120024
training/ptb-xl/g1/HR00543.hea,76661838F68592DE144326FAA8B7D2BC8165B7877E2AF5A256B1F3598C105568,756
training/ptb-xl/g1/HR00543.mat,B038C76B755B94767A0118F4154B19E94266501F6E9854DAEC85C7FB0E8C307A,120024
training/ptb-xl/g1/HR00545.hea,C47C6340AF7BA8CE5C8DBE0F80237948A4EF074E734151DF4A1CE5C3D3BBCC8F,782
training/ptb-xl/g1/HR00545.mat,3C4B1A039297735C1AFB79EA724A8FC837BE1FA2BD1C042DC30D65037945543D,120024
training/ptb-xl/g1/HR00546.hea,E6CFC98782A7A47F2AC5C77B090F89E243BD5CB5E5DAA0B4CD4F05B9A5DA4511,752
training/ptb-xl/g1/HR00546.mat,C9A7E01C18CD1631B3B5605B4648B6782954CB78FE1F119E8A6127935752E05C,120024
training/ptb-xl/g1/HR00551.hea,2C85CAE88DB6DA1CCAFC6D33FB8E9EA1CB3CF72D62640BC34AF02416A977C813,777
training/ptb-xl/g1/HR00551.mat,C3E1F8AD6BCE1C9746D3F1CC1C922E05C9FF63E6F114AD633021C77D403E10E4,120024
training/ptb-xl/g1/HR00556.hea,F0269BF40A51B6135B5EA231BAD92029B6DF0A88EEA4534E6B6505ACB842C109,758
training/ptb-xl/g1/HR00556.mat,6D0883AB339A1273DB849CCF4BAEBC2408183E4C4FD8F223A27351D3936C2F4C,120024
training/ptb-xl/g1/HR00557.hea,6182B76202761B22BBEED5FF07DAFAC9DEDF058E1F52DDF122F96B44C0C9FFCB,742
training/ptb-xl/g1/HR00557.mat,FAFA2428DFC4E8CEF4D9217EFC588A3452CD902B2B279D7812AEED1D57458E95,120024
training/ptb-xl/g1/HR00563.hea,443789DC6A83428CEE911487D4C7BD560A9E16261C0002D5E6BD31E929CF2D26,767
training/ptb-xl/g1/HR00563.mat,22770A661A52B12CEF9E88EC8818CB5F4A77968CCD16C8C289B1611124C3EB8F,120024
training/ptb-xl/g1/HR00567.hea,6215B2377C57521D6CF41EA587AA4DD81D9E0C5C68205AC1A71F698603C7C7FC,758
training/ptb-xl/g1/HR00567.mat,723B506482BD8431AC1F7FC6ECCC921CC33E63D823B1961582CF73911479DBFD,120024
training/ptb-xl/g1/HR00568.hea,437F5224D5B0D455434458B2BE95D560A925685874AF239857B59E13133C37DC,745
training/ptb-xl/g1/HR00568.mat,8020A7C1F61B83A95F6ADD8219C9C6A73DC754BDD2E0E4C88329E123092C70BD,120024
training/ptb-xl/g1/HR00569.hea,B1EB1493AADDC323AD60FA8217A20C9D6EAE00BEA073BA880946F913997BB8ED,796
training/ptb-xl/g1/HR00569.mat,93AE0FEED48B0486D890EA658003BC689401D72D285FB37309A6A1B92989839C,120024
training/ptb-xl/g1/HR00573.hea,30E3370AE05286A9555DA1C348D4B7E0745BBCAAAB353602B31550FC021550E4,768
training/ptb-xl/g1/HR00573.mat,0958248D289B73C1600760F571A41459DE54A98095AC3291E53072CE7BC2C234,120024
training/ptb-xl/g1/HR00581.hea,D3A8A69F17EDF56918F488A8A122CEE074E963EB447E7FB2D2D27CADA772F5AF,760
training/ptb-xl/g1/HR00581.mat,2571590020C22AA2B64B5372517EB2EB9BD9E55440382E30964564C5E94603DE,120024
training/ptb-xl/g1/HR00594.hea,C3885DD8370F7172B695C07228070E3E2A66F51D4D36AED5C3D6187850C030A0,765
training/ptb-xl/g1/HR00594.mat,A2EA40D1C3F369E945F177F36475E3E00F67B5290347C277E3870875D103C379,120024
training/ptb-xl/g1/HR00598.hea,31BAE8E65AA33F33BBF50902CDC581E93ECA6CEEB1D6F45AABBC27D32A7F4F69,754
training/ptb-xl/g1/HR00598.mat,D07B065B3EBE38B45BEF1394B0A0AE53147C5105F26AC3745E12604B3FBDAD3C,120024
training/ptb-xl/g1/HR00599.hea,FCE27275092ED89C7F89B942C6491D758B440BDDFEE72C63491B7A0845AB9281,760
training/ptb-xl/g1/HR00599.mat,9EB5136ADAD4FA25AE260C198982DA3B4F2B67C74D7800118BFBE69E54D12080,120024
training/ptb-xl/g1/HR00600.hea,6A5CB8CE903672BC6657CD138C7CA151B2EB68D04DBF5782B54D28C113908D34,777
training/ptb-xl/g1/HR00600.mat,7F7113520C55EB9D563410B50EDE2A2F736F4D4DF820EA7100B939A6FF2B6F9B,120024
training/ptb-xl/g1/HR00604.hea,2B83172CF3C7F1D68C6C55E7B6A154A3DBBEA102CAA5D20431AB43622D5D34E3,778
training/ptb-xl/g1/HR00604.mat,4511E649FC1A455012D47E7B80358C64308F3D742A8F4B0FCD58F70B5CB19512,120024
training/ptb-xl/g1/HR00606.hea,BCC27B7551F9D316B54A55E8A7BFD524A3B12F70B5268F2C597A36B8D144A3EE,746
training/ptb-xl/g1/HR00606.mat,0DDC5151B27D935C348B411051B0CDD7987EB699C32165179D7ECED393C42207,120024
training/ptb-xl/g1/HR00608.hea,BC6B6902724012934D6C40EA5A13E0CA15D10943F52430E69C2C93E235875747,768
training/ptb-xl/g1/HR00608.mat,11CC5559CEAAF26EF063E794E0037BB9EF5C7F735214D3D5AA6D84665E9DC1D1,120024
training/ptb-xl/g1/HR00611.hea,523EE5CB009C43EF4081B2ADAACFBABFF38FB358E03A2402F939C8614322DE82,756
training/ptb-xl/g1/HR00611.mat,C74955CA5D1C2D4805C8711804424C271675683A33FFA121247192C48BCD44D3,120024
training/ptb-xl/g1/HR00612.hea,E9B651FD26D4B46B0BCDA687719D15C08DD35C54E15FA9F0CDA5C789CBDA3731,756
training/ptb-xl/g1/HR00612.mat,41887EDE069986D6B95CD300BD717BF78DECD0220A7FA7052F639E8CEEC61BB5,120024
training/ptb-xl/g1/HR00618.hea,6BB0999C302C766DFCD737CF472C51676DB958A4A1FE12A77D25F761BD13D5B1,745
training/ptb-xl/g1/HR00618.mat,A62C9923E2C49359E4D5D891A55FE8208D424C931B0F8DC7DD18D677ADEB478E,120024
training/ptb-xl/g1/HR00621.hea,2DC367361E106BD8C93BC4283BB9B47C7D200E64AAD294DF41232CCD86464AD9,749
training/ptb-xl/g1/HR00621.mat,61BABCACF7FE3FD34413FEC90D5586888F10CB8382398319E8FF5345EA61C1A8,120024
training/ptb-xl/g1/HR00622.hea,1E406CCF0CB8822D3C65302D97220C60472843DB339AEAAE55706AFC30DC3500,767
training/ptb-xl/g1/HR00622.mat,BF8DA643892278A993E06EA8683156C4AB89C31B19348BA09B705793D37EB5EF,120024
training/ptb-xl/g1/HR00626.hea,1D516DBD5DF62D1FB8EE220133ADFC42CAC93A8D529702D01D17655022F876B5,782
training/ptb-xl/g1/HR00626.mat,C64FC871B927549BFF1AB95EB0086CE0B94B6F6CB8DC16C2EE2257CC702DADE8,120024
training/ptb-xl/g1/HR00628.hea,A1618700B1C2912C2D79CC8995F4E0803C2FF32FADE98D68638CEC15B704900C,755
training/ptb-xl/g1/HR00628.mat,028B7D94025C624C2AABC1313BA8C1F6C8F50F51536B3E61924C92C737333B10,120024
training/ptb-xl/g1/HR00635.hea,10AC6F8821F7E27D776C50534A0182C743C2AF3EC95E186DE3DC39C76DAB7DBE,766
training/ptb-xl/g1/HR00635.mat,B2C83F5A6FEC6B1883B20FD204CE38F05D73A93BB277A59ED363C0ADE70DA944,120024
training/ptb-xl/g1/HR00636.hea,303AA86B71088C3F83C6113F0DB7C6669924A4C102E81FA49080B0C8118A9209,787
training/ptb-xl/g1/HR00636.mat,D006796BD3F1B91340763A7C397DBCFF9BB97458CEC2FB66B432C1676B91F935,120024
training/ptb-xl/g1/HR00637.hea,F70329C30DF644D13894E57A994A8CF7BB28A7A8CB1AB1E7E940FA549F8F595C,772
training/ptb-xl/g1/HR00637.mat,73588EDD2A253ECA66D3972EEF3013BF8C8C8A65FCF1C1BB1B3AD68AC23F488D,120024
training/ptb-xl/g1/HR00646.hea,A10599880CD92C508885754E5A1198ABC264F4819360DE371667F98168A54576,790
training/ptb-xl/g1/HR00646.mat,2E2C15CDFCBDE259847FDBEEDE444452AA775E7BE2D3344C2FADACE04299308C,120024
training/ptb-xl/g1/HR00652.hea,4504A6A8CE654A2399B4139E36C6881D2271041DB8A8A098CA207143F93E3663,809
training/ptb-xl/g1/HR00652.mat,CBAF4804F299E578D91EE781CB06116539DBFE5F4295CB89855CFFB88C66E686,120024
training/ptb-xl/g1/HR00656.hea,D034C1BEE426811B596C3FD520256C744C9B75FDACCB42D30D9005505E41385F,763
training/ptb-xl/g1/HR00656.mat,66E390EF618C7A12DED4741F40113AB27E8A8A8D04428ADE5F872C08F5964532,120024
training/ptb-xl/g1/HR00658.hea,AFC09815947080A5513D6C34E46125A5BACA89F52EE8EE38AB4BD7783698E2B9,747
training/ptb-xl/g1/HR00658.mat,74BB777A00212483F81A0DF18FC4CBA7FE0E26B951618A7F59B3E47C4FE6DA6E,120024
training/ptb-xl/g1/HR00665.hea,2A8A419A30E88630EE0010D1E5C8AB23DC1F4106A3B4BBD640BD958ACFC75EC3,745
training/ptb-xl/g1/HR00665.mat,6FF4C84E69DA1192D9F888EE59655647903151F7789E7917E7DBF5DB3D40D239,120024
training/ptb-xl/g1/HR00667.hea,EF19E034C68495B54A31D6585BAFA587602CE393CF6B8B6CBEE1B8C937701DF0,784
training/ptb-xl/g1/HR00667.mat,8C6454D721B05BDDFA7633AF71EDF16D51667CE4EA30CB57648DFE60571282A5,120024
training/ptb-xl/g1/HR00674.hea,4A58C7134120AADA6F3AE0AD6099E54EE8E6A0D6313FC6AB9F50C6291AF88BC0,779
training/ptb-xl/g1/HR00674.mat,949883D713F3245300FC94B901E39EE18886F0BAE5064962AF6484C47FF0C5B4,120024
training/ptb-xl/g1/HR00678.hea,44C15A2A6AE3DD15C04076983EF3C0CD78CE8D7F1F5429499A7D78E51E27E242,764
training/ptb-xl/g1/HR00678.mat,B2470E2B94576F3F987B6A11BA4E852B1A3739DEA3EBBA809277433FA9D0E377,120024
training/ptb-xl/g1/HR00680.hea,630A067747EF9BF4FD0AA1E67346C3607EADB367AD7831B449E88B2C4722BD21,769
training/ptb-xl/g1/HR00680.mat,1BAA272C76A391E997F36455C0CA1451F47DD8BA427B683B94D489D49CCD9367,120024
training/ptb-xl/g1/HR00685.hea,6D4946D2E0984621C31F934CB525AB54E1E98B9486A67D632C92DA87233C38BE,780
training/ptb-xl/g1/HR00685.mat,6D8498103576FE69B723CF7735B06F767CBEE72AA899BFC1740F3D57A032C17B,120024
training/ptb-xl/g1/HR00688.hea,3FE596BF872C23D63D69FB2FF4E941AE4A0995DE0F553890D43209E02673CEDD,786
training/ptb-xl/g1/HR00688.mat,CAEF4B253835FDF2FCDF0F71EB3C4EFFA9923E5CC10E34E5EE9CD3B0E577B1A0,120024
training/ptb-xl/g1/HR00691.hea,30D9F39C4F046E4D4464578A223C7A13CE4CE954583AC8DF4DA1B7F33B56F8EF,767
training/ptb-xl/g1/HR00691.mat,32C9A60EB0B381DC0B567072F710FC0C6A02FEDDD16D5DBF11F39F29702F570E,120024
training/ptb-xl/g1/HR00697.hea,9079F045C7F089306E4DBC6B6AFD1E540C99A613DC858440B7493DBFF6E945AF,756
training/ptb-xl/g1/HR00697.mat,68A3BD53E9AF51C3E6C9AFC49EAA50C9462B26C521BB2E054E9B846B019E8E53,120024
training/ptb-xl/g1/HR00698.hea,90416B440EB43B316500354937D046B76065CF24FC3A270C2787D685B6D9DD98,750
training/ptb-xl/g1/HR00698.mat,0F4ADF49BF3B363DC18B52D7ED97B648D5B613A658D5277DAFB8265A2A264E46,120024
training/ptb-xl/g1/HR00704.hea,AF72818D2B71F3FB75D2C4B56BF1AC962563894B5486220FA9D585E9E61EA6EB,806
training/ptb-xl/g1/HR00704.mat,CAFBF3F302B32A907E98780BE2905EC0D671BCA6529D293E86453901B8C82E85,120024
training/ptb-xl/g1/HR00711.hea,7D00F49081880733B7F23DA8D5C37EB980064D4E468755E2A7E8EF7D7E63BFBD,773
training/ptb-xl/g1/HR00711.mat,9C395E1D43D27823A93BA6D70AFDE17D89E89C441654EE66AEA2008379D1B2FF,120024
training/ptb-xl/g1/HR00714.hea,D218F56F714C621CDED66867F17C43DC6E28F85067C1A9FAB59D862EAD736CF3,801
training/ptb-xl/g1/HR00714.mat,B81A7543E77B340FF8F6210795704EC5138FA6ED20AF6B8F5C5778E862685E39,120024
training/ptb-xl/g1/HR00715.hea,3559AAB64E6368870FCE61798F313B1BAC0E5C8365A2A8A706B7F0218FC6AAF1,757
training/ptb-xl/g1/HR00715.mat,AB174620C550DE54BB77DF5F04C3530CFECB5D50ACE2E62EA55838347A56275D,120024
training/ptb-xl/g1/HR00718.hea,3E4020A03A39A1383E3338D1014572529B642F92AC2AD59D82CF9707CEF50BBB,757
training/ptb-xl/g1/HR00718.mat,6172CB9BEC4C358B315B76871374B303133B7750CE883C3E0F0410F1E85555A8,120024
training/ptb-xl/g1/HR00728.hea,F6D99B37E4256026CAD30A99BED86665AB4CBC25E63E5D33B86A5A81D79C18D3,778
training/ptb-xl/g1/HR00728.mat,BC2B41B69CE60CF1981A65019876C034D017CC09746C92B5E143FECEACC88F2F,120024
training/ptb-xl/g1/HR00738.hea,539DB0FA83F2E480CDD7EE09D9798A02AB2F23FD1E8310DD687DE1F5F0D85A5A,803
training/ptb-xl/g1/HR00738.mat,C6A5F655905166F82D3B4EE37B5A14455214F158FC84CB470A5B18BA06F6FD64,120024
training/ptb-xl/g1/HR00742.hea,A1EB8C36094259383E10F2C57E9324BB96557ABABFDDC9A2DD24C7CF783A42CB,765
training/ptb-xl/g1/HR00742.mat,6532917BEA97DFB5044C3D64C76DDFEC4C609D37063C5D9B93A52F23A3278034,120024
training/ptb-xl/g1/HR00745.hea,BC0D963D1C7F31F38CF3860418968B72FEA00E68A21D0DBA64E68982F4421616,750
training/ptb-xl/g1/HR00745.mat,B308E5DDA0C222AF695DB9FE9BEB39E17B8470F89E68955840FA7D059F58E3CF,120024
training/ptb-xl/g1/HR00747.hea,A6FD7285DDE1D41DC4FBC68B7F31C59FF542C8C37964A27DECCC7336D460B7B8,788
training/ptb-xl/g1/HR00747.mat,305CDA62062F87286607F0036626D70D114BC8D05833568A56BC488416CD071F,120024
training/ptb-xl/g1/HR00750.hea,E3124A9472792FC4E0F6E4D0A2EA65B8F9518945E7CFE88F7016BF23382E3F9C,774
training/ptb-xl/g1/HR00750.mat,1175A442B3D8463ADEFD5F5529EFD4EF9487307827C704F510466809514189CB,120024
training/ptb-xl/g1/HR00756.hea,7FE1D8AF30C5938F95930AB4118C65F4DB281D95BF53207A7C9883A78EEF994F,771
training/ptb-xl/g1/HR00756.mat,FA4010BE7F26650AD60D63FD0AC860AD51DF8C34485A3E05CC9A032B91A37CB0,120024
training/ptb-xl/g1/HR00762.hea,5273EB2C9CB4674C738F10A3432F22920AA30B34EC0518410A402D8416920BBC,763
training/ptb-xl/g1/HR00762.mat,6E7CBE2AF45B29D9E55D0A9BB333A4604C26C78FA29C067D47A671EC64857343,120024
training/ptb-xl/g1/HR00788.hea,B16C5A0A965072488018DB557C12AF85F17757F35DF0E8A393A76D71027D34C0,766
training/ptb-xl/g1/HR00788.mat,982B23357BA9D5F8BC196A61EEFC3E449DF802F0387C8719837CDA3BA1279259,120024
training/ptb-xl/g1/HR00800.hea,68B43EFD991F99A95EE81188A753739882BE189D5784E6F9C82912A02F55DFC3,751
training/ptb-xl/g1/HR00800.mat,0F4A18A2A515B3B2287E68F5B91951FEF8E19D3492AD98595E87B7FEE55860BA,120024
training/ptb-xl/g1/HR00801.hea,3FA331CE386FDC788FCEDB08F39DB2CC0A4E791E82D3C01A5A23601D60628BFA,758
training/ptb-xl/g1/HR00801.mat,D283777928AC4302BC9C02AA4BBC5AA81651E67084369EDDF1A278030997DCC0,120024
training/ptb-xl/g1/HR00807.hea,745E1AE8FD2BC9D95DBCE19FC9F9E732528C4AF8C7AB87C65B859295A7C45F4F,777
training/ptb-xl/g1/HR00807.mat,403AE2A0CBC7B2A145D9FDCCF4AB3BC182830F59CBCA6167DAFF7A60A05DB9C7,120024
training/ptb-xl/g1/HR00814.hea,80107C919B3F9E4CAAB1784344298D9CFE3FF05735781B99ED8A4CED89CDA93F,791
training/ptb-xl/g1/HR00814.mat,7542F9A7688CAD378FF7A64F034C92F19142886609B9CB8D170498AE1439AA70,120024
training/ptb-xl/g1/HR00825.hea,E44E9FC0130A44C432055207AB9430A7A0D9A22A7756F3E831DE3323795C3EB7,795
training/ptb-xl/g1/HR00825.mat,B30DAAA183A5B02A9FE51BC8889429C3FFAA0CE82950F3535A7276D68A806837,120024
training/ptb-xl/g1/HR00849.hea,A734EDFEC33FB93173CDEF3BDA97E00C9049CFBFF67C83A750FCC87BCD83554A,751
training/ptb-xl/g1/HR00849.mat,8D02DB06ED7D12244574C76F0EA6631CCD60E4AD46F57DD2053DD945D69EF421,120024
training/ptb-xl/g1/HR00855.hea,2DEF421CBC495A17CFC9FCAB0F316D109DF68FD8C15CEE8304D8EEAC7BA6E80C,758
training/ptb-xl/g1/HR00855.mat,731CF4067BF804D5A00A62ECE6F29E3023D9F2A181EDFBEA2B8B8DB50C21C2FE,120024
training/ptb-xl/g1/HR00857.hea,E7816DE61A868627B442A0BEE14771D4517AA48FCC898BD0330C40F81C6C4F57,768
training/ptb-xl/g1/HR00857.mat,8EA0807EDF214688C16EDC85157108EEB54289FE374901550FBA81DB98CA21AE,120024
training/ptb-xl/g1/HR00860.hea,FCB6643160CFDF41FE00F8B534E52BE56AAF1BFF777CD41FE73F5322CE2B520E,752
training/ptb-xl/g1/HR00860.mat,3263030CA9EF6968B2DDB2B92378DC1B42496D105333D39B70EE33C14B081491,120024
training/ptb-xl/g1/HR00861.hea,EA168A81FB23F534AC77AEF23017E407A42B77C62C64B9BA37D2005414A74EB3,771
training/ptb-xl/g1/HR00861.mat,1A89372A3C681B22609943143E836F7B073551B84DA45567AFEB5619948C172D,120024
training/ptb-xl/g1/HR00871.hea,7FA052400A3D246685283D49E9F73C4A0722D48A4103017EE7C726E006E34AD8,774
training/ptb-xl/g1/HR00871.mat,DA3E176BD411EB991D9831D0BB11B563B53B5239C7709F5EBDDD079E0D23F2D4,120024
training/ptb-xl/g1/HR00873.hea,3C8B662E2947F3BC4D407F49F1B10C81B462EC2A67440BECCA0A1341DA0415B5,792
training/ptb-xl/g1/HR00873.mat,212A2542D641F3311D997C527346E4550A8CCD0DE4BE0436CF07F390FC208842,120024
training/ptb-xl/g1/HR00875.hea,9428A92E3362D9D8D4E30F4609AF6108F184FA3DFB8E36E43A513502038DEE8A,744
training/ptb-xl/g1/HR00875.mat,9EE50E35574354ABC71AB589DE3FF89C685F1BE769DB1D481A0657DBD0CDA9FA,120024
training/ptb-xl/g1/HR00882.hea,FAF77ACDC30338E451B859CACC5C56209DB9F089C881AA5604ED193655A42288,760
training/ptb-xl/g1/HR00882.mat,358978E952F73B5EAE18B9A255869B9718EA7946D0CA8DC5FADC060197CBB5BB,120024
training/ptb-xl/g1/HR00887.hea,9702C4D62D838C626D7A8E884F179DAE07EFAD098D1D54EE503D1A668123F43F,749
training/ptb-xl/g1/HR00887.mat,6C47762BA43FE5291CFB3FC4650AA09A74A953177D39FF51D872614131BF50DD,120024
training/ptb-xl/g1/HR00892.hea,5125B8DE786D1C69CAC2C7C73809532D56AC51D3AAD70EBA355FE5B80C7AE1E0,758
training/ptb-xl/g1/HR00892.mat,8AF717DEB4127098ED3A8291189DC8C05FE9C4924FB0F5BCFA5C87310BD4862A,120024
training/ptb-xl/g1/HR00894.hea,AB3ECDD271F38B1F8FC6B078EF85808BD9A074620988750681B6FAFCF5FAEEF8,757
training/ptb-xl/g1/HR00894.mat,F1B55B204A367888C7E89B26BD449C3D22D40BBC1CFB320E3A458684FC10783B,120024
training/ptb-xl/g1/HR00896.hea,9E8819B668634AFAABE746EC71AED8C361213422B16A830BA31C3D3E0A85C9C9,764
training/ptb-xl/g1/HR00896.mat,34E3B78DAFF8DC61AB4DAA701BC9EE308FD6576E2F26DFF51CC841AEB33E0D97,120024
training/ptb-xl/g1/HR00903.hea,A8ED7B13C64106EDE3984F3292A61413E6A2648E7F3B8D32A57520892609B923,760
training/ptb-xl/g1/HR00903.mat,D8EAEA33B5239876CB75E4779AC5A7A430B7ADF807A1C9BD8893D9AEFF19D751,120024
training/ptb-xl/g1/HR00920.hea,49F101604889C7C0F650C7E744271BACC84F06E4E212667B828CC7E6CC952085,740
training/ptb-xl/g1/HR00920.mat,CF3BE2A3C42BCB417B8E252FED7CF02FB949F756175AD83DCB28C004D7E726E4,120024
training/ptb-xl/g1/HR00924.hea,A5C7C5FAC4EBA035AF050C52A449AB77D3652B297FAFE9EEC1AD2B143CDBB827,792
training/ptb-xl/g1/HR00924.mat,B3D0D189890F62827DB3886D7B0C8F62B93F039B011616BA5D6E6C874AF73590,120024
training/ptb-xl/g1/HR00934.hea,6F5680C63D6E8391CD887AA9F4F523B31A33E57AB6EEEBB511723D769749D771,794
training/ptb-xl/g1/HR00934.mat,0DC523384A4966AEBF78D6DEB133C33C6E4C303B5DDFE3599DED7C3565F2EA42,120024
training/ptb-xl/g1/HR00943.hea,0A4F6BB9918B495893A84C2E893C0E887CD48636DEFB5844DB2FDF0BE7472817,778
training/ptb-xl/g1/HR00943.mat,C7D583FAA1A97A4B5CF9F110AF0040A0B3B938625CC186DBE7891CCD71DC25DD,120024
training/ptb-xl/g1/HR00946.hea,DC4C504FF9204E6167D79CE8EC9CBBC980691FDFF78F071679C9583D29C08AAC,741
training/ptb-xl/g1/HR00946.mat,AECB84AEEF011F6A350E5364DA0C0AE4506A444C6D3DBFC15F5A308459756C96,120024
training/ptb-xl/g1/HR00957.hea,910EAA480FDF6132D3BD02FC57EE2B2F046F486196D5D1B490F2CA1AF362E185,773
training/ptb-xl/g1/HR00957.mat,0EA540457E214A54F41A548696B8174F709C81DE21677D77506DA650AF53FB8E,120024
training/ptb-xl/g1/HR00969.hea,FC1AF9B509EF38F217267F901ACF08F450C3F2177564AEC3643F7416D7FE2F6C,753
training/ptb-xl/g1/HR00969.mat,A2CED5C2AB075C02D38B0DBC31121235058CC882382D7EA61FA36EAB3688BF3B,120024
training/ptb-xl/g1/HR00971.hea,110706A616BFAC5C87D8CD3DB95DD98973961AFF1A9D8E59F68B6FCC4CCA1FDD,739
training/ptb-xl/g1/HR00971.mat,891A36D40446CF3566104FD114CE48F0B7ACE03EDD581CD1EA8EE1AC73D07944,120024
training/ptb-xl/g1/HR00976.hea,1958C0051C2C040C8B29673F753F9EDECD31EEAEED2E90B656B62DD13981BDAE,756
training/ptb-xl/g1/HR00976.mat,025B4D4CD1178837A5601CB3B233D909CCDD38FF705D333F8F728BB33FB26629,120024
training/ptb-xl/g10/HR09035.hea,6E706BBAAE93CA00E8A5806D5C9D89A5A5740DEC1BE89FAF765AAE7B5FECFDE5,758
training/ptb-xl/g10/HR09035.mat,671651734AD4FF4A17AB20DA959AACC1486F389DB3BD2E449CF322BD98F13255,120024
training/ptb-xl/g10/HR09054.hea,F03A3C0641E8D7EDD546DD16DD3B282A9C47A55C4D8EB78386952D6D4FA11112,770
training/ptb-xl/g10/HR09054.mat,04A2535F1B59AE83564A7ECD26280CBCC26C71532580C88F1FFA21C1440294BE,120024
training/ptb-xl/g10/HR09062.hea,45DDD9BC90BAEA4C0BAE2DE49823839CA4B9CC87D8954ED6F4A51477B735F243,748
training/ptb-xl/g10/HR09062.mat,E01D5DD557128068F4954B197E265A8559DF4021AC392E7D63215C0BFCAC3983,120024
training/ptb-xl/g11/HR10006.hea,BE0F7D38DB3DD6C15B85D9BD0D11148364BB77ABEF73560EB5DDCA4A84A23FA4,805
training/ptb-xl/g11/HR10006.mat,8F4EA85E6B1D35577F94BE9A9CB256217EC63F7B2446CD563CD0E069EA6F7889,120024
training/ptb-xl/g11/HR10016.hea,D41C3E0C5D376C6340BA3E636E7AF4811E8A6E1E0A6222549309E6D8F2207864,747
training/ptb-xl/g11/HR10016.mat,09256FC914D6869A8017526DBFB1862186178AD4A53F39D81D829C042BA3546C,120024
training/ptb-xl/g11/HR10017.hea,B1FDFF39C9EF29E34B96859513D27990E91D96EA0739B22095AF8F4612907EAA,777
training/ptb-xl/g11/HR10017.mat,AC74FEED7A0ABA094BEA7AD18FD9FFFD7BAE5DD0EC7DC4F8F97C5282678828A8,120024
training/ptb-xl/g11/HR10047.hea,F5E0C9436BFE2DCC7FA7784CF9A8F7CEC3F6B2105AC6AA1879166159BAC348DF,772
training/ptb-xl/g11/HR10047.mat,26D62B266F1973B28D2F5B9C08A142A9D3E6744FA2E56BAE71D4AEA61BE42089,120024
training/ptb-xl/g11/HR10051.hea,CEEF68AD2AFA6A6FC43CFFC8A67E706C1A1B62BB11103C1C5FFF03BD60552816,797
training/ptb-xl/g11/HR10051.mat,F9B6E9116FA19EB0349DD0A6CAAB8082CCC0E1AC07916342DED1F3C3EE84E1AA,120024
training/ptb-xl/g12/HR11028.hea,E71514865FC2385D142EC11AA5E8AF157D699F1AC70693BA487EBFB78E48C5A4,746
training/ptb-xl/g12/HR11028.mat,435AC8F7AD6C705DB4DC7DB068C0E28187C54DC8B520B91C782132F581595163,120024
training/ptb-xl/g12/HR11037.hea,F6DC122045FDAA47FB7FB72CE64413F51B06F895E3A84366624E14C3FFD3DE92,811
training/ptb-xl/g12/HR11037.mat,6BD7C8D21E08F83B83989B53578BEB529E8E857CD0C8EBBBC4D0F4B98471D78D,120024
training/ptb-xl/g12/HR11040.hea,D63D85F9DBD3462B9DC3ABF5A9BF45DBDA922A6CADD2CE9508685ABE6FCB3BE3,785
training/ptb-xl/g12/HR11040.mat,21AFF0AC6317AFD2E127330743078C53788CABA0E27E3A7AD005A5270EE088E8,120024
training/ptb-xl/g12/HR11043.hea,15B698230E087C3CBE247434409D51B6D8024B17FEFC0E6B16D732873538B8CB,757
training/ptb-xl/g12/HR11043.mat,74E93422C07C1C6A23C7574B11D1599C72088EC4EBB5236226A00EBC5EC126C2,120024
training/ptb-xl/g12/HR11073.hea,4BE5D31F33754394BD44DD746493A73197E850EB47CF3ADF9B72AF0289356707,793
training/ptb-xl/g12/HR11073.mat,2AB581AA81DCCCA9EA16141790FFAD04B59ABA3104457F52995837D4BE121041,120024
training/ptb-xl/g12/HR11091.hea,7647DD1F08A1B490EC815DCA8C4D2F997573E0A76B34C1690A1FB3B21816D954,770
training/ptb-xl/g12/HR11091.mat,E3A9DB92AC691DD11239C1FFB37E182B766275BE46DE48A54BB6501BF0A84E2B,120024
training/ptb-xl/g12/HR11093.hea,A2B6A9E34FC9A6652141D0647E02480CF66E347334FD74B6C2902BA3142CB145,748
training/ptb-xl/g12/HR11093.mat,0B8C3664F3CC4D82C8419E516F3AC20F6FBF0A3E467AE6438DC6C40432F7466D,120024
training/ptb-xl/g13/HR12003.hea,751523C2CA4DDDE16B88FE77EF57C09F17D221AB274C1F9A99F8FA10DE627847,769
training/ptb-xl/g13/HR12003.mat,D4A297E98292A04779BA90A114E8756B9060522F862A9A8C1F687FB5BEF18526,120024
training/ptb-xl/g13/HR12016.hea,675D55E7B3DBF381E7409C09020B93C6FD99F228CD55B4173C58DC36A0BC5B49,795
training/ptb-xl/g13/HR12016.mat,A1B2CA67B3EB1905F42BE3F47AD5494CEC6EE1658D36889C3E3E8160E9353566,120024
training/ptb-xl/g13/HR12021.hea,2ED6DDF3D596CA97BE56FA30893B641697AD78100F9840C845966FA92288BE42,779
training/ptb-xl/g13/HR12021.mat,AD89770DE7159487B798DEC7848E36A1B29FCE7827C671231D8B17A9C981E99C,120024
training/ptb-xl/g14/HR13019.hea,8D97573BB9939FB60648CFA6B0CFD28CA7B44BEDEF4C2C8FBCEFF0824807F1DF,757
training/ptb-xl/g14/HR13019.mat,DFC400A0EC80B638E5B3D71BBC1E3E1CDA29EAFE3EA2ACD5F27AF4E094600F30,120024
training/ptb-xl/g14/HR13033.hea,BC999C702FBD772A5FC90AD69D88E591B6D853323B8835DB8BA5CFB9AAF924E7,765
training/ptb-xl/g14/HR13033.mat,E87526F5AE94FDB3C74769662CAA33EB63EECF1713AB77757E8989E84C991922,120024
training/ptb-xl/g14/HR13046.hea,B9829A05D24C8B311A19664C84048D81EBDE1AC8F4D73BFF8E5F6CFF2211213D,756
training/ptb-xl/g14/HR13046.mat,446FF530FD2186028E6931A644C465CA5E7B832EC92CD1CF114398ECF6C55CF9,120024
training/ptb-xl/g14/HR13061.hea,991B60DB87DFA6ABF82AD65E8D43400B151B648C2D76C9D81B4D397F8A8D5BDD,752
training/ptb-xl/g14/HR13061.mat,E497A22BDDAE4531AD9E5C568CA325FDCC7AB63A00235446CA4C0639590BCCBD,120024
training/ptb-xl/g15/HR14022.hea,8728C289942E8FC380CA07E542232D4E8CCC7C8FDE0E698287E5E62BCA100998,755
training/ptb-xl/g15/HR14022.mat,1672CAD856BAD7CBFE38A2701B6441A6ED69DF7BF934CAA6C3A27FD418B716A2,120024
training/ptb-xl/g15/HR14047.hea,F96880C6E4E4E8E5DFDE03ECB4EEA54C45DAC478DA718D4462D384912B9E64D9,753
training/ptb-xl/g15/HR14047.mat,D0BD72799E7EC576387CE837EBFBDA5870C2770836A7443965C90B7672CCD2C8,120024
training/ptb-xl/g15/HR14060.hea,C8713289A8DFC8E656EFD0FA0E4F4FC22BC888B7C7A51CA9A6A7CBFE62B30473,823
training/ptb-xl/g15/HR14060.mat,090DC615DBFAA55083E588EB5CE5C6E45E854F9FCFE1C80047026912E8AB51D2,120024
training/ptb-xl/g16/HR15031.hea,44B01AB53380059B9D81E1D07196D9ED141F328F4FFA8388FFBB881699A48AD9,753
training/ptb-xl/g16/HR15031.mat,704D0B53947F4FCCC35E7E45772D0464A054F97E807A89D97DAA0BC433FE5823,120024
training/ptb-xl/g16/HR15032.hea,EE91644D518E2CAE2C77836420E3F82359A472618C4C16431D38E88C7F6B8B97,775
training/ptb-xl/g16/HR15032.mat,5B372EEE26852BCE4B3E127AFAB2DAE6A1D1D84DF7A58A42667D0FFB46A1C63E,120024
training/ptb-xl/g17/HR16020.hea,3CC62E9C977EF1E1E25BB1C12C534E9C70BD1D117132C86592C56C5DA7432212,793
training/ptb-xl/g17/HR16020.mat,33779A8F1E794D7D0DADDDAD0CC52F4E62BCC362D52596A1A848757BD6D7D138,120024
training/ptb-xl/g17/HR16066.hea,C638F854AD792E2C5A66AA93B900EB6BFE3253AA7A725EF2FB24F7B365BD1475,787
training/ptb-xl/g17/HR16066.mat,994B248F53AD2CBB08FA785671BA5495A67CAAD028288FEB18E9785099CA15F1,120024
training/ptb-xl/g18/HR17001.hea,5A803DE0ACDD419DC1FCFC921CD5522E879086A2237CC1A0C4A4EB18258F4306,792
training/ptb-xl/g18/HR17001.mat,D69495BA0A4A6BC188B4A3C7E513BBDE33C39CB1580F6A0A38A307643C8495EF,120024
training/ptb-xl/g18/HR17017.hea,EA52635515EDB519A651AF3964A339854B0F12E871571E4E265EFD6EAF66FAD9,785
training/ptb-xl/g18/HR17017.mat,602E18D9C03A9590699B97D93ED728A27AE8A5F794FF806C5176713DB34D2466,120024
training/ptb-xl/g18/HR17021.hea,D005A3E523E9FDA5F759B34C3C8818B1624406A981AFAE54C79EE3AAF3DC3045,750
training/ptb-xl/g18/HR17021.mat,AD758723338A44F28550D49EE1A06BE63222137E611B4874B86A3202D9249134,120024
training/ptb-xl/g18/HR17026.hea,59B011A4E4E62C1E8C5FF2A1C0C95C561FDF3F8B4E506B5B45E9AC17C87E8A67,770
training/ptb-xl/g18/HR17026.mat,1BBF41B4D31065346DA7825A614BB2755E9A4231B78D66BD50AEA7B39B50C21F,120024
training/ptb-xl/g18/HR17043.hea,75C5E2094397D569229C137D5DB9205528BE14C20D0B41A13699B6561A264648,789
training/ptb-xl/g18/HR17043.mat,97BC43F0E587D46E77BA4D5D747DCA43FD3614A1DE65D3ABA798EE7EF147EB76,120024
training/ptb-xl/g19/HR18016.hea,0C8E73C28FB3FE273EB2FFA8771A4C54A7CD1214DDE044D469D231AD847AAF09,796
training/ptb-xl/g19/HR18016.mat,04FF5D09A96214B922CAA344EB84D1EA062F7CEBEB28F18AE5F2AED47A0A759D,120024
training/ptb-xl/g19/HR18027.hea,5284B8C38DC517CB8671DF04F3332CD2DC67394BEE16B0532935678B7C06EC6F,764
training/ptb-xl/g19/HR18027.mat,26F1E26E78E4AFE5A0FA03D73AADF6A77FC9CA80FCCF601278EBFF17D11D8C66,120024
training/ptb-xl/g19/HR18037.hea,4FE108D04B76C22324FB84161B96B8AC60AF9358B6C9F84AB43AA3C874022268,770
training/ptb-xl/g19/HR18037.mat,353D21841F19182DA2FAB932F112800F304FE4ECBFC6E2375F8A3E3E543BB53E,120024
training/ptb-xl/g2/HR01003.hea,C5C88A00E4668753AA6A6F90C557E5814D79F9C455E797CC498B46F72351751C,752
training/ptb-xl/g2/HR01003.mat,639E28C3AB2F96615ECB51619E3AD5856CB21489408BD29224648AEE6F09FBC4,120024
training/ptb-xl/g2/HR01004.hea,BBFDEF090C09697D3AF04979CCF18FACE7D50E414105D04BD0ED95B5DFA310A8,790
training/ptb-xl/g2/HR01004.mat,A7B681B8DCEFD6006C4757EF6875C02244A9B0B67D3070BA3CC8FFDF752AFC95,120024
training/ptb-xl/g2/HR01011.hea,943076259FEF75A64A493C474D7D6E98ECC7C0A7A0DF0D848A31E68EF3004DDF,739
training/ptb-xl/g2/HR01011.mat,53EFADF92D3B8F39105F8DCF51F9F052237F56E2BFD30CDD74E93BAC614332F0,120024
training/ptb-xl/g2/HR01017.hea,215A3A771C4194C13B1E51A3FB02E5A3EB2B94291B85846F150D0D906041A5B4,782
training/ptb-xl/g2/HR01017.mat,BBA27EEFF912602B8391DAC9567B5CBF1222848ED89388FAFAC6035D7CBEFF91,120024
training/ptb-xl/g2/HR01019.hea,EF0658EF6A1E7FAB06D8C399C68A62D2EE6BFC1E59A7DFD0E772CC098369CB48,750
training/ptb-xl/g2/HR01019.mat,1D5234C2D29559E53CE879CF94372C28948ED41B4CE6983FCFEC39D274377C81,120024
training/ptb-xl/g2/HR01020.hea,E20DE024F44BB058CBBD58B637CB9E46C8C2373BF27E96DC98FDD8B317928A1E,770
training/ptb-xl/g2/HR01020.mat,E231507AF4D419C0C16E312DE818CE101829A8D6C717BDF16DD8BA93F7E46B31,120024
training/ptb-xl/g2/HR01024.hea,FA232521D0DE1CDD21DF6449F64E336D70053E70019D09CC4880C54DA06C3A6C,743
training/ptb-xl/g2/HR01024.mat,D065C9B09172238DC76104E6C99C8C746E7BFAC18B47EE5A2C4D9162EA33738A,120024
training/ptb-xl/g2/HR01033.hea,FF989E3E6768E86888948EF6B64221A039A04A2CF74589A673A5F04FCAF85E52,812
training/ptb-xl/g2/HR01033.mat,0319E58013C259EDEC1843ED3432BC08626ABF43225DB74014A5122E72CEA49B,120024
training/ptb-xl/g2/HR01036.hea,182B59A3F87FEDC82710EA396481CCA17A87CD7634E50BC9E984AA6A3E4D04DD,784
training/ptb-xl/g2/HR01036.mat,D5AB5F649B253EF7ED7A94BA47246126CA6BC08DD555C18DDD33D5141FFDECF1,120024
training/ptb-xl/g2/HR01039.hea,C622DE2E4712C589D7BBD5BD8A6442CA39DFACEBA65F11A874D9AC5C0B787C26,782
training/ptb-xl/g2/HR01039.mat,5C4FC17A3B5DC4D0CAE72DB7E9DA9148720A4023EBED3E3E654DDF5729389452,120024
training/ptb-xl/g2/HR01040.hea,B7F8FF4B67C00D1BAF92B987E69C3B68F309D09C0EBA16FF06C88A6911BDED10,783
training/ptb-xl/g2/HR01040.mat,7CA46E4F61A395A30527FFF927BEC6E4CB271F1D081045509E6F73A1B994C49B,120024
training/ptb-xl/g2/HR01044.hea,66264DC9F390CD23A6E019AA53A2632DA7E727AC7D5C7A1AF4F283AE2BFF956D,790
training/ptb-xl/g2/HR01044.mat,A1BE31C48735DEDAFD5B11489AC87E633AF0B0AA6DF530171EADA121382B3163,120024
training/ptb-xl/g2/HR01049.hea,D8A2F3D792B35B26A4974E9856AEAA8D2F03DC9D6A7D643B53FC029A6CBC084B,750
training/ptb-xl/g2/HR01049.mat,BD052F2B0D98CE6F212730D3FDDE4CD057685B67FF6614923DF27878DF0D3184,120024
training/ptb-xl/g2/HR01057.hea,1A15F82589EC4A1CC2896C61F87976266CE8B31AE2BF8FE9D7BEA65035A0F6F0,770
training/ptb-xl/g2/HR01057.mat,F4B4BB18612C1CA7A04E44E5D4F4D27AC97FA59B0775CBE335E95C4E06EC2BD7,120024
training/ptb-xl/g2/HR01066.hea,339D060E6B5698052A5937D74ED311EB59D3A2FF1725AAB8CB9B338CE5F8F4B8,784
training/ptb-xl/g2/HR01066.mat,EF9F0618D16FC2327B10583870E88AB4DC65709DFD1995DACE41155E9A5E63CF,120024
training/ptb-xl/g2/HR01067.hea,D2DD4D7A6EF227F5E41D0802BC7B79722BEEEF7C3DEF821974534D38DECFF68B,744
training/ptb-xl/g2/HR01067.mat,9F399AF43EA1107972C8F72DEA9FC9FC99507465C177F2AA853434DEDBE50250,120024
training/ptb-xl/g2/HR01072.hea,DF014517871DB7902EA9963E3FB3FFF211F1FC0929FC029BBD721CD918D8DEF9,751
training/ptb-xl/g2/HR01072.mat,95B7F8F4633CFD54B42DA86A225DF85D492DD52D2E02C008AF2AB0AA8056FF65,120024
training/ptb-xl/g2/HR01073.hea,756EF48B6DE4B45C7D421B967B47C808962EE3B18F736DAF285D06B63707249B,746
training/ptb-xl/g2/HR01073.mat,F2178BCBDD8EDB8641D494333553625064D28EB03483D91DF611732A066026B0,120024
training/ptb-xl/g2/HR01123.hea,FB4D7BA1E600D1506FAA3F9638392A1F25FDBE36AF569E28BF4D2983826154B3,744
training/ptb-xl/g2/HR01123.mat,A9BF2749BE555FA2AF1FB398F0C22B9C3CB0ADD7E4ED10CBC4599C69DECDE0FA,120024
training/ptb-xl/g2/HR01166.hea,F42D85D20D0A98040CA582D646B23698C1087DC1DEE38F9FBB127B3D856BADEC,742
training/ptb-xl/g2/HR01166.mat,C4EFFD5C68CDA087BCDEF22AA8C2B5A426C5CDBFDE95A1CB7854897E0D6F8074,120024
training/ptb-xl/g2/HR01216.hea,4C96B1A45099B100EEA1B312DB0527BF5AF09ACEC2232DB6EFBD13933E194A6B,759
training/ptb-xl/g2/HR01216.mat,ACD015E1EFDC72B17D3E3C7F54A9C75FFD315B62AB4DE027F3444526FD65C52D,120024
training/ptb-xl/g2/HR01232.hea,ED7D0CAFA826002FF48B64D61A14D4C15CC2D4CA31DD1F9745A579F551FA8A4C,799
training/ptb-xl/g2/HR01232.mat,70CC50B2DE97F0D903189934209CBE28D1E51039A746BB9723F64E13E50F91ED,120024
training/ptb-xl/g2/HR01304.hea,AD49539866CA32FAF79CB767EC0FBDF0A4179EBE13E6D570C9113DDE8199B0DE,754
training/ptb-xl/g2/HR01304.mat,D97A2E5B21A86DA5C16837F2A78AD54DC16D4887971F66FB9000D457F7C21D29,120024
training/ptb-xl/g2/HR01324.hea,063310329F5A9EE2706002ED110023AC8DB8BE6218194CF6810B25ED60B1DE7D,785
training/ptb-xl/g2/HR01324.mat,61D43A7FA7DC78D9222E483A64536D3F73DC707E0F07C8129ACD5B925D8B7A34,120024
training/ptb-xl/g2/HR01389.hea,CE3ADCAAB20C588BACDC4C32B0D001E88EC39E70C598AF74CA5E4D5656970EB8,745
training/ptb-xl/g2/HR01389.mat,1B04FC72F13BEB395BDA06593F46BB230C0FE50FA507F4CA63252C8748D9948A,120024
training/ptb-xl/g2/HR01401.hea,A2411DF58099F9ABC407F9621FCF0FC5BF99EE0E2A6528FAB94749E930EE6FD1,753
training/ptb-xl/g2/HR01401.mat,E751B6C79F1F93805B79620DC8E6B5E139C95C4B6241E2E1F7D2A56756D17C7F,120024
training/ptb-xl/g2/HR01415.hea,7D2F7900CDEF4DCED420D5177E9BA54EFF45C3A6D75A84DA1217FDD11E111667,759
training/ptb-xl/g2/HR01415.mat,7B14917BF61BF0176BCC532794429F5C56DC76B79066D3F2E0864AF302065353,120024
training/ptb-xl/g2/HR01450.hea,5FAD93931ACBEB31540B6D47D92CE78539AF3690176C77C102CAB5689B1B5C30,756
training/ptb-xl/g2/HR01450.mat,AC68066D6D4C14B950CD37EFA71880C8078B35897A4DA5FF7187D02AC3218212,120024
training/ptb-xl/g2/HR01554.hea,797A2E6AE7C720D2E2D853F5C9E5C78F91398775A80B3E2358483ABD8F8226D1,760
training/ptb-xl/g2/HR01554.mat,040262FE403F15C3F5B507355DF46FE414AC8AEFC2B6ABA6CEB4BFB04BB1F973,120024
training/ptb-xl/g2/HR01599.hea,4E7FA7E2BB8E7A9CC01EAFA549F2DB6DDB50A4709684D7C304CEF75E7EAE2B1C,756
training/ptb-xl/g2/HR01599.mat,5321FB1441533A6A064E47A56226D14676E422963E5BD95B39737C033811E10A,120024
training/ptb-xl/g2/HR01681.hea,1B332F1AF94DE2AC0282CBF7EBEA6F097E5C5B11131E74B02D3394EF50A70366,749
training/ptb-xl/g2/HR01681.mat,69B5937D2782CD8099D745762D5320235C7B8C0D335638697254E9A4814BD679,120024
training/ptb-xl/g2/HR01693.hea,B48410777508FCB538CE652A90BCE5693C1ED0DE79B48A6D473CBDF46DBDAF5E,762
training/ptb-xl/g2/HR01693.mat,B6912E067F8C908E6A4E21488571659E7DA3E893FF0DE71FE586F4B9B6A64E14,120024
training/ptb-xl/g2/HR01744.hea,5545469BDCD6AC60F366702D290AD61A2018D56C300FA4A69060229460820FDF,782
training/ptb-xl/g2/HR01744.mat,13B84C42552D93923A8EF884609C897FFC654E669F3A0848930657A55AB353E3,120024
training/ptb-xl/g2/HR01754.hea,6CC7DBA7911EFC8FCB51C83553E847D122ACD22C3ADAF86781801335E603F88E,769
training/ptb-xl/g2/HR01754.mat,2388444F9A39073C4D54A9F35695BCE76350751EC13F635B4DC73D56F7870CB1,120024
training/ptb-xl/g2/HR01758.hea,470969D040F5FF2746863A523BB4E65EAB64F52C5313999101CFD9B171ACD162,775
training/ptb-xl/g2/HR01758.mat,D3664E6363690991EB906ED6425A844A1BC028E22125668C5C19012C4C1E3443,120024
training/ptb-xl/g20/HR19004.hea,42ED64A0F602C795326765353FCA84C0156234F37708679EC8499E7656266701,761
training/ptb-xl/g20/HR19004.mat,AA3C10ACB18A443E9E3DB0BD246193C77611815D92D0E456610F4F7117873766,120024
training/ptb-xl/g20/HR19010.hea,22C387CAB24BBA614B6D561752718299CBF54AB68E1217953F6324BC8182ECDF,755
training/ptb-xl/g20/HR19010.mat,3BB581CC22CB8D58AC747F06EADA48F4879AD8E22792EA1078A0FD669CFBB99A,120024
training/ptb-xl/g21/HR20021.hea,B5A30F77B68B7169CF4DEBB3BACC790B3A781C5B3CAE37FC62E6FB9ABA11ABCD,749
training/ptb-xl/g21/HR20021.mat,CC194BC7C89B3AD1D372DBE6795D7E60DFA3E26847E39C8C8543ACA3D5BE6079,120024
training/ptb-xl/g21/HR20040.hea,67AC59504C225BD22168D6EC33C571742A2F0C1A63A8B1299D8B1941CC2F824F,764
training/ptb-xl/g21/HR20040.mat,413C07F1A5942D0184AC92C025380FBA30FBC5424352A584BCBB52D84B58CBB0,120024
training/ptb-xl/g21/HR20042.hea,E73CD66651C76C2F28DAE36F041A408141E47E60E92F576C5C6FA44FD9D145CF,786
training/ptb-xl/g21/HR20042.mat,3C3545E7832B2D2621BA8D399B9ECF5B06FA01CB6D4951AAACEE5D2672E72C44,120024
training/ptb-xl/g21/HR20058.hea,E91BC45CD4B7D0D011E956B4A7CE84E12455098AD31DB22E4F4179FA098BE4BC,745
training/ptb-xl/g21/HR20058.mat,9BE8AA30B39DAF91A35CC8AE12DF20A9F4FDFFCEA8F38DBA1DCAE9EE4C1F62FD,120024
training/ptb-xl/g21/HR20059.hea,6083C470C271E2C36D22BF6E3F1530C960D8C46A343A936A3E0D883873D6EF61,742
training/ptb-xl/g21/HR20059.mat,9CC2B64AEF8B309C076CA980633ED0497FCB846DE4D2EAA3E193A630153CBE29,120024
training/ptb-xl/g21/HR20063.hea,A0464833DD4698FAB04DF309EBD8BBA8E563EC294A51D933CF8848B38D0C9CC6,772
training/ptb-xl/g21/HR20063.mat,A8E30021140A15FDE0D299617F080077999711CFC3828FE18D633BCEE181A4DD,120024
training/ptb-xl/g22/HR21008.hea,537B53AA140166D1D079DC41464E1D27A3AD75917F329DC92FD967E5E6C9339A,747
training/ptb-xl/g22/HR21008.mat,E78627BAD3900893D5F36100B7F7B1CADC08F632778C056038C802719763C9BA,120024
training/ptb-xl/g22/HR21033.hea,6C3425031ADC9D3582ECD316B57A77F752C7735D802BF839429CAEFB93ABB30B,782
training/ptb-xl/g22/HR21033.mat,049064D43B6BA5FE33105C537981FC60E1602DE46F4E29570CC449294E1D1D4D,120024
training/ptb-xl/g22/HR21037.hea,C6DEAD52B979E650570A56C5403F90F003FE8470646E272E0607F4F3F39D0B44,754
training/ptb-xl/g22/HR21037.mat,377508077FA12A2D01A36464377F2748E12D368219E7568E3607AEA02C9D2D6C,120024
training/ptb-xl/g22/HR21056.hea,67B3558B960776912B21CA52169332AB7138492E9E75FAD83CE3D16D757A0FCD,754
training/ptb-xl/g22/HR21056.mat,8B83D46662868A49E5097A478387CE7AAC48E877768B7CC98283389323950C18,120024
training/ptb-xl/g3/HR02001.hea,5E631B5319F77D4702D6D7E5853FCEB200A6F1FED882B46048096D6E3B83590E,769
training/ptb-xl/g3/HR02001.mat,936D6A7C589E40B017D5BAD48A6600687D003C75A83165EDBCA346B88B536238,120024
training/ptb-xl/g3/HR02004.hea,BB8B761A80EE9FD8052ECE12D8D81ED285202E5B326ADD334743540D1CE9CE1F,763
training/ptb-xl/g3/HR02004.mat,33DEDD196978289B9D2A2A7B0260D2F75090570F25F856D9A80E5604F199B40C,120024
training/ptb-xl/g3/HR02008.hea,BD605448BAC24D1FEB5DCFB80BFF6D4CA4E4660B98E31947F112C6137D5F147C,792
training/ptb-xl/g3/HR02008.mat,5AE6693E881486F559D7287D0A6F8AFDAB33A2AA6F463EDDA273504FE3CD09CD,120024
training/ptb-xl/g3/HR02015.hea,3002B0BF53AEE417AA608C9A0FB69FE71E1E77481695327C0F96ADB700F29A2A,748
training/ptb-xl/g3/HR02015.mat,EAF5E6738D8D93967C580585C15A10EE8888F42C425E69FAC38BB0C936ACB67E,120024
training/ptb-xl/g3/HR02016.hea,95D6F344200B9D03834B42AF9F99AEE0BBE35E863AF6AC962B13868D761B0485,752
training/ptb-xl/g3/HR02016.mat,9E7B82B7E89DA145E6963CB7E3C0550FF6E6F02F5B16BAA45B2D340D370F24E0,120024
training/ptb-xl/g3/HR02017.hea,0BACD2A88390E94B59DC36F3BE46AF404404CFCFBA11A0D007A234A8E9BC1D5D,769
training/ptb-xl/g3/HR02017.mat,5A8A841DDDEC164F400532BA3864E0F91C275CE84B958AB4CE0E5BB169274A52,120024
training/ptb-xl/g3/HR02028.hea,C768B8145B6FA74A58203F664DDE6876E37A0A249D66FC5B6B28472F674639D7,759
training/ptb-xl/g3/HR02028.mat,618ECCD9752A10CF6EF44EC893F0D0F70302C60FFA89F984E446C854BB2133E8,120024
training/ptb-xl/g3/HR02032.hea,AED1D3A4D6085207FC56E326F3880F08D9DB6BBD1382B5800E1788B1352ED7AB,750
training/ptb-xl/g3/HR02032.mat,D144607300A147B1860AFA0768D813824FB433A8815C8C0555F0D2F8F4988975,120024
training/ptb-xl/g3/HR02033.hea,6A3085742881855D5ABA5BAFDC4846EA967BD2F6EBF57F21B4DE91D3806D086D,767
training/ptb-xl/g3/HR02033.mat,8181D2D93836A0EEFAE1BEB67EB64C379B071BF5D1FFE038840CABB8761A1245,120024
training/ptb-xl/g3/HR02034.hea,8879190AB3CAFAA052EFEFB3F8541B1AD01906079C00E84F3E03CF34F00553DC,750
training/ptb-xl/g3/HR02034.mat,746D016AFE28A41AC68CF4BE8B3126591DC79ADB86A8245362FFF88CE3D118A9,120024
training/ptb-xl/g3/HR02035.hea,3FDC52EE87340C1C8697BF94670039BEB57AF81C41B51D30C296AC17FB1317D3,748
training/ptb-xl/g3/HR02035.mat,6134B7DD5B34D3356E1EFE70662F6E5F99605953F99CE5080C46814E0D3E1C06,120024
training/ptb-xl/g3/HR02037.hea,0ACFFF09A80A679644BF408EE95C0055A369A668292819CE375EE4AAD19A9B83,739
training/ptb-xl/g3/HR02037.mat,9938B9BBF366F28238607C1223043056A919092B26FDB8E612AD20739FD7C100,120024
training/ptb-xl/g3/HR02039.hea,24110C2C867C5BE62BAE84677D90AFBF3D8663807A044324F53A8FDB07271A96,748
training/ptb-xl/g3/HR02039.mat,9E46A1A65C0BEC4D0284AB92BF133B56C73D48A339C9AC3A4B07B514351FD5BA,120024
training/ptb-xl/g3/HR02042.hea,F1D137D26577E4F8459E7DD7886C6483B000D8D107372579446DDDA7AA37D412,791
training/ptb-xl/g3/HR02042.mat,816B9ECC582D44FC5B4883C8D2A90C460D11E7892679FD5EF199D237FDE7E8F6,120024
training/ptb-xl/g3/HR02046.hea,D8A7A53238B2FBFBA386E7E2319E32CF0807A7C62229F67D0F53AF12D2A3B322,756
training/ptb-xl/g3/HR02046.mat,D3292C6E2153E9737B7A02700C241AD35F1DABE160323EB355F4BEB06E389BE3,120024
training/ptb-xl/g3/HR02048.hea,57D636F58C4200C06B3B771416C9206469A98C20A6BA6AA744C825AA06793B78,755
training/ptb-xl/g3/HR02048.mat,CFE635A8695CD6910F289BFE143EE2241D1997F67670C17A4B69EAB9B94E63EB,120024
training/ptb-xl/g3/HR02049.hea,E47E2F77D4E87A862D401C67BD1B9EA52B91DD2724DAA5D76B9DE6FA48563B7E,771
training/ptb-xl/g3/HR02049.mat,D9220B47A0537E893970CD23AD0549F4A312A169064AA13D556DE127AF4113C7,120024
training/ptb-xl/g3/HR02055.hea,29BBA5FC0C4ECA9E1F526A5EC7835914929948EAA7721744F715C9DA8254DED7,769
training/ptb-xl/g3/HR02055.mat,FF522BC625A987DD6867A3BD39A9B81F219C02147A61BF12187C59A759C5B4F0,120024
training/ptb-xl/g3/HR02058.hea,9018D32437A58B6E6254E3A6E0C59707D0AA5CE0DDFD211D9B6DE01D994EA143,762
training/ptb-xl/g3/HR02058.mat,B64E5D30508E42E851FEF634FA3A9AB78F9AEB0F86EFF697543D71A0AA7AAD17,120024
training/ptb-xl/g3/HR02059.hea,88DC9B1B5BEA5E2CC97080DE091BB59F14526CB220C557A3A9484C5BD0028F0A,771
training/ptb-xl/g3/HR02059.mat,B40813AB419B5DAA9A2CFCE4E1E7A33606139E7C4162E8DE2FBE744D06BEC759,120024
training/ptb-xl/g3/HR02066.hea,50319A0A93836C9C9E09C5093DE75178FE7881904705F15A855D0C6DBA12B919,769
training/ptb-xl/g3/HR02066.mat,49142FFC9C4FFC7DCA2FCE9BE92DF95EEEF71850C33527950297F80BE931096E,120024
training/ptb-xl/g3/HR02075.hea,B6528AC71768B9DC92FF78B926D5788A872F9F1BC4577569F2BDA8B52B325670,752
training/ptb-xl/g3/HR02075.mat,B0BFA5BF0BB4964938232E042B03661C814B98CC7C1E717B761503D5FA085AE3,120024
training/ptb-xl/g3/HR02078.hea,8785DBD93CE470E0FC9060F3FF7E26FB282059C976638DABD3BF6FF6C7D52393,748
training/ptb-xl/g3/HR02078.mat,387216BB7AB6F03E7965A2D6F27CFFEE7E93482CF27228FA00DD545D03087B26,120024
training/ptb-xl/g3/HR02085.hea,8ACD15BFB5C5A51B7388D1D426AE5708F98B582DEC0F5671E07B32157E646326,752
training/ptb-xl/g3/HR02085.mat,EF782176962F99D485233F01706FF41810D933F2BC0A00005B2B13228645E087,120024
training/ptb-xl/g3/HR02092.hea,0A5F0470DEC4B5375F933E0D0777BC869D3B35D85AE1C3213E138F5DC41FEEA9,758
training/ptb-xl/g3/HR02092.mat,7600019A2B77501ED8E700CA1A9068F68D2CC19CB48EE93D9659AD68CFF14B45,120024
training/ptb-xl/g3/HR02093.hea,693BB7C1C7277C75C6DA29B38D5E10B70BAD10A6EFF8CA1B1350956B8E1D29CB,774
training/ptb-xl/g3/HR02093.mat,012E66417554F01A5B6D1A12FEF1053FFFF6497BD5FCD4FFCDBD1ABE794F6B5A,120024
training/ptb-xl/g3/HR02103.hea,E9CF3D066AC8E18CC1B8DFBEE87F77735B835943A23844D9F8BB5DFC35BE2273,785
training/ptb-xl/g3/HR02103.mat,1801F6235A5EE98D26ABF0E6A47E2434E86EF666EE1926655326EE0CB9E0520D,120024
training/ptb-xl/g3/HR02104.hea,F476EC38089850F1CF974749E59A6446B87AFA9D47CEE7F306455B8E4E6D3DFE,803
training/ptb-xl/g3/HR02104.mat,1116BC52FE82D955A18DB5209EA9048101998866F99F17708AEECDECEAC2264F,120024
training/ptb-xl/g3/HR02112.hea,3AC3D3922ACDC02BC8748EB1966215D9F50B23C8207426A6869F7EA531147CB7,778
training/ptb-xl/g3/HR02112.mat,94208BBACB049344ED7512BA1D53751A65F6E1083B909551FBE33FEB39F79139,120024
training/ptb-xl/g3/HR02113.hea,9EE0DED6F0D2DAC5A1E4841A0AAC03AED6BC5D08F72959A2AE95A16055F313A3,788
training/ptb-xl/g3/HR02113.mat,AA6CDB3508408EB2C43F14BA7B9E1FEAB83ADF83F19E7B799E2E1F4F7C8BC3A7,120024
training/ptb-xl/g3/HR02116.hea,5BE1AF914A579D19CC81D2E79B8ECCCE6FEB799DEC325BE800DF42BA0534D1BE,751
training/ptb-xl/g3/HR02116.mat,B36A1D2CC3F5393E132B4C65083CA3F7609CF8EA02FEC074C25E64A39483BBFC,120024
training/ptb-xl/g3/HR02119.hea,8FE26B0FFC71E81C6851FA33E653D6E194FB99EB5C30764A531A9668D0947F1C,762
training/ptb-xl/g3/HR02119.mat,8421914D4CB0F02B9D64DC790590CA090B61DB37E746AF41A6DF42A9F2D97B2C,120024
training/ptb-xl/g3/HR02124.hea,1D667E5B1CF19442720C344A8BECED50054EBF88024DFDD8A68C8257A27A0C87,777
training/ptb-xl/g3/HR02124.mat,27867387DAC05219D85035D4AC6EABF4F5A8BA8702D79E095BAB9942BAF13B9E,120024
training/ptb-xl/g3/HR02125.hea,21778C41AB99692E708D65C73597F7C3AD457E575591BB505963BFA2902223D9,754
training/ptb-xl/g3/HR02125.mat,8FAC43568915A5360288648761A02E080B2B1BB75C21F7A02D2458DBF4C6E717,120024
training/ptb-xl/g3/HR02135.hea,12E8BF894E28E2627CBF7A5D6ACB29E7E3A9C02FF007E4E23D5DAF30B1247B31,756
training/ptb-xl/g3/HR02135.mat,3F73C425AA3C7C84A239B07A7B51897E0D4DFD647911D08EFD7F0C8BEBA2C742,120024
training/ptb-xl/g3/HR02136.hea,DB585F33EB5B56AE6B5AC21B6F22171ED0AC0079514D6AE330922C69BCC57C07,743
training/ptb-xl/g3/HR02136.mat,3D9A8C07B4B7114C0B508A926F53BD777AB7134E59621926AB9031AF52FF06FF,120024
training/ptb-xl/g3/HR02137.hea,479B3C039C6EE6A06E1577456775D2986B5245E1FD3A997EC6B1B3E22D1071AF,750
training/ptb-xl/g3/HR02137.mat,6FBDD7080997F731E7CA8C7E0B522885F65E2E05E0835F5D00B0B34822A7E6A0,120024
training/ptb-xl/g3/HR02146.hea,F4440EEDE8B57E01FEE55F2BEEB65900C563E045048FFD55FE807FE16CB355C7,748
training/ptb-xl/g3/HR02146.mat,2CCF139D41706125033EE5053FCFE4355B9843C2FA30854B1ADB5F7C441B423D,120024
training/ptb-xl/g3/HR02153.hea,D8179BFFA23F05DD1E4DC3C67A690D8D7318831AC1C544F483306FA7FA66E6AC,754
training/ptb-xl/g3/HR02153.mat,2283C2CA11F2CD0B17AE5D4009F471457ED14E7470C4A56781DE749FA3630557,120024
training/ptb-xl/g3/HR02154.hea,E0C931679A2FA5A7B1B1A8F41E27EF43CCB9DAB248DCC2D1E26A87A3942923DD,746
training/ptb-xl/g3/HR02154.mat,32E43633B86EF501F97AE567CB07AB26E8CD062F926C06B4B0565E459D896411,120024
training/ptb-xl/g3/HR02155.hea,B295374B50C6EE17BFEDC7B394F97BD9A57BD03ABDDA305A2EF0AD56192B3958,763
training/ptb-xl/g3/HR02155.mat,1C65922452D7AA4731D4038A77B5410B96ECBB9D93C1E84CAD402DA27E0BBBA8,120024
training/ptb-xl/g3/HR02158.hea,8F200F0C36AAA766C047600D6C888815A8FB8EBE77F5F204433AFBB69600DFA4,764
training/ptb-xl/g3/HR02158.mat,9A010673D70D905108E162A53783B79DC0EBF3C2773E8CBB8296F449916F01DD,120024
training/ptb-xl/g3/HR02159.hea,4CC905A4B7235DDC9F2CC2E2B077AC63F10E664D77455E8B4A34FE9932EE7F24,756
training/ptb-xl/g3/HR02159.mat,819378B4F0F2340D338E6B345A2AC81172B240C734A6FCA936F25C5F469127AF,120024
training/ptb-xl/g3/HR02160.hea,D446AB559C76B7603E861FAC52640E2C359602CD02E32AF471DE5E5103821930,768
training/ptb-xl/g3/HR02160.mat,E6462B482B4D3ED3682B739C0F4E1AE5869C62B3F9065AB5E2B1C257BA9DCD93,120024
training/ptb-xl/g3/HR02173.hea,6B5E29F0A68D447CE02CD77871CB2FE24329AFE8B035DA34E0A13B96C75162D9,755
training/ptb-xl/g3/HR02173.mat,9CB13062D11B75B2ABE28E3214DB7C187BAF0C805120CA634D6EDC97F37FAD69,120024
training/ptb-xl/g3/HR02174.hea,641D8DFDF97B6AC4687A270372FB4282791C6CFDB46E2223BD5A0393986F0F2C,771
training/ptb-xl/g3/HR02174.mat,5952915D8678201B5CEA816FDD9D0551E029CABCDD5E231FF5B270CA82833CA6,120024
training/ptb-xl/g3/HR02176.hea,2476ACD753C1D28DC9E730D40C7160F446041FDA01F6CF0D2611D1A7DFBCC913,788
training/ptb-xl/g3/HR02176.mat,DBF56320A09A6EF803A501A5C3A3F29DE341988FA81718AEC2265ACD8E5FB1B9,120024
training/ptb-xl/g3/HR02177.hea,CECC9269D4B74F68B66293F6FA5A322155FFC554BB09A93C76273380210021C1,754
training/ptb-xl/g3/HR02177.mat,F602CEAAED7AE3F9D499960B717340F818EAF9F85770935469AA479150475F8F,120024
training/ptb-xl/g3/HR02187.hea,D3B79E390E95959E504A66B84326EDBFA6E7D8CBE431A8E6EE7EFC175B0EA244,764
training/ptb-xl/g3/HR02187.mat,AB81E8E65506DAF9E68D579594C577D09350BD1AD91D4B4D60081AC605801D78,120024
training/ptb-xl/g3/HR02188.hea,8802617C2D9B4A1C725506B797DCF2E136E889B5CEDB27EEA96AD4F98812F429,772
training/ptb-xl/g3/HR02188.mat,C6F4F2CA564CE5555AC7E65E8C75688C67D68B74BEA4992072A76F4AFAD453B7,120024
training/ptb-xl/g3/HR02189.hea,8FA565E65E5DF6D3DAAEB5C3DB45EDC0D261AA787FFBA659CC6500E2F10A5333,755
training/ptb-xl/g3/HR02189.mat,7D2E25358C9BF331EDEBEB2741FC7A435BCCD147240B2A5376932EEAFE1B42E7,120024
training/ptb-xl/g3/HR02192.hea,80C8FA296B4874665308FDADB962067462E42E736F9D14E171457062FF990711,748
training/ptb-xl/g3/HR02192.mat,B02128E101E7E3EFB66E8B744197A702E1ACA78386E8F7C62C4C13B0E51FF1CC,120024
training/ptb-xl/g3/HR02198.hea,EBF7D4CED287C839CEA6287E6A4004907160BE56FE7FF9FC01C11858EE0EC6DC,755
training/ptb-xl/g3/HR02198.mat,B1E3331DA6EDBE115BEB01EDB5F30F444140D84C3580F25DCD77C73885BDEA34,120024
training/ptb-xl/g3/HR02200.hea,AAA5866F6DDFC85A66B24FEF1D55C37742A652B1892E20800802F2EBA5A49893,782
training/ptb-xl/g3/HR02200.mat,B0A7B18B066BF2FE503FA1620F3C7BE196330A9C78E3C9494469A5EBB054AA86,120024
training/ptb-xl/g3/HR02201.hea,C21EF1FFD94F34CE3CF9E0F2EB90E14904F71392CB9AC423AFB3BFF432CA7DEE,775
training/ptb-xl/g3/HR02201.mat,0191F83634CCD5820C827EABC5A267B6797496F4F7F090B43E90E0747617AC2D,120024
training/ptb-xl/g3/HR02202.hea,A6808D7244B4DED653BFF4840DBE9D41A8D44A4FC7C65CDEF7EBBF3B85B42CCD,766
training/ptb-xl/g3/HR02202.mat,E5345C0B9DB2C85561931E291D8D50192FF56609E8838034133B52C57929D058,120024
training/ptb-xl/g3/HR02204.hea,0A563693EBA35338151219D485C105DF73EB0AB7EA15CD5DD770A735A5D69F4A,767
training/ptb-xl/g3/HR02204.mat,343ABA3E8E0FF607506F3FF9268FA9CF48877DE0A2CC71FBD5F5811187E0D96E,120024
training/ptb-xl/g3/HR02206.hea,297CB882C76554482C6B1C79079E953EA967260EB1B165CCE88367D78D78B30A,791
training/ptb-xl/g3/HR02206.mat,27433FC54369BEEFD1286B2CC6273593476BD374BED5C16A7F9DEF20B5FB12CD,120024
training/ptb-xl/g3/HR02211.hea,1F253DBFA8DDF62B81A64354848F5B0E58F6360470C6536CE7EB1175C8D3D098,757
training/ptb-xl/g3/HR02211.mat,E9377B8698833BE55C6AA51C393B934ADC5609B6CAE99DA2E43F02BBE886244D,120024
training/ptb-xl/g3/HR02216.hea,3A549E2C1AFFD12BF67368937EF626629C9DACA4AA61ABBC33A7FBF015FA0C76,748
training/ptb-xl/g3/HR02216.mat,66162743E20407F1410BC60761B26AD245FE766F4002650CBE1B5C2BD04CEDA9,120024
training/ptb-xl/g3/HR02227.hea,CF03DE09AC5A04B7235016FA52DE194BA93691398A3CD69725BC7483E2C3B438,799
training/ptb-xl/g3/HR02227.mat,29C921DCEC622CCC341BB8F35357E95299A27B045B65B60DCE47790A740EBDEF,120024
training/ptb-xl/g3/HR02235.hea,293E81D38F06BE8A7B7BB1DA861EFA0EC60872F73FDA63816741541059F6E2D9,774
training/ptb-xl/g3/HR02235.mat,ADBFE18B5F041DFCD652CD37E667CB897AD35F85AC2A9937C2C83CDC67C4AECF,120024
training/ptb-xl/g3/HR02241.hea,5D10EAFC818947B94B6526C9BB6742DB69D5A02B2502840C611FBA7F14E29968,751
training/ptb-xl/g3/HR02241.mat,66CEFA456388A67C85E8062E20214E2860CBDDE5AE28003C7B79D0B0D90C2F2C,120024
training/ptb-xl/g3/HR02243.hea,7C7E337550BB39162D50755D415302DA68548447C01A7E75A18017EB566982EB,789
training/ptb-xl/g3/HR02243.mat,78F8BF17273CA6246115B1CA9760C57E93F15B4F76ACA41305D0D20E358D39F3,120024
training/ptb-xl/g3/HR02245.hea,F195A5430CFC4C599D6D1B260E6DF727A785E0A5ED9D362F9162C0A4D0EFA419,755
training/ptb-xl/g3/HR02245.mat,BC3878029B8D71E847B026E8FF82E5FF5378263BAC0EB0EA80D61D529D9868D2,120024
training/ptb-xl/g3/HR02247.hea,53949FBA19CE07DCF28FCDAA28448F5A2F69BF848259033F4901E72939425FBD,760
training/ptb-xl/g3/HR02247.mat,959C3C6F2D6E7CCC405915EE130C48A6D76ECB31FEA37DECE0C8A393FB69F351,120024
training/ptb-xl/g3/HR02248.hea,8896A932A8AFF2D81EBE8532D2A4ABEC1E6F96CEC9E2F501DFC9CB94C38F7BF7,751
training/ptb-xl/g3/HR02248.mat,AFC7E61FE4090318E5CA2377B57FAEC94A0A7AF009F10EE07FFA0286C2AA9F63,120024
training/ptb-xl/g3/HR02249.hea,54FCB705E015BCAB3286C991C0F050FE3A15F9E171E4C70FCB7CEF825E5A8453,759
training/ptb-xl/g3/HR02249.mat,C1716A7DC25BB4612AB6DFF96118F3B4912EB85C0FCFE277FCC94450DE3B6240,120024
training/ptb-xl/g3/HR02250.hea,5B13E15E2F5E7EB94F6532DE915799C9705925E305B9B75F546A61F55122FB2E,748
training/ptb-xl/g3/HR02250.mat,9B468B4762E2195BB8AB92334075879A1E12371D971F3AECC540E88D7CA18DF1,120024
training/ptb-xl/g3/HR02253.hea,186E246095686149A1573242D40174E9A1FE314FF05455B55C45AE7CD6B1927D,798
training/ptb-xl/g3/HR02253.mat,DF775623241DD4ED49BB518EDB7C4B3F0CFD96F8A7FE502CB33FB819AA9BD3B5,120024
training/ptb-xl/g3/HR02254.hea,8CDD7886852B5528DAC291DFD701955EC301AA5E421F432DDEE237C0B4A867FA,765
training/ptb-xl/g3/HR02254.mat,7E847DEBDDB70EE8C91768BAA7DB6EBD64925D841F5324C90D264795977E42B7,120024
training/ptb-xl/g3/HR02264.hea,A55CAF7C7F88314F238888A44D4F675FC679C70CC3A4FD7599B44F1EC0D623E3,752
training/ptb-xl/g3/HR02264.mat,23C790B0B5358B042C9F6C370148FD7B43EB3BC03B0319D9A4BE6EA53FACAAF0,120024
training/ptb-xl/g3/HR02271.hea,E58B1644ED5894256E40FD61F5BBF553A3A8EFFCF8573B307106F0D8E5765EC4,782
training/ptb-xl/g3/HR02271.mat,BADC02EB10843D9D9A143BAFF767FAF48D6D517DA035DEEA5D4BCF0C88431D47,120024
training/ptb-xl/g3/HR02276.hea,C0A44BB223F662CADDEEFC3FBC3D3184427564FF87623B7CD774AF7C001F551F,767
training/ptb-xl/g3/HR02276.mat,6DEA341EA2F700C85684B44799B3FD44F52E53B4C1A9F4B039B8108028E07C35,120024
training/ptb-xl/g3/HR02277.hea,7E33D85507870D12B63B1243FA7B74C8D9C7ABB015A360B3828AD9BF29176B36,746
training/ptb-xl/g3/HR02277.mat,332192218C4B34B076F3BB2CB5AFC670D181233C3D57AB6786B77FCEDD0016B3,120024
training/ptb-xl/g3/HR02291.hea,F8B1967D3DF883A4BFACCA27BF20C1F2A6228E8E50BE3495422E9B5A5C931945,762
training/ptb-xl/g3/HR02291.mat,CE6E826C4BE69658D1C2CBD00625CB61C409693C4D36B58FDBE5B6D03CC009AF,120024
training/ptb-xl/g3/HR02294.hea,4BC5E01EDFAD63BB1BFEC79CCBDB720055E681409E761B6F442DC5F8F974A71D,757
training/ptb-xl/g3/HR02294.mat,5868E2E4132AD9E11F97C4D7D888CC9F2FD48CAF0A5A8B5FCCAF41EAFC10708C,120024
training/ptb-xl/g3/HR02300.hea,BA7DFBB462C89FAF4B15D5874C432620F43D662904DB372127B8CC5E67E606CB,801
training/ptb-xl/g3/HR02300.mat,81511A5B9CA6DCFB5C37D7213F62D25159152A2ECEC0893AFAA182687C95CE06,120024
training/ptb-xl/g3/HR02301.hea,0E928CC1B2B603B10332E8B4A6B6D993462B9D8F42D2F60D29B92868D7F77EEB,758
training/ptb-xl/g3/HR02301.mat,F028CE96241B147E3CEA5BE40E8C6164ED6700F0A79B43514C06A6CE3BD688F1,120024
training/ptb-xl/g3/HR02311.hea,CA7B982CA79C4328C604CEBCF0FCCD9CD56C75A38F2B50D03A2759CD445F2D7C,778
training/ptb-xl/g3/HR02311.mat,C1A73395664E6D412D989F477CD4E2B2283483C155358D7A333612001D613E0F,120024
training/ptb-xl/g3/HR02317.hea,4BC6C385F0BE862F3D97F1A306BF4FD15CBF6B8EBBF19E8C32F224E2F92DBDE7,793
training/ptb-xl/g3/HR02317.mat,E9F3BE6DFACDDD4A48F92F0C0A7FD916E64BF4B042A591D398D0AC7F3639DB84,120024
training/ptb-xl/g3/HR02321.hea,5D4DFD720C1DCA13E2ABA3F486F1B8D724C64F4021BC60A42767840DB4766603,748
training/ptb-xl/g3/HR02321.mat,11C951228DE814E719D285C23403F80D42A698742071A5163447F1EC9B22BCDE,120024
training/ptb-xl/g3/HR02329.hea,7FB93511A551970E189654461502EA04961257B2E49C1D0EAECF39BCAC11301F,754
training/ptb-xl/g3/HR02329.mat,4AD45DB28CDB1A92205C81E3506EF049DABA1F18B69411F4A5EF3ECA92B2E755,120024
training/ptb-xl/g3/HR02330.hea,D54A0CD536624035A942A2451F0CC1D10895CEB8E023DF859FBC674733C3B8F6,768
training/ptb-xl/g3/HR02330.mat,385B4159F183E8137E133EBB72B2793235AAE617F1168FAF58A8335547AC85A7,120024
training/ptb-xl/g3/HR02333.hea,FF7BCDF6361B03E85EDFD4DD03CCCC0122D0603D1ED91D0DDF708F02A017E7AA,764
training/ptb-xl/g3/HR02333.mat,BBA8E099A0EA2A09C3E6215CB017EA6B653EAC2B56E790CBD9FC9B9B50860B6A,120024
training/ptb-xl/g3/HR02339.hea,53D6786D66616F3B4BDF35489962F967256F1D38FA77EEB4B7501C1FE4FF2A58,763
training/ptb-xl/g3/HR02339.mat,64182CB867A362B97456A23CD3B7DC4C17150CAA9BB30121F2D3003E90587539,120024
training/ptb-xl/g3/HR02340.hea,A8AF0C5D658C684DA11DF286077BC065DC9B8E68149AA9FF643BF2F07946C1E8,758
training/ptb-xl/g3/HR02340.mat,9ACC9346C444CE707E1AF7A0C37F57A8CD5F43852054D6E61A4B8EB681EF6693,120024
training/ptb-xl/g3/HR02359.hea,4A10532E73AD4B5437AFAE8885E578F3EDC6B8A13CED1C38823EA498D0FE45C3,760
training/ptb-xl/g3/HR02359.mat,CF4672A2026E8A5067F7D2EB3A9E5CDAD41A8E12219C1B830973FC0349A0049A,120024
training/ptb-xl/g3/HR02365.hea,9F93866FE74C054C0F646D1BB585BDEDA68F916D4AB0B53F5678E23343A6984F,755
training/ptb-xl/g3/HR02365.mat,8871604C4DE0128EE0D1124A70D052C0A7887FBA36CBF998453C53B375C21C5E,120024
training/ptb-xl/g3/HR02371.hea,D23092D011FE432B0EFEAD33892CC88A67F038974DF84BA5A401AEED9311DC3E,764
training/ptb-xl/g3/HR02371.mat,45E9253CF00CCBFE7B5514C7023CFCB27C9141E57F3EF3802C3D186D3ECFDECC,120024
training/ptb-xl/g3/HR02385.hea,B4095C3D1A4E4ABD13A6A955E6D5D4BD1D164A6AEAC5B0C4DAEBB1393E6DA919,778
training/ptb-xl/g3/HR02385.mat,7931AF0C4C235997ABF6F82C3876B92CFCA0D1DE4CB87DA441B089511B3D09F4,120024
training/ptb-xl/g3/HR02402.hea,4284C227C549E6815F3C697E2686071C44C412F99516026E8D57782C750DBE06,764
training/ptb-xl/g3/HR02402.mat,96B92DE9688C459DC96C11F0A6BFD1E7A1600C5A3621C4F6D3A9E92021E077AA,120024
training/ptb-xl/g3/HR02406.hea,AD7CC7CF39FBDB95A176E59D3FBCDBC0B75AFF56FCEBDF686A6109CB14229512,763
training/ptb-xl/g3/HR02406.mat,F3E144D95764FA6B13893DD59024A14A2F11EE90AF3EAB9808186359AA7652F2,120024
training/ptb-xl/g3/HR02419.hea,4009D55777BD1F6216109C6F1BF53E4CCDD8534AE576B262A712BDD0CCBD89D9,749
training/ptb-xl/g3/HR02419.mat,CA2636F69D85163D2717FE490948C0361FD428F20C26341FC7ED684A0AE79C1D,120024
training/ptb-xl/g3/HR02433.hea,A6C31EC20DF0FB3F9A8330152303F76212553F2C89D3DBAC5A40B6A8A1CE0467,756
training/ptb-xl/g3/HR02433.mat,49C5522EA2F6114271573B6144DAA3606675D6BD92ABDDD79E4EBED3C814840F,120024
training/ptb-xl/g3/HR02434.hea,948B025CA353AB46E8FCD64F28ED3324985691CD0DC1BF8F051312D7C3327527,753
training/ptb-xl/g3/HR02434.mat,4E70903326BEC3A12DCB7F529CB2F85CB20E8B08B01836F7363373031ED9ABC5,120024
training/ptb-xl/g3/HR02442.hea,8918F5BD73FA4FE42C8DE7843B9EA2070C5ADB5A7A9353C5BD6F2B8241A90F97,753
training/ptb-xl/g3/HR02442.mat,4107BB1CCBB596E0DD01F4167EE8DF82B030E130590C7CB99BAB720BB19839CA,120024
training/ptb-xl/g3/HR02455.hea,FE73C3DFFD5CFC68D96DF788B3FD324CA13D06B742067C5F4133A90115B50AF0,768
training/ptb-xl/g3/HR02455.mat,3A54C130A0A1E035276433FD6F0D15785FE6F6642FF9D5290CCCAF9C653AE860,120024
training/ptb-xl/g3/HR02491.hea,3EAC30BA30F72AFD165EB4DD49DAC95925AFCEC810C310BD7401628D1FF5CBEB,767
training/ptb-xl/g3/HR02491.mat,20DBEAE86F3EB30C6865E40CEEC7A7A3C0F84BA7430BBB47E53FB93D18697C97,120024
training/ptb-xl/g3/HR02493.hea,300ADEB8FC40708E3D24D508551D5F068C6C39ECCD49B04AE472442114863260,738
training/ptb-xl/g3/HR02493.mat,FF5C9B6B7BD49B4784A372CC7104796D4F045FBE1FBC6F4936D94EE63130F41E,120024
training/ptb-xl/g3/HR02535.hea,46FBEFF88208444DF24AC34D5B2E4D2C575E0F7E25B0E6F584559B39838E5BF1,762
training/ptb-xl/g3/HR02535.mat,C980FB2A99B8A06C61E1C395E8E2DCE1B73CCD78BD997CDF9D8C57A967834ACF,120024
training/ptb-xl/g3/HR02536.hea,E52D6B3B4AF911B643CE9B0DC978A93C93A4A224BE63D3651B235EDB31685EDF,781
training/ptb-xl/g3/HR02536.mat,E554DCDFC53539DD08DEC358B5500A1FFFE242AF8C0A3DEDCC7F476C4B43E9C4,120024
training/ptb-xl/g3/HR02581.hea,33742551D28FBC675C75BF67F3EF50B35E045530BC17394DB7C1474EDB2DC3BF,739
training/ptb-xl/g3/HR02581.mat,E8570410918271E090074E92607EB307A1C7766569DF9AE4E162EB302D22F6E3,120024
training/ptb-xl/g3/HR02599.hea,8616B186ADBA44E0F632A489DF5ADD97EC6B0838A1527EC2D092326EE2F11909,765
training/ptb-xl/g3/HR02599.mat,12B4118D2923574011FABE4F1CF8939E0B2D4F5CF24E729F47792D9794EFEE92,120024
training/ptb-xl/g3/HR02614.hea,12849C567A7A2BD690F47C00DCB2B2DC628D8BD8EC80F1772A1C3588500474ED,740
training/ptb-xl/g3/HR02614.mat,C193F377579A4A0A1371C686A47B5188561CBE9F69DC20FFB6037D6E8BB4A9B2,120024
training/ptb-xl/g3/HR02615.hea,4D23F481D566F056025D93AFC4E2C7319004C01A5E20CC031FA112517C4B298B,737
training/ptb-xl/g3/HR02615.mat,3FDE52B64C5C48E70FB26E63EE866E1DF9837FB6F549BEE94D475B66A89EB5D9,120024
training/ptb-xl/g3/HR02623.hea,3CDA9B7DD5B2D206C4AB57A49C3BE8F44A05FA3204C4BD2CA25EFAEECEA744E6,772
training/ptb-xl/g3/HR02623.mat,B2C19A164D94AC1D8904EC75D8D61B2A21A77575493EFE86C42EF273D16C60C4,120024
training/ptb-xl/g3/HR02655.hea,16365BFAC481578DD91DD157FD4D031BCCD4A91BDE3FA59B987B61A96EC1DDA3,774
training/ptb-xl/g3/HR02655.mat,1B90EFFDA82264E29D59AF47066AF235117B5E2538A883331A342AAB8F95D643,120024
training/ptb-xl/g3/HR02672.hea,AA109EAAF6CA1B29C05C436A34D6442FB9BB3574235E1ADE25CE3D0FB8293E95,768
training/ptb-xl/g3/HR02672.mat,F9EB5DEF34DAA7B9C24F3473BF4576FED181BD3454C593936A6C22F2A2BD5463,120024
training/ptb-xl/g3/HR02741.hea,AAC2367028A587CA49AC3834E5694F3AA931DA894961309AEF6B2E95F1FC2DF0,741
training/ptb-xl/g3/HR02741.mat,51633419792A2EB772DD286BA944E83DB2E2D05ABD373DA15877A98D52CF0D9D,120024
training/ptb-xl/g3/HR02818.hea,4AA690C7699255A6866EE0FDBD3EA1A00E9C2761AB06179FE1BCA4ADD8504938,775
training/ptb-xl/g3/HR02818.mat,9B2899A66B7293A721B14052B5BDF42965E75E7C8591226F8E2B1BC26E00B427,120024
training/ptb-xl/g3/HR02838.hea,C323B9541822732563291D8CAF40B7805CD67AEEB5C7CE47A74C46648FF9FF47,745
training/ptb-xl/g3/HR02838.mat,33B64D091F8486EE22D72A29B82A6A1859B0F52D13E1EB02DB2D00ACD9B7A624,120024
training/ptb-xl/g3/HR02856.hea,1DA06B08416BE135312B366D4210B51CCAF5F554AD854B019D9019246117DF20,757
training/ptb-xl/g3/HR02856.mat,7E3CAD58E0E8DB2CC830464DB134508FF7CC5313F6B11D00C7D5A93DE3E27FC9,120024
training/ptb-xl/g3/HR02940.hea,15DA4F86D76957CB3B05B3639551AF4912603C36424E12825714B0EF737D55F3,757
training/ptb-xl/g3/HR02940.mat,8725D44EA30BB03BFDC5E3F6F4A35FF1E8B9EE80D8F542A19658DEE8C73C7778,120024
training/ptb-xl/g5/HR04002.hea,737C228D2DEE595D70C52C5C5821246650D3F96B8A45D3546E5407DBE71752B4,792
training/ptb-xl/g5/HR04002.mat,D9E569251073DAD04485C7BAA8BDEA226A4DCF56D559F4AB661210D03C9BBAD1,120024
training/ptb-xl/g5/HR04005.hea,23A540962DBFFDA234C3032C12F35076DDBBB00A966A609A74E78464BFB94512,753
training/ptb-xl/g5/HR04005.mat,51268EEC9D9DE1315597A06350E053D2888192B4E3FDDFFDCFF261096371E016,120024
training/ptb-xl/g5/HR04014.hea,1CD6150F4995DB743C07838A904A0EB20C3386291CE24249B0C250E87280E1A4,772
training/ptb-xl/g5/HR04014.mat,71DBAA933E38B360A030AF93D3E9D42B4E38923F1796978BD94A9DC8570B477E,120024
training/ptb-xl/g5/HR04024.hea,5CFF8A170DD2C516D7C1DC877E461F473136E7533D0D27D3B9E4F3C76C511020,769
training/ptb-xl/g5/HR04024.mat,C7F85898A9AA813A615F86A4F8D39058FCFF4FFD57E6755E82C1DE50A9709690,120024
training/ptb-xl/g5/HR04027.hea,B4B59CB42BF1D7893C3AB503B251D257CC64B1F56D484A4D7E6EA1856C963AFA,776
training/ptb-xl/g5/HR04027.mat,F248BD5187F91C76D2F9B214BB8CD352D8C615DE8DAFB6E1009BC8DE90B4E88F,120024
training/ptb-xl/g5/HR04028.hea,BFBDF8E59DD702EA0AD671114AA4084C8CA2AFB2A5CA8D4415A9B0AD861E2F5D,767
training/ptb-xl/g5/HR04028.mat,A053F934A8797AF865C8AE61FD8E8995D17277F7BF247C66D5346EB3CDEE5AEC,120024
training/ptb-xl/g5/HR04031.hea,7D7E48B059F5A9B803631A5414A8EECD7ED811DA5DDC86BF4AA7DB9865BEAAF9,762
training/ptb-xl/g5/HR04031.mat,8E6FB0314A6FDE8CF3ECC7052B40AF636CA30A6111BA72CEF6C21B2FD4EB20A2,120024
training/ptb-xl/g5/HR04039.hea,EA544362F63155B96801925DBAA39742A4A69EB8E7A73E62B9CAAA1242C28664,752
training/ptb-xl/g5/HR04039.mat,FE20C44283017CDE57D6A5FFC328DBB656BB2DD99D37189B83B2106E419D58A9,120024
training/ptb-xl/g5/HR04049.hea,79CF88393F7E913819DECE6C7795A617DE365601E76A14A1C6DF537A01BA4689,796
training/ptb-xl/g5/HR04049.mat,76F7CF0331029D3902FCD92F7594CA2E26D0342DAB93B42AC92E73090A2C4FCE,120024
training/ptb-xl/g5/HR04052.hea,C7A763AE86A7EA93FE16E2ABBB5CD0F1213808F4529FF1F01F433FC911294294,785
training/ptb-xl/g5/HR04052.mat,CF5E3D43D3E4A9DB7995A0FAA24C951775F7C04513463292666D2EBF489A8C79,120024
training/ptb-xl/g5/HR04053.hea,0B3597955CBF521E9927D31AF1662D2F03030517A43CBED4EF9F84179C2D1BEE,801
training/ptb-xl/g5/HR04053.mat,53AE6F4899CA8A6BB2226D29108CCD2188C2133EDD239EBAA278AB6D4F6E6E37,120024
training/ptb-xl/g5/HR04056.hea,42F69CFDDA825C680A8E92D174FD83DBC5F04BF00C7DDE263B3A5551E5E5DFA5,801
training/ptb-xl/g5/HR04056.mat,76904930E77F767194B5C0271FF77046230C6A07C5C9C9EEF53281553A8F39F9,120024
training/ptb-xl/g5/HR04058.hea,48170CEEF146A842A3640579976E2F0473A4E2F26F0EF2649E43133C6B2073AD,767
training/ptb-xl/g5/HR04058.mat,ABF2011EA6ED1326DB6A3857481D455763DD3CE553EC97DB391FED7AB35D752B,120024
training/ptb-xl/g7/HR06003.hea,6942A6A4FA9C26E3E491909827DF5A43C1C3D1DA3FA9279D566E781CEAD50DCA,764
training/ptb-xl/g7/HR06003.mat,E6D85F08608C9FDC408B11E53B9DBB3E4DEB63AC43483297859D96284A297F12,120024
training/ptb-xl/g7/HR06012.hea,64F1BA501A926ADC2ADF7A35AADE0CFD7E66E67CAD2E8190738F80C695729880,755
training/ptb-xl/g7/HR06012.mat,D859609ABDF2314279A9E6EF49ABF0539263D593551BC09683EB02949D03E531,120024
training/ptb-xl/g7/HR06025.hea,ED04CF39E7BCA619907DDE0A784B9CF5EEDEF6BF1C42820EBD3938BBDB56727C,755
training/ptb-xl/g7/HR06025.mat,E722869FF15B90E282AFB39E504724C9E661BFBFB83D392EA42F3A498470B53D,120024
training/ptb-xl/g7/HR06027.hea,8A8EFA74125E121B8EBFD2E0C4CBB5161A01481D6D069C021BDA6687B8F56D80,773
training/ptb-xl/g7/HR06027.mat,DE418275248E95C629A9CCF7B3CA4F2A4703F362DFCBB8B5BCE3F9D30F50D9AD,120024
training/ptb-xl/g8/HR07001.hea,ECBF6BEFFE993AFA08C68802AEB3592A1A04E68BA8CB3E02533BBBB2198B4F6D,775
training/ptb-xl/g8/HR07001.mat,5173FD967FC48CC82F30BBD15C84F3B2FE39843997C7F8DF775011B20E5F1212,120024
training/ptb-xl/g8/HR07017.hea,524810D4AD101B5F161BE86F423D928E2A08FBA4A09537953E4CE182842E21A4,766
training/ptb-xl/g8/HR07017.mat,DF73E53F625E6420444F578C1D04C842D81525CF62C04F5C223A5C8B28DC9F11,120024
training/ptb-xl/g8/HR07022.hea,F05E4131849D657D072D982D6EE5246127B82DEC37DE2E83B5DD5756DB004718,790
training/ptb-xl/g8/HR07022.mat,141CDCB8F7550C31461A9776688614541C8C56580EA7657C7697C2E165FB382C,120024
training/ptb-xl/g8/HR07024.hea,B9C3AC647871178DA5D8A2F14FB1DF65E4136961166BB883353E136CD93B88D6,759
training/ptb-xl/g8/HR07024.mat,22CEE69122CC1E957BA175CE90D30165F52DD954976427A5EBE929E330567D04,120024
training/ptb-xl/g8/HR07029.hea,6C39C89A890C26BBE43D2BD4CA77E955B8BA290AB212E325C946EB9732954D57,768
training/ptb-xl/g8/HR07029.mat,A0196671DFDB000EDB9C4C72163D9FECBD9223247D931183FB5192BE6B02AF69,120024
training/ptb-xl/g8/HR07036.hea,5139CD125AF9836E943E4277164ACC51F795F7B13597812AE38FEC41CAE131C6,792
training/ptb-xl/g8/HR07036.mat,B9F0851BB4EE42781C2192CA9A3D6CAA07BAD2AEA75D5CB0CD5B72A4F3EE2402,120024
training/ptb-xl/g8/HR07043.hea,58287A968E165297221C3AF10BD99B1C04DBAC8C060BCB2971BE85BCF9CAEB89,773
training/ptb-xl/g8/HR07043.mat,F24EAEBDECA0EAE47B97D34312B1727D5333C793FEC39E609766CBBAF82798D5,120024
training/ptb-xl/g8/HR07054.hea,BA22D46EB768293806A39F5D920D58230534BAC50E8C6A1FD571AAA385DF8032,771
training/ptb-xl/g8/HR07054.mat,E3AC0D5DA988BA178A1E93A2EEB89BECC0B005E434D9D866384F8C41DFF41E0A,120024
training/ptb-xl/g9/HR08018.hea,8DF5BB06C4933898150C148C74905927C6F589FA2136B3456271C42D7799A83B,772
training/ptb-xl/g9/HR08018.mat,189177B3439043E5B25223732F991E4A27411B7D2CA7571CDC96D52ECE686C85,120024
training/ptb-xl/g9/HR08073.hea,04CED300D62D6949511B141164D59B3CB24B8CC053E6A07B436A1745F17E0BCD,801
training/ptb-xl/g9/HR08073.mat,5F7B307EBB167BA29ABDDC780BF1874A7FF81850959589767814D8FA646ADBF1,120024
