record_id,split,status,error_type,header_sha256,signal_sha256
00077,calibration,evaluated,,ce1dbed1dc62e2714d433fba304983dd19c91fa3f97ad0a7db6814caaac318a3,ca9001aabec55ef26176bd81a76d94392b3e023f93d5881ae122380fb25d5da9
00102,test,evaluated,,86d855154dcb6de541ffa4f17194bcc05a8fe285cd4feae9d59ce1f1ae30d90f,364ac5a2ea1d24b53e6ad4c6bd853011367493278c4b3573f5b0b5a350b1e1ac
00106,calibration,evaluated,,af6b6440239193e67b97679f18a2a304c7cb2644962f754bb49f254fc820d609,18cf35eb94c4f3060a8e19b515b1c326bde47b9ee85c08bd715f3b8cdf49c787
00135,test,evaluated,,bd7896a98eb783d74ab304d3a7260e89a7910fae547e37f0f676f62b78c9f050,b46b1db01ca979097c2f13c1f4955f8c253a11e33b284346dfdaaa1edbf33369
00138,calibration,evaluated,,bdc28b0b5cda6eb80bceae882a2ca4e8ae98f187a72beaafcef38b69d58b8e92,5be5bfa33ec81be868c54b836a36c0ed4d9897b7f5e8d5929ca13edd6d5d3492
00162,calibration,evaluated,,75ed3d9122db2f38cd13f73110af9c0c9a49a02d7803364063b6238860d9d293,1ea9403048556713fc80a59625b94737fba092e77f957fc2b02f3b3135891476
00164,test,evaluated,,858dfeab641487cff32aa2d1aca2e813bc46107589ddbf824e1060d2a85da9f0,a968630dc3e7ca61840da1784ca757acb9b6bf20bdc3ec6562e2373efe601e7b
00168,calibration,evaluated,,a0e1a3c5e53fc702af35a4f61c4b5484d9b89d91248ef65d8470baee5694313f,c2834a29391a7d586482f98088add9a1ff794dd1f94417a97fa337f7612cd757
00175,calibration,evaluated,,8ce80b73ffb3c5938e31861ddc8eb9b9197dac742dc0815908b0b7c043e9204b,502ee9bd01898ff4421c18bfc1ae0818e489ab0fa577ed34b7e3534e63f0dd17
00182,test,evaluated,,260c691e9ee5e9a09775cdc96da2f4b864c177c73ace740d3da516b5de9093dd,bce614cdc865778fc83387878bda57806ec1df24678eb6eb3c2d4be26c850f22
00191,test,evaluated,,9d97dfb3dc948ddb34310d381ae93bba7eec3b0ca5dbbc88c17cb3f1d8bbdd9e,e618f796bb6e31bfdaba6cce65821f241b883b4db3822192d47917d11a5dcd59
00257,test,evaluated,,2bb28512467a9393185cfc0f1df661df22d8b3ba27d0b4152ef7784354e9be77,017ed5c34aa7ec59d4b7fdc88ab860462129fd363fec410c1a5535195d5d4fda
00258,test,evaluated,,2cadfcaa61b2d2670a91a43ad00a9c55f4b2b6ce557ebd2f810d884bc8f33b87,a1e9b02f80023c0744d5b003f7bc00d49afe6e017a1940fba45d0d90f5a0b7cb
00263,calibration,evaluated,,67647302ff88964609f6773b748426fefd23079f063b6cee67e09d2b0a101614,04a2c41c53c592cad5d0b283e4c3262d38334cb5a327f45d579973a62db709ac
00287,calibration,evaluated,,a53329d11cb075a108d6f89ebc8f98f95377077b13640e5fece7dcc683ff747b,3cf8e3f217bee9e35cc8f74248f0483de151398ced9b148bae465529bba8fd50
00294,test,evaluated,,28a11faab92a6090e5b99617295cf50ecc3dc83f6bd66dcd76e1f753dcf83dc0,dcd02bc1f95009e70de9d9e746af9f2beb4251a42a87cb1e5fb0118818924508
00311,test,evaluated,,9c813c6dafedf31d8cfdc50518d0cf09ed8fe65223d2546c5630bd3e8fa6c664,0c3a0ab53c952f55f9e8fbf762c3f485a9679651b8854e5421cf2db420bef408
00313,calibration,evaluated,,9d92508bed0d2e54a2a0257f9c86d051f879a18911caa1b37b05d842331ba91c,9b7d2541795d971783e91278f3808ab404d9090cfd610e6ec2e73da34e1e2893
00323,calibration,evaluated,,5cbb25a59be6a52e87aeef9a88b51412a23348b9dbb1fc83e2b3581dd1d6514f,11b7127b6ee6b0d42eb403c0ef76225a5282fa025cf6eab321a5f12631a0ecca
00383,test,evaluated,,9917402a34951440c5579730136b2452a10f7d023b0b9ec94170c555548412d8,2bb318b49ce2471ecc0c20d617000fb2541a3e286bb58bed5af522da2143922d
00386,test,evaluated,,5640e49d00c0484ff238344b5c7673bdee245f5ca4c66bdabafdb98e4c8387f9,154560cd09368580c4123e43c22576d165c696eff1ea3ded04bab2bfbbbfcfcd
00413,test,evaluated,,418054daa2341005a8d9ce800a789d34668fde9a2f5a04dacd10aae97498a298,cd9be9e8caf3a8596dde73cc5905c586ed4ab451231b8e6826c8525583894e94
00429,test,evaluated,,74e8380c57fcbea0016b03520a55df04eed5ca00ac1fd6c7db9bc180aa9a80b8,8152cc8dced5979f9e099b230d397ed830c6b1ab0ebb83b08b970b499a9901c6
00486,test,evaluated,,ee82b8c04c758b393c34d4ea811af486ee5df5c61c7b3ce3bf3355abd88b5b7e,2aa6a3b8d0b8ede2c80c7b12727e2d855cacb0fe91ef67c0b53e8eea0caa9006
00496,calibration,evaluated,,7b4ef5291ae8bb2ed5366e3130fe21de51a1c9cdead931c5a855c3ea486903e3,b480126c7617ff00568836fc7ac7f4a2de65cecc32937c260e32af9daa108874
00502,calibration,evaluated,,6ba1291aede30ccf0d2bd5c31d4fecc3a6a1fa259369a620d80a4088fd81e4ad,ef29e2e052660067e3d77ac270b1810cbd495cb11607418dd9d2388b0c986944
00512,calibration,evaluated,,c16edc093df05322288db9eb1ebb06cddf6ebd0af75ba0ce98e6838ef20f2531,de7dbfabc7fbdf7b77a8e87a044888b84efc58638166356b014fd0eb87ca2e76
00524,test,evaluated,,337e3912f35a0eea879117969b2df936affb2e717b7bf3dcb2f45ab6e5605b2f,cbffcb542b6be6491dd191091e6c158cf0e46616e91f00bf5674dd1f5f006fbf
00530,calibration,evaluated,,49cd1d205d93a3b44d5596ac04edf74080af9603f73f7cff75dd81cd011c0a8d,82da85ada2105b8fbeca44649565477a116b485fc82e72c2b3cc961d96614aad
00534,test,evaluated,,2bdc9ae9b0ecec310cce415b152a1b07e0ce3b4bea2d4acca01c3d41858f03b4,e4eaefd32ea08e4a0f7b58a2134bb1d28c6dbe0421efd5ffcc96db332dfae402
00544,test,evaluated,,2c08ac19ca9bdc1c368125033b9b8100f3546d3c717bf6de1eae38a1acb5abfb,179f85e43889c7a98cfe8702e30a83dc670e4e4649086b01e53ecc9768b53796
00550,test,evaluated,,0e7fe9de24503551dabd68ed2c991c9ca7b8141d7388d4751f1c03f5337c2ada,0e834a6612abee13457f868919ef620d9cb8325768f0f000b8a1e6d90ff53575
00551,test,evaluated,,519915585032bc3d8eec305eca96b8aa7d756ae044577e8ec44351214bf5d23b,6c33ffe91ee33156594642c514caefb1d737aaf9234dc741cab108c30ca24de5
00556,test,evaluated,,57e3ed548e6f6be895cebcfc4bd7aeba4a0caa25293496680885e7f290e6c72f,77ac347b40696f804f8f5b52e4a42e2a3dee835ff9ec8f8ecafc69450ed7d416
00563,test,evaluated,,0d326c7f36c0d7f3513f22e96a3156d3fedc9a99d22794309a4a041e9fe9e2ff,9c33a01146c95f89cf974ae57bc9c716b336c48e0d46a2818605b98adcad2990
00599,calibration,evaluated,,5dc91da14ef5f91863fdda41084d962714741ae22d63f6c36da00cf45b877ae9,cedfe25836168bf18e3f2801eef685d5a080ba812751090129671e7963c5b9cf
00604,test,evaluated,,fc5546bfe10aafc1aa8ad3238454ad3c0ec8f19fa26e5f317f45ae0b16bc6167,ee0a73e01606358423cd677b54caaf95c10eecbd3251196872ad4753db39180b
00617,calibration,evaluated,,756c70bcd64117cb45e791c3fe1641df96bfc5e5f383b869d5062627676912b6,ebb1dd94febeccd296b6073623472d83adb5a88738fa398d71d29a5bb62f81fe
00623,test,evaluated,,344c93275d0d186ae68371f06465ff15bf15a7b4c2d0460e4f53b33c293d7603,5a34ab1b8151f0b96009b1db40e6a15a6da2dfc1cddeb9df6ce63327b5f70a63
00651,calibration,evaluated,,73206e398102fe4de761a945d63dc538669b926a7ba26eea9b606f0211013331,84c7561aa5d63c40963bfa7fc79b54294778f437db2eb37150037eefe9a240e1
00652,calibration,evaluated,,70827f9d7fa5720c7d9a4fd0803c4fd74a928863ecbcdb5d354a9402e23b65de,19197ceb125a27bad1f9c263be085615c3706528cbdd3bd2016ac7a9637ead73
00685,test,evaluated,,8cfcdbac8e4480f048a0facee5c5a78e56ae982cdb35cc67d1e29e0ae5cbd1ee,1888ec70c83d6b13aa6d3ef41ef5455d56e55db69bdef31ff4cdd07060930602
00703,calibration,evaluated,,440bdc32f012457ebebf9df216a8b28017b0a4f35e4cfab58e9db82daa1bc528,59145e1310859b1e61b93540b670af8fca8b07f4bae1526b08259cbeef8d4437
00704,test,evaluated,,a1868ae2237a0cbca2ec7a8c0bb8081796cbf08287f8f67753592156b6a97151,3834155cec60d60fe10d16fbc922aa0ecb78ed657b08eaadf054374b8ae58656
00706,test,evaluated,,f699631ded4e95e280b7c7007597a2e594c42be4b9aeb52966a99dca56d23026,120dfa9d5ca3d0f680b1e80597e0df31d14c61e504fe7ad91b291390df33a898
00728,test,evaluated,,e54e3e494f1036a4d8cf16ae59f3337fafcaceeefb6608a4c94ddc188f7561be,4f87c1a168840bf0708f79e405b46bab321d63703239d6872c1304870581b6be
00731,calibration,evaluated,,62e72f094d939cb7c78ae5d678c67b04dcda5703e854a20432aeb24c3242f14e,60c8933ec08cbb0975f0de18dabae730d2baa167da86ab042d9153c31c75a1a3
00739,calibration,evaluated,,3983b8e421fbddc077425dd7b0d66ea912f5e42e16c0956ecff6b25d32e05c98,fdadcf6ed7603dd109abbc92bfad7be7b016897c250d08ee40a8cd14b665f35a
00742,calibration,evaluated,,3541c35f9a27877afe202220ad2e9f700322262575686f7da532d84087b3623f,0f5dc722e614e08c2e267ae07e9a1e74a1632eb70921ad70c6650528a3efbf7b
00743,test,evaluated,,3a3e0ed2efd653f4f15ee274a9b08b5c0b065910d774a33caf11a0171f023dd5,5701f6d9a59fcb9e293ad259969f93fad3308914496fb07e700a434801226e71
00750,test,evaluated,,6f11f386b13ca1a0580aedef9dc8b16966c28e77b7e4339649bbd9a9a5a1247e,aa7fa91d79229d9b0b4ccabafee43c57c5250da6aa45dff97a28aed84de96c3d
00756,test,evaluated,,1636868ba64c832dcf62e0cb773efb21690f616fd8b8a86ad75453bce6274a69,4220c776aec356af10c20ae862245c665368d2393ad933d5a02b7ae83eb6772c
00757,test,evaluated,,1130b2a135c0d8b88527c21f89c167805a033dbf85cd7d2e1cbdd243bcec6b5e,d43822bfc70803955b39a6be0d1f47e0369d12a1da509c3c96b630bd730a5581
00760,calibration,evaluated,,f028cebb41a01b745cf8926de97ea8f3e01a78ec38bf1a261bfaa16e5d2e21a6,47f339d80b4cc0f4784bdd82a096ae8ed65e0305680852062e2e796c19aee8e3
00766,test,evaluated,,993ffa1fab4f1d7a8eb4d3229364671d1cbb524a82d601710bc5e057fb99e13e,8b800c1fbd70669d042bcdbde84d88ff7389d8f2c5a9b4b0bb642cdab95e1c3e
00800,test,evaluated,,5a4eba5fcb10431430803027430b63be5db58df17bf1474d0970e0b24622da8f,ab84050ec70bf27a2cee62cc1d8f3973faa2d571f802496522460ad1f7497edb
00821,calibration,evaluated,,4b5a204914aa362e2c26d7e4717ce94fc1b9c96463a3571be5f26d6c345d45a2,a7d826f2bc64aa2938caa5aef9b98aeeb3e3219ccbb2468fc0fbb2c5a342a299
00829,calibration,evaluated,,490589727f95916627f3d1035edc0d3182cd18f8dbd5b0dbdf5f7cfbcb1df9e5,727128f08a3152db08f4a1faa3ef3e36572f7fedbc5e0b770dc2f07d4a7a2e81
00833,test,evaluated,,bb644560c06669ff08b80de6d2a12d0842b9e53a9f87442f1444eacd28d2ce90,47f449d30f68715c63035d5e99772babcc5e535f4ab53115babe64da2947268e
00840,test,evaluated,,06a323ac94a680ed6fb1dbfb9a9b06ea26ea3e383989a412126d5a1d16d3dd5c,4f7e59f5d7ce17fa9cca73217e487d61d1e6d265bb0a30e785d392f422100bc1
00844,calibration,evaluated,,0be181732e5ac10e979891aaa704eac84ff6f1f197f5eda6c13ccb5a84605439,3498488659b34006336d20aab301411a382ceb6df8e412595a330da559019a05
00854,test,evaluated,,8341bfbfc0891c3c987dfbd5e862053d22ef101610c36e7c226efe50c3ca6d1e,f998edb9cbf26f1272969bf225388c5d387a3e155ede0cae51e5d04c4d5fd78a
00861,test,evaluated,,7649669bef38e5748b577f5634cdaba9d58069062c6f19a12338482ce12f5019,67b2b898a321fc87ab191b6202ba8933f50407b946ff24f9c31a8ca180e4efbe
00873,calibration,evaluated,,1c8392979eec637e718b2ec722ebcb01d5a0bc150a88dc76ec469ce939b334f6,b4d5d575ab38374af99dccc1722dbfeef52e387ca67f02aea0aed8c90043eeda
00882,test,evaluated,,2bc15b1b0e122d471ebf5ecd410b7d4391f5bab5b62c39b7c6d25eba00a5cad9,12044bdcc8bd136d719830a152a236344ccfa8a877a162ef4a39938c2fa3d8d2
00894,test,evaluated,,c62ed3f14bf0ecd80dbb5a8c59c34856c97a5a3d7cab6720c6c0033f296c5eb0,c3b21c16774f6d9869bbc3bb50950b26e387ef988d9ddf68b5d09f03bef2cd24
00930,calibration,evaluated,,a98b92cfec361bcb15bc8df754e9f1dec561298ba90d8d51535217f904ed1fe7,50b25c523cc77777ef6174d4cdd88d86b84d37d20a9bb235798e5115be260f68
00955,test,evaluated,,44493a57901abfaf030d13ebbbb2dfbec27f12e9857f52964c1fb235f7d6b319,f5dbe605dcee06eb775f4abfc05ea037b63b62e57b7fac62307dc8659514ff89
00957,calibration,evaluated,,15593c397531574dc82023cbe21c5bb32eb6b9d373f8f85ac5e4bc8c977ec36e,b3a424b4fc5d895ad005f188a6f2321f8826e3c286c382f7a4ebffdeae2f2009
00959,test,evaluated,,83d32e15e391866ceab7312056720540b306ce676d94ae46cafbd6ef04b7baf3,d21901a2955f4cf65c7363ed1579f5c5104c4342ba9c55c3cac047ee3d771db5
00964,calibration,evaluated,,ea6b8ae68fc0b0816b77094f5ca26fade2ac2468cc31631b806797040c2552ad,7595983691f81af81f455ef30dd63bc0926945d6c9aa0cd593ff9b649809c1c4
00978,test,evaluated,,d7c28db7af89094dd294b7de5e24efb7cacc9f446c04d52d77ba24f58e7c604a,505f42d36c26a4082e568d6161d24d81c228de817c31e986ee23c1ac97e93876
00982,calibration,evaluated,,8f87a9f5f0a6c2d115a789b5ff83899160b8377c8cc485e599d5d1364e9dd24c,929873c43ea7e0a2f158d2d7d751250055c94a3b65383288c469daafa879b6ef
00984,calibration,evaluated,,7640654ce3141fb6ae439e5c9d980bf069b8c39d3961f6a1392a67bcd040cfba,eb981e54c6cae5a90b114bd4623192590672e68aeac7708c38c4750a668bf681
00991,calibration,evaluated,,8bffbe57fec2bd3e1652f55595109a5c023acd262d05c30c1bb5a0243705b49d,31282cc3c0beaa6c11db320cd798501db05815a1a31e0c9f674724f353518c2d
00998,test,evaluated,,e37854f704cc300f1ee5c4f289c6c020b643fc4bd8cff1207fdff15657b2f1c7,c01147683f85d6e9278eefbff58bc2e4c6e80a9a0652b7df6c08ce41d5b687c8
01006,test,evaluated,,901c99b6684100e02b5b8fd13199b98d188023203c4413703272bc81c182af5f,8055a8e02994cd9c4f620cbe3475843d0083d71988b0edccd93878189b1c57e2
01014,test,evaluated,,09f6d3ffccbef014c0759c57b8d083bd49f6fc99775a1bc6b7c3cf412b615c17,1db2f6c8ede2fce137412129eeb2c300112a70527a2d6e9c4f0f4e9b8c7dad52
01025,calibration,evaluated,,4002091f10c3ae13049bdc12005fe79b59fa25ba2fc0f04d725704c327958e01,38a1a809ec276ad5b7a04e079e063e92bfbd1558868083f0ab20734b3aba281f
01033,test,evaluated,,71c2ccb21849431b2af5121da7d7f40ce14a18dddfa56414f7a289c11f568f1e,5d4373b2b57fc29dc47f9943b8ae77df8b4858fbb7f1957b97e22b1a58e5ec0a
01048,test,evaluated,,79ad31a5e1ea3cd1e69e4fa80c4bc2e5b76cb8a395c284b74092ae5704a0e602,d1cd1ca8509b622fa7317015c27ca1914d1d34e4043d465537b890a81f22836c
01050,test,evaluated,,51b194fb4f2579ea2eee11ddffa2ac1c490add4e89c1de5a8bf85c96f6eefbe1,3b016372c87609334b58a28fabacf3b388ef4c30731187d49f02f791c22c9460
01056,test,evaluated,,698331524c25ae8a3117a67220989ca1443dccfb5c570f8a6e2c2f96abc6852f,645ae93f2e66311743b3bf5a16684709ca83801ad2ee334e206bc8307e213f3e
01059,test,evaluated,,7bbe7d978807eed5c0f81c12a320cccbb89a900f496579922009df671cf2fea2,73d41f1869e52386979a9c36836b017e223b67bf02865a60863bbdf696f549bb
01079,calibration,evaluated,,f13c262162188b8eb7e8f73a0b58266905a395335b3177dcbfa3d5da382f9c69,c12f56711f92000667630304ea0bc14e570868ca7f0cda798ad19bdf121aa973
01085,calibration,evaluated,,450fb487e05a42ae4acf9685b2cbaf5bf3b3209250b764c20ffce8f2a39829ec,d2484a06f204acac493cdcdbf5a3826da944296d2b54582e3fea1b2a3c7b582c
01088,calibration,evaluated,,584aedde363d43f5b99877ab21331dc71352bca4b085c8d120e061b58621ed57,e0912b24070dec4151d9ca339f6321f3ec411e4773e076abeca5556697fe114a
01093,calibration,evaluated,,cff10f510f27bc5e518e5fa235412a5fde6000427599b4a072a19e511635c574,1526a2a5f2f266aed969ee7e4f785b5a25cbce41ba131517d1ac30cb748c95ca
01105,test,evaluated,,ad3e49593b3cb648d4ccbeb26c7580cfef6845029d8953ea447998addbb31db6,b386bec98c0134d825cd1d36138a8e62b0ad831d401bd73fbccb16ceadd7139a
01126,calibration,evaluated,,9ba4d94a06ee568940671bde36d1f0109185cc859fadfff4590b1b7828e4793e,5483cd1002bd97bb12e7ded31df4d7caeb2c85952a6c91e9aee0b65d47d02b81
01134,test,evaluated,,156a114bf2d22bfa230174b05072c0834d545757be0dd90abf661a49f9e18a0d,4b6837c03ed5fecdf50f165597a191c851d6b97b957c4255d81bf3e7766ba3e2
01153,test,evaluated,,3d3d2470bd6866e78b171116dde41e101b2512c432b13299135b53b3cb118a78,e9fb72410a4c2f5b58a3b4db1c6c086485e22041e15954d1df64707cd7b6b61a
01155,test,evaluated,,3bc183238bda36a42e0f7529e34a6012c7ddad2c6a56dcc0427ddb12214293eb,d3f78ae8981505d85361f4c1503460b102a422bcdfe4d3bb0b32d2add931e80e
01159,test,evaluated,,ef8e8496610b7f884cd586e9e85f09fe27f7cdbab8c474af2b517a84e1c1b9bd,17d84b8a7d2f76bdb7ad079a39cc52249b9cd5c6a259de5b5ede52e0106f36e7
01171,test,evaluated,,360e6c34535bfc7ffab40fffa946c592f1acfdeec686f87b085d77be43cb167b,346781e84aa2398aac5af35a8dc41a9b21dc63c5e6e68ece749e28808fb749aa
01180,test,evaluated,,67648b2d3d08c1d271d62d5a113ad15ea5d6e6827bf0605e0a2e033cbacd537c,debf998f9fcb0f61b293dff7866b3e8ccfab6ccc1de283a48c17ac5407db3cdc
01183,test,evaluated,,a830c748c799f4a4f8cb550f296fb1507e519acd60db83f6a4c6f9009945caf3,02ea15af48a433d6833afaf1789162071cbcec66157f0791d48f7858b5e5d40d
01187,test,evaluated,,29309937fca2eb4417931ed192b180b79b36c4680c322b545ca85c8f900e0963,fee88209a77aac67923c2855beddac7ccc463d96f436e8b20d0381d30a2ccf47
01189,test,evaluated,,cdf9d2a4b77a7fca6ecc20b498d0d54fc9cb4b884ea5c11b8b736f2d593a3864,b66fd39535c963d3d66ef6a41fe245644ccd548c206a15fbf70a6f194bec9d7c
01199,calibration,evaluated,,050e4639a7181730a92114fc744dae49663711b28d7479285f23223376b6a0c9,308d217e13f8041a60e3afa1be0d3326382235fdb272bac31c414020c58ca60c
01202,test,evaluated,,fcb932ab869b59a4d6569827e029683e9e42aea50b77ada2babe4d28410cb965,a30002fb98382645cd06833c471a353dfbffb668621d47b9dad98f3938000626
01239,test,evaluated,,ce35a28acadd6678deabd8f9aa4d51d5fafde432329255cda5813ca27c32f063,0bcb36114b96aa9c293e7aae4567f8a74cefb33f51408bca398617d1981dec97
01278,test,evaluated,,268299ab97df47fceaaa2370652a0584435a6c72c7225fc6eee338361d8ffce9,1c4cca4aa446b9cdb6a0ab28e70b883535d8a1d5bc3a4c6f7929feef10e5ad5d
01337,calibration,evaluated,,ac7b214ebac33b555bca394f44cb9e9038a32ac36895d9bfc6bc1c5b5327f2a5,18f9b2e4120ae14cbe25f6ee8d2b7d448ed72b03b35d86407616c4ab295eabff
01343,calibration,evaluated,,7c3e49b336533481b4fdd528861e63e28be142be13825e10fee36d5bdfaffb7c,0883417eb6448b6d8cc5a55ba59e3a9e2a329a272a3deb41e19eb346205ebaac
01371,test,evaluated,,3ddd8a6dd553deb6b64c9e55a9d95c9a4af1c8252904638d4a7cba2872b8b268,00e7a9bcfc26d650cdb93167cd07c54bf97aa0842ea440515c5a5a11658cfe90
01384,calibration,evaluated,,125b2e39e254152e71fd78e3b7252206fb70781b0578cb1e3f0c813137382cab,ed01564ddddc412037727220d51ebdca2fc1b11aac763139968ce52405eeda22
01387,test,evaluated,,bae3c74b2880c1ad93c6965bb083564d4d31213119c69bff14907f3082a15df5,7d610608decdec5dfeef4a9113e50dffc0b2304745fadb1fb97eb142957b1bbd
01392,test,evaluated,,f90e2245fae875b2a12c1422b8778aac75b114a6ae70640cf0fc4439ac852d94,25d5d2c8e7a9639ca8b52b148cceeb44fc3730466d84dd170cf953e7719f8f8b
01405,calibration,evaluated,,f61d1f602c82f37782a3c048f34ded4a1afb55c2eedc4fda45937785f5923e49,e364fd6d785490a2caeb2f5a07a9ab2448d3ea05a3619b671ed336d02e9de2cd
01427,calibration,evaluated,,c8bcc90086aea73e7a7e40fca24278a86a35164068eff923401baf0f51641db2,d994e9b784dac92ad48781ee55bf6bb00e62239ac64d09551f5114e3d69794d1
01429,calibration,evaluated,,c0e73637fca614b77817a50dc247a65054bfc03387fd8b47d19c2c099e6d4e77,810e990ff3c75e369f430aa7d43a49776f8711169efd41b5607f4ea3ec126bd9
01433,test,evaluated,,56a3791dd5db8770c54c508577794659d51d187d5d838fc8cd138f9257884580,592aa06e0f22fb1428416c9862c95289dedc4059c412ce5f15330347da3bbdd6
01440,calibration,evaluated,,c6114829076ebbc60b1af6deddbb8351011d851840ce41f61002470ba5e30dea,e3de483bc4b42544ffb4a3c606531bb119d2a4081d3ddd501aedcf8cefebe894
01447,test,evaluated,,4a60f76e43b5db999ad5a1ca50ec3c19a68cb12b50c7622d7bcf055b54977bd2,15c6ce19720ada979f51b4eada91d9bcfa739332ddfb443a933ba21abb1fae73
01456,test,evaluated,,192c12bb5845220314914142b402c31f00a252f33d8590f7083a9c4d6f381e2e,933173278b941b16b06f4a5166d2c18cd6a6b3e377f8a494b7aab6e939a52368
01463,test,evaluated,,aba03753b503e6c75f6c1c9a5614f6229b8ce3a0a4cca4446f49cb880557b466,b898a76d76f03860a1c889db9ad5493cb6fe972346dd525f1890bbd00cb5bd80
01469,test,evaluated,,da4ca5ebf12262270b516b3d9bf84481f4c08d5d60d0fdf00bb7e6f69c064f45,b986ce109b329722fb648dd3eb476195b2c973ba0a1ad2e31688f2d8dc5052bb
01473,calibration,evaluated,,a79a634e516ed777d198ce97519bba5ecfe563a6b83a63db258d1f7b92f8819b,ed8a9c59bef980d89f77fdb60d8dd137bef9951861c08e9504c2de92b4a50ec5
01482,test,evaluated,,21b1183b0fc0d880c647f456d87c4fd43c231b4c55ce51befe8ba98a9a39ca4e,fc73245b45c2bd00b87ba9cf71c0d4481c6de936ae16d055555d83ff0a36abb6
01503,calibration,evaluated,,669dfdd20e11dc8436609f90cc32808c9a92f3c7bcc7fb6f097321e39e3edb32,c04c7fbc50b7b86c0a055eb588508fb379908cfc1a434c9c1dee08b492291af8
01525,test,evaluated,,b614e0e81b85f90262f4211726e956f7872b2f051fab7ea7dfc337f5d8dd1e40,fab70ea3d49655cdc545ce98f40d7a5462301243b9c1a75361dc1928ca4e0011
01535,calibration,evaluated,,2d8557c31e5a1889792b357ba6052242309d1af21cc8ea85c1cf85779d833725,2cacf9f60b660b025515b0a4d29438896842b51299be8ed93ea739959f606136
01548,calibration,evaluated,,04974b9f0609cd9e3ee49e1521600de797ebd9adba3aa52f4b915ab8660dedad,c88b05c4362c75cab562dcbaeeda7220f95fc5db5f4db0d03d359dbd21ea9e0d
01549,test,evaluated,,7cb092fecd3ac5a0522ed8aa8198fe7ee4aa8f9a820cec75fdee92669e7294cf,efdaf1cfb9d70ab9bf66d6e7c6fb1d432747fd0566802beb7601beba712e0f1b
01587,calibration,evaluated,,7a834994fa25763b1baff8e9e4af12363f3eb7529a4b81a24161b6c3ce995f2e,fc2d39b4d8a79f007fb9065a16729767a3369428925ebab6f35c99dd635c973d
01588,test,evaluated,,debf2367d7d342625ba048fd69a0b14d39d7a774bc231bbbc04c240801a7ec1b,b2ed9c151b94d2f25922ca0f270579d9d2b62f6bf66a27b1d53c57a8eb936998
01590,test,evaluated,,f6197be0fbcf2ee46cc2202f3eb596b6ac3e7f42aa6dfdbbf8d2fcea30fe7643,087662ff8788f513fa0198fb9f8a926dc69e583f3b9f44d702343189cc8fe596
01684,test,evaluated,,0edb51a5d0ef26430d8441a328a058b093461e8be6d36c1c6041159b0cc934c7,83c86e37d4787e76de8655efc8456fdd291fdae474c539e825bdb0fa3dfc8f1c
01689,calibration,evaluated,,860c6d6f871f63f22c45034ea10e280f85e504f3ce119a9235d2d4412a002f72,a22506fccafd80d1fb2294b6bb21573bc37ba0ea80df58c8b631e86e7a11f23d
01696,test,evaluated,,64c8e5feaf4139f3868f5e57fc03e9dcc8ef356a54c30c6c265c295ee8705890,5877364989e9a437fdf94a079afaaf421b8ff82ca31f02c509485e7863d00ece
01719,test,evaluated,,abd13f5bb7f574ae26dcc441f7c22f532e68dda09d10ea7f03222c349f63db83,8a6f1bd41cc4626f635b59b91a51e98d328f21b1b50d1b93bc427ea60eadbd1a
01721,test,evaluated,,8d9390194dbaa4cbd9a639aad53e35e7495fa5ce3bb1ff3c7df0336ab2e26820,1860bcab1978eee403bf0bf7dc538035d42b331508f13edcf341c8e060b8793c
01747,test,evaluated,,ddab209962a2b0525ad98562ca385f518d5577dfbe37496563d41678af710355,6e08d444dfc74f4cf9d8b66a29fe4f2e4c5c2a381c4cf08df50a740bd0310568
01756,test,evaluated,,fb82512358f2c440bd7a514cd0b009de7fcbaabc10f3828117936e01a8f5902f,2a24cc7ddfde0d1d6e18e26f5e8b5acb703c99d097f2b2dd73b617c5e9df7049
01761,calibration,evaluated,,e82fd4365b61bfe38d0bcf453593b2a4ad60853b7af83db133bd68eae199e8fa,27dcf90614a804d22e7f09f3057bf726d8ec0277488bc8f8549286af92bbbe29
01763,calibration,evaluated,,8b5bf941d4bca797536cec1f2472201152d14c0f19981923c3ab9596f43edee0,84ce0317e29542b235758ec10abdc6b92932212017e726500806d00e45afe832
01765,test,evaluated,,263151bdc20ce31750cb0d7a260c31fc818fb7bb2a0562ec6331c0b707fcb359,17b1ccf7191204c1b6e22e6b88bbddbbee12c1a0b29d5fc14f82626a90256083
01777,test,evaluated,,35f4e6a7c09e1813c49d7f2cb22301ed3479cbeb4a38ea32eb892bdc3997a124,bc599a7ba0a36e70b37690bc0096c88ca3ea88b1f887505fb6a92bf88f78c479
01797,test,evaluated,,fb684381b0d4770b4ec52e339ed3a4c6537f769d3a618ed4f866849d5a25c4fa,8a9a0adb7c5a38b88b31e9d153fd4783f8fa0392013d9bb928e37f8aed47d154
01799,calibration,evaluated,,d1b8e56f34eccd736de2f2fab1e5601e977d4727fd59f24ec1c31bc9354232a8,efa99dec23b5b8abf9e3f48dc8cc1bc74888c280f88e20b9474af58575416cc0
01805,test,evaluated,,1e699f22b27d4d9535c1c9974db9d3fcec4a3d5c1f62e9cbd632c691c2260f7c,ebffb52be50fe86284e1bcb06161b53283d02239a6e83679453d10721ac05414
01816,calibration,evaluated,,8861bef591138a82d3ac43248f42ae9b02061b222dde3171df3f755a18901bdd,4324bd270796af3a6da6c7ff50b981ac6769c843d5a90701a9a11828a0ba28d8
01817,calibration,evaluated,,de825efadf7b3691461980473b72a57b15f7333d80ca655b2734f20ea5ad1be1,1805d4532bcac3f652999cacfec45ca92b188b7210c2f9cd2eecfdd3a739ce5b
01855,test,evaluated,,e650c032193993280327870784cf69c37cf64f8d6f3b3e42127f56c87cea6d69,ee482c30abca9336fd9acc159a3fa61dd130717db64bd15a3b6285dc31660d98
01863,test,evaluated,,71dad3993f161e29200c5e644ebdfd8c36beba4946bfb65c32f467049050b150,ecf596607602b1d494e81a68437f872c64f5e73c3dba6bcd74d3c70dc47ef137
01872,calibration,evaluated,,9736af638cbe15db7d92f74cc9af4942b2322cf650a761cb2f52e6a5af2a906d,a2eb7ed9a146021b4c924fa0b34ef064750ebed7ee072e30e73f524c65bfd72c
01887,calibration,evaluated,,f37aa2240a5806328106ba71cc2dc3237cab9a113f83c76375991191112d6255,e20518f58bbccd8a7df0248f9863c29f8b546425d89f25808bbc196ba667bfdd
01920,calibration,evaluated,,0d0a67f81aee5e44d83358a9bd82ce8521dc59b88d3a3bf487bf232e434052f1,14105e0070a423c19dc15f0efb8b6a49ed779381ebe5f87f9d1703c6f4e3003a
01921,calibration,evaluated,,14b99c0560fcd6eca063190918c44224b2384a44391cc79083a1b4ae0e177383,2ff7152bd15a40f06f63ac0a109c71248230d550c80bd53fc3a427e2b1161c56
01939,test,evaluated,,b3f988bb0fc0eca291f54f7ad9aaaa3c0f328c9b0f282e1d06c5dcf963ffecaf,4a9c6dbbae48ce57dbbc2f7addb78f5369e041a7cbc6db9f772d702770199880
01948,test,evaluated,,453374d2d9d776690c37a331c2542b11424c95eb725b5a3a652f89ca3bf54945,b64409ece2f1998a01116e727f103730b0fe5e45c1f6bcc0fba3777f57918b93
01955,calibration,evaluated,,15f36f07308bc51fc39ce958511acf032d0f2066964e8534fecabb4482116761,59cc89a8e282cb655f8388465b73872c58855de4e114de88f33acc68bf25d24e
01968,calibration,evaluated,,10b25b33ae3a0e7eab460080154b816c7edea69eb6640feeaae31680c956a06c,1c7da9ad5ec9add4c36934ac43de099a4e3696611da21e405ce1e87aa7a9b2fb
01973,calibration,evaluated,,df1a800d058b289b4af9808cfa3236dd231dfa42f557a4e09762fec528c2ce8d,feb2381a24d343060f651e3cd30fde6e971b00d2f49c1e638ef945dd4d4b55c6
02033,calibration,evaluated,,191a11065cbc9c79cd1ae0c66298bf66c597ac2edcfbc3baca53cab3952a1f42,465b0277abadf279ce07e367111b3bf521b3e49d95d7c6695741d9dbe7377dc4
02042,test,evaluated,,a140cd3c5a5c1b5f7c59043be8c233e56df2ec7418b7d548ef1c72112901d952,ffd2f8310437377ea1365e8cb7f413e27735ac17c410d5275450ee866fb3f37c
02047,test,evaluated,,02bf4dc3f50372d476f2f7b6f1d74b79576f53684114c8af42b5d6a06afb5f98,334e6277db989823a6ab591340dff7cc1d0781badd977fc07b909d823d0954b9
02055,calibration,evaluated,,404652cefd11800de603570b47ed7b12b0f84eb823dcd704420d4ddd775bf1ad,82824d5d093d57f3e8b328c9a95bc7bf1b02865d2d3eea9fad78f5bce8fee2d6
02062,test,evaluated,,d8b36f11ff2ad27e186532b5c943647feecf4b4d084c60d6191db3995c6619de,16711387cd7cba0797cbeac109e166adcd4222a8a46b26a75142ef9d59d55917
02082,test,evaluated,,90b1dce80c2e3fefb25abca19d100316c0f2fcf287ad9c99ccba8e950d2c8bdb,b2e5111bf204e4f8e1aab37b3dcce3ce9f9647203f5472061d5ac36bab547a78
02093,calibration,evaluated,,3c50f448ebb518b8619bbcce3cb53978e5184ef396f8d3da32a43715ffcebc77,366c3c9671a67f05b86fb628e7793b6f0439c06083f1b20a246a620bf1564ed5
02103,test,evaluated,,516915f1e0dc9e0f14da0215bc17898d21a3f992a987a520481196c614074487,611e156052213d3dc26971765d8272d1e5b99192fae4b7c5229ea356ee86d67e
02113,test,evaluated,,dfd2b9e7db8ebf65fbdb467fb66bb1774fa81b689a8003e776ef317546a3b00a,6c2d43e9baadd25e6cc3933faff750363fcb7bc36da938683bff633c49107b80
02118,test,evaluated,,7fa8048757d6bb981f7993a385bf33856acf2af40b075f68ad8706a4ef07675a,a827f0a6a0cbe9baaf244d639572ff61bb9e0f36eced8816122316f88019d335
02120,test,evaluated,,0ca2b5e1d75d9656369fbaec6a8ed9b6e2baa4f93592e5cde44113d6eb55d313,f376666e61f15d492be83fc9da043ee5fe2de5d9bc7ea205710088da41485624
02148,test,evaluated,,4d2883f58cfc67d9e14e7a3dc49c132a898ec78d76ab9e64c374ef2b3fa86b7c,105c86ee7f5f39d8e6015431548a5b2ee4dcf5f8db3913005c6092571a6ddaea
02150,test,evaluated,,838f3fbeba4c3f9e798848bde9d685a0d1f9447f7b3f4d2d6b411416191fafd6,c1ca85645361a4dcb1c69be9a426fa5e7e1af1af6cee5dbfdbcc17e1a3a4d4f4
02165,test,evaluated,,099a0af994f5ecbcc31c7639da2a6dc19b6e80d68efe56744cb828f088fcd8fe,c936b53a7f0abc8ae4cec76625a38ee6b9debb0406ba23abdba41c311a140dd2
02174,calibration,evaluated,,42aa0565c04f42246efebb397943fa671d17437897c8b058963f4ff2d81ed560,42d0d1888fe14b83c5c178de1ddd9ec954386626a91c72545b1dc3e780b8183c
02188,test,evaluated,,6e8aa814461bc1813fddc574724447dcdc6fc227dd8670a8fa3b5ca1fd57e49c,4a705b288c9469f0fac13a0bdd9e0a38e78d814a903dba303d093212c7ea6ea8
02202,test,evaluated,,06fa522b799f5c357234c77cef562c0c0cd5be3f88a992b3f238a5209a1f9a52,f661e521ac2660a89c3862ada438e481bada69f6f65081fd9eeea2604bfa6040
02206,test,evaluated,,1cce1334ab4dd8105226fbbf01faf7f284cfc6d5b751cc57bd2eea97a3df4100,4c63accbdfaac721bd4800f1e42c8c2569c5f16ffd250ea7eede1aa553938a39
02208,calibration,evaluated,,9230b3aabf2d7898ddabcc6d96004b99b60b4f6313c1122d0d786ce62eafe43d,9d5cc5e2ae7cfd1d4d1403d4919228135445c99ef2c1405c5d120071a4a336fc
02221,test,evaluated,,7c12afdd4e25bcf7e203c4210bb35d5f4befc71744c8aef0678b5bc784744326,c1b03c6860576de927aba7a663f31258fe4bb578e2e8f6b201578db9582c0152
02227,test,evaluated,,65d401fc63dc49ef63d6e24a143b96cad380f4ac3c29506d10cb1f052f053a3a,91e523321ea66495be16f24383946f29501dc5fda903af22f6facf6405d7ea19
02243,test,evaluated,,5328fccca607162b8f7a4afd182b9f4757abed7ce1efb20e4cb427585b4ba435,c54a339b622904cd2104bf0a692dc313e186dac2171c424ca00a1e6be7a67e71
02253,test,evaluated,,bcde2a9065e05b9a0b84a3f725c9cbc4641e03f030c48b9cb2940107b9223a98,7a8cfbf0476787423752a48fea12cbee5653c125eef8aa054ff257aa30670ec7
02276,test,evaluated,,049c8eae84b2a0960a037744b97bd08fed41b0b73f986e26830117a06cbbca0d,f8a7ce9bf5ca2089cedf3fba6a6ab7262e7c2ac15f55230bc004100b519fd2f1
02291,test,evaluated,,cab47d91bc9d3a61462db01ed4977e9812561450e70e01f0555b00764e1beec7,0c0bde7039fc502d5f0b5352ea2d69b629cf8f8673fce8cf5b67bca67097a60c
02311,calibration,evaluated,,4f96489096de7ac115e16c6a082cd5c09af0545dfbfeef94874089c8c718b9fc,ce01429165bded39ce96ffa758697a27387035e00e2df3c4cde78c4816628348
02317,test,evaluated,,97e378a4dbe8d2f8aa662d50796f7aefcb0ff5d18f513b80c9fb6cd496bc9569,30f16852e5e77aa525ac98357c2dbd559bb218826df2a03119db54cb6b4e6f42
02323,test,evaluated,,e53110b612cc0fd7a2e7774cd9f7ddb3327b2beb2035cb9e0f821edc25501741,e260e89485d6fc1365d0343a7d47dd810144619f26bc0a9d5ef7d34445847412
02330,calibration,evaluated,,52fbb7042a660db1a3d2aab7e474b76ec8cda449e3f9c5489ac27ca5656b92fd,e66375109cdd2d8cac4aa592a06ae09ff5d8f4ddb95ca9632ba7869fe35f7ef5
02340,test,evaluated,,42cff23f8384f8d3688884a120f610d69d81445d28abda74647683f68bac5d90,447c181aeafecf550c53277c3aabdabd7e03dfbf5278cc7148fdcdff0176a766
02359,test,evaluated,,2f19b444078fb4cdd972a0ae699c466add42a381d0484277247c95b070ab2f4a,4b7bd1ee2aca84fcffd4bcbee8f7f2a7a6e21bc6e1ce012257a3430e8d2d12eb
02363,calibration,evaluated,,6e01c9d218e436c18b49ca557f9a2959b5f6a6472ec3109f463874bd183ceeb2,aa582e9c7577168e75f4bce48f7ed42abdeae64f5c20fcc55c4a2dc5bed02644
02401,test,evaluated,,6ef980090eedf89c9824754ebb8ced9ea12ec2e1cc0e3e3fa493d9954ff28cb6,738745bdd62a6b2bbafb685418c4a33abbe0658a45bf0d3d85d83e801c6d035e
02411,test,evaluated,,c3a44b8dcfce99b1ed30253ff16f2ce90b2558fc8bf7a3c684a7fc96b322ceaa,83151dfa46c6ad17001299b564fac7004fa09f15624f328c184229a023dccc24
02412,test,evaluated,,9b4edc9cb6ea9f926efd789db8e9f6baa0ff8aa846c83e2792699f10d6d869c6,6f99d160f2b9ee03e49f96e320314ce7bd4b836312e08c770b5685252cad0e76
02428,test,evaluated,,b06dac8b6b18074dcd59d2ba6dc805481aa392e4eb6c62add04a2696d9c7837a,df1cbcf8e1ee953e0fadea34a1d518b524064340da508dc7d5276e2c6c0443fe
02451,calibration,evaluated,,d183d8c027f1df70764e71cb413edcb0f21bb0d313ba0cd9fbcc55fab8949669,0ce44d88117ba024aa54dada8ff1c1293099f5826a46bc37fb5fec5f973d361a
02459,test,evaluated,,76ff1cae936f94a11eccda85040bed92bd97559260d4e5e617454c7b2e8cd025,5574579ee96217bf9365703694679ab448595d351d56179c540751a6f406e24a
02466,test,evaluated,,c630c796ff81fd207a3067ff5b5e0e6d3845b976ca97592eb32093db4008e7f4,e87e826e754ff5a4756dc9c85ade632ceb7f07f293fdebe3fb0c37ad130b206a
02471,calibration,evaluated,,997e4e44942b7c94d77852877bc39e85103b598100756d67240ddfe8193b90d5,22e1a442ddc38353fce2eff7c3aa48ed8902ecbc7036209249b6be34709c9775
02473,calibration,evaluated,,3bc30a0bc18baec27cd63acfac1158749fe3826bbf04c7a1e7563744d048e6d3,7f20fc917f4d0980a57e25bc1f2d689d5f8f3af122c4c15ead5eb26dd421f8e1
02487,test,evaluated,,12668b871f32b03fb795f9b3ce33eca91353e95b1ac33e59d8c543d203fc2f03,1809bc60af364d034b8bbded3ddd35b9cd7b977f9f26cf03ae6de6a3b3cd683b
02492,test,evaluated,,4ce562c155823c565b7a91c8553916ce86a0200872a8a40f66f077bb7228596b,bf88d5cf8b6378fcc5ba8ef1ab285c760ce0424febb47fcab7c8bf7155df790e
02516,test,evaluated,,4830918f729093e40dfa1e9de1a9f06ee9e9a95e0acb3464c9254d9b4d851f9b,464897134a9cb2872422b656687b7c1c247b76c934019491ecd8c7eac8e213d6
02520,test,evaluated,,8ff0cac7184e7cf96fb29d5ee71904bce38b23e1be3f1bcfd03de9badbf69d25,780c5230bc119c204ef2f70ff574aa00860fcc350cfacb77a13ac874db655fbc
02521,calibration,evaluated,,3fb4704395b720f1645ad16dbf87e110b51eca4ebe43a4d16cc1d68e8421f83f,55cf829772121e42b0a24d01c7b3058eca7cb51b529b56a58017f94f166be07f
02525,test,evaluated,,81d84ac3d231b8f00b054e91869d922fa4ca78d587b660604ae26c13599c1359,a48fd1f992b1cc601fc3e4ce8c48fd0d9c1a080bcda2332a77b840d6ff1d7dd5
02536,calibration,evaluated,,6c83656772b4328e2db53582955eeb2091451756e453739c55959c6938899023,890a43dd72b11b427701415991863455868971b08a35f2e5b686f838ec648742
02544,test,evaluated,,75efa94770ffaec53eeb0be608080091336e4f85b7d4a2c623cb06f0cc905eec,74780edfc077f0503c0dd2a8fb5da7efe6a602e1327de93f34339835770b8db1
02552,test,evaluated,,ba2a2915eeb1f46b726c9b3819de484cfb072ef4ca31dcd4051e976568ce448f,dba5b07f36ca7d5aff3a1226bcd33b12d6b543b6b8e53026cc9513d3c433d38c
02565,test,evaluated,,0061e0c8d3c752a598b0d7507c02786a595af542bf6e64930f06d43ee6db4350,e0d709a7eb96b6266948f6fe999c93edd85186c7dbebfd3e360525e328574d5e
02568,calibration,evaluated,,4fb8d02559832927579ef768d2a32995acc7d5bef9595cbb67d90e194f409da9,12dff9f866792fd2ef28be10d0b76c5619c8b2d7b13010bc5db1e266ccc4e821
02569,calibration,evaluated,,3a08a861c60b7772d1339696d46b04bfc457303b0df732915d53d513255c3fe5,ffba07c30a852bef04a7444d8d41f416e06db56224210cdb8ad15e1d8d9da7ba
02576,test,evaluated,,39a32add67d2fe7c07235d1084ba94ca64adc2afd78b59b079c1029e6fe9de93,e03bf8b8e374fe5bfeeb5b9edd2c135d2f16e9716cccb876f6486b2b0ed2db7d
02585,test,evaluated,,92c0a59e448ffa4c8949e13948fd186594747dea9c8b3d5fd50b818ebcbaab42,7ebe994c11f830f79f1324425a7606df38bfdf227c71c417fbd44503d4c0c998
02586,calibration,evaluated,,cf9d08a143da303578e863ed654f92e7c8454262d8cbe5acd360d7fe22274a3a,e8cf382b622235d7c44232dd6548923130a5915d74a363fe9efcfba1c26a45c0
02588,test,evaluated,,98d6ec1fee5e1422314aa858f03506de4bf1fe6d68cb455484fa839b0c3c21f1,aaec69ea7a8f7d5ac623fb5459d40dfa7c1cb00901fba220b5b54def5ae1478d
02598,test,evaluated,,7e7823595371c819aeafc2f0145a45222ae85d9163d6cfdcd83106bc5e5e5abb,405642071c2535004fa37431c7a713356949720573c24fa788cf6251468142be
02602,test,evaluated,,d669f4202046ce85522c2362e75b8887ecb97e1e64912366f31f43a865c565fb,0c2c622bf0bc52f91d4ed766c4816879f32b381a8ddb583f03fc98493939b743
02606,test,evaluated,,77b645af9e83c9afc5073331f753630890d3284f56438e0707147c60a49c5f6d,e2bc91f13b5d115db3a54ac842e25f35413fafe2ca3ba0758c851a116619b383
02612,calibration,evaluated,,44ee21416b2f6725d0979518b9cd146922fc7125af756bb121d1a997d61c4988,3338bbe950ab667a9f49ff366f878247d558f73a90c0ba422e974ff2585ab3b9
02621,calibration,evaluated,,7421e472b775a01c61622a7cf1911f4efd5c4d6a069118aa6db916071bf14932,5444589421921ec3f56e6497657f352e87e4d97cdf9c189453487b4b0f3b6b80
02623,calibration,evaluated,,fe3bd1c4ee182cb430a2db305391ead452dfd80b92caccad7b509fa98f668d6b,2efbcabcef22cc401ced11c4d45d23bced25c57ca0db853961bd25c9a4ec8bc9
02627,test,evaluated,,46a27e64e8a3666abb12f60e0bc2cba1a96b031d6a28ac039b347455b2336c8a,d8385e1db9f6e0343b9ae5fd413686e025a9e8c4be199fd3e9fa6d0ace301437
02655,calibration,evaluated,,ee302cfafd504d7c1b8dd5772fcd9d5309c21794396f6807384131717fb705af,7b3ba0f7314de4147e90cf8898970a68f0c5bac72f819f950ff135ff6992bf91
02656,calibration,evaluated,,70804f0530ac31eb0f597ff6a8f8a4da6c9f634ac7ae49b5ea222a8daf328a48,22bc8810adaaededbedac44edb9a88d9ee451af0f24927577e750ef3c5843ad8
02675,calibration,evaluated,,38fa8a6ae4a87efdab1a694078ad675b07c8d11441e672ba3e3672efbfde422c,26ab09205e89088798403e8ee2d9f63f9e59042ab72abbb8573a7e364d2a3eb5
02681,test,evaluated,,f872cfd7d6689929e5ee13022d49d0acc0b358ff0b8eb814b55821f29b806c85,67c623754403d7f99ce16904e8b4e9738d999e8efa6dab67b1686f10a5cdeab1
02684,test,evaluated,,0365a62bda0dada6ad8607f6df6c8b5ffe8dd57db171bc48ad94949a536bd3b5,40ff9874a9811fadb140caa71e8267deaafccb6832415a7d673c857bae552539
02706,calibration,evaluated,,3fa4cb34b7cbf1fb0160306809f975e00ace511b0b614c38bf710d9134fff1f6,5f385a54fcc9554e58e25152c59e4374ea9dd358d510006f6691b9ac0ac0c17a
02709,test,evaluated,,1e07d4b1212adfb5e7bbd1fd1ebb10d0362ee153938501dde9366aedfaf94547,4e0b00193a9e9d15af60fa5d423dbf5d2d41c51b8dc68723a2de4c86cdfd1c38
02724,test,evaluated,,28eb24d857ebc82d337027178a8c7bf51a5492d6b353c498cdefab6d7122dc12,234825f020e34987f63c109084136fffba2c5966b8c4371c4f94b5a46501a6c5
02735,test,evaluated,,8036b95612bf1e65b19cd79bca070c8c7976bd1018683234572be68a8ec88ce8,94d3b308aebcb6acb3c0e237579da0a072fdd9deabc8a0c333e31093a3475e9a
02758,calibration,evaluated,,cac8c14aa4cb09f9a501ea09995623b77038cd17c36fee06d7ac1801ee804b61,6ce8aac97cfd198cda17d5a14d793de493c18ce756f1b8c40711dcdfc6beca3c
02761,test,evaluated,,13c925e69c7c4263b87aef2101c0a031b2c4c494c4a3372f2d86f8bc539e315a,ee43d6f2cbac2e9847b76d66574700ff6b1f3c04d6d64b953f8cfb0e3cf8475b
02788,test,evaluated,,19e6dea0f6d3e457648646eece8829afe32514c86d2ee3b1872b78357107958f,44d5ef085354316a4f4cf5d42140b375e2b5802ae213daeb69565d03ec226ccf
02792,test,evaluated,,184c1066e27ad908fd658c00ee961c2ecbb44669a3b9600cfb3c0fa0532ee436,1aa45f0515ab1249b1c3d49f17e30e916975c027a2f586df3b4c1170ebaf6216
02810,calibration,evaluated,,5444fe7ddf66f4c558ae13ee69a060bf226763cf26dd8e1ede17b221ea5299f9,eb7d16fee7454cc41a8ed1668dd4498d9a0e2a57a673fc4763d76ed585ba436b
02825,calibration,evaluated,,b15bfb1016f708d95346f8621550e04df5de80c0b56ac10db09d2a3ba4eed453,974a043afd08733f3af88edc95df079b2935bae51a4ec3ae7327d715373fcf3e
02846,test,evaluated,,648e1929706e6f259c2fe8028e4942ca6b325f925d5dc5222776f7132c7854c5,beb896bfdc82a8b6f4131ecc2ba07305ba4d6626c563e21e4ef4bc7429304814
02879,test,evaluated,,7b05e90aaf4c8d1e772b4d4dda93186bed2b5f45849eed8b574cd2df93d4daba,80fbf1de5f3d704adae37b60eaed8bb4e754772d9d859c3157cea009d050bbd3
02889,calibration,evaluated,,f227cdce5a70eb7c316e86c28f2df4b590a7b0b743d0c5027f3e1d59acebc50a,19df802de97eb5a46cacb8b88316cefba1fbf4537523272409ae02730c9c1d66
02894,calibration,evaluated,,05acf4dce23efe185567cc2b1c60dcbd88066f50afd7e2a9ca11a4729837cf47,96b01d7a4871679169ff2de2e687d1f1a5aef8c08156f5111d158efcf6d69c6d
02924,test,evaluated,,bb53c948333f26097cacac761ec8275b6abd79199551535974d4626ad4236779,85cafe6349242c1d91d414e915d4e37cd710ff11caf3ac9800a014e5108b00fa
02927,calibration,evaluated,,aeeb275dde9f8d146773e152c0241f2006170692999b81e9404933822cfa1bc7,788d4f529752741726103425a2781c3e5798a3e090d1019ea06ecbda4b4b7d04
02983,calibration,evaluated,,8d6acff54dcefcb9d39eb5b6205149b03f1004a65ad23ee246c2edb846298fcb,349cb12b66b7fb8d956de76e8e70ba13ad68155c3ad595e12edb808355fde94f
03000,test,evaluated,,863247b86cacf166d0b3c9f88aa046fb3d6dd3030ca9bd9aedfcbfdcbd7f076d,75a0866b2cb6bc586033e22eee6aa6ff80d56dfb5ef4d745589e6b578eb5c35c
03010,calibration,evaluated,,734eb6387a2307f3f2c41665c747606fab34087ccd742a63382db2bec4a04f55,541cf4c00c04db0c59260a85f549a26a8e3296284c18e3dd1afbe0af5bc8d3cd
03045,calibration,evaluated,,bec80d85027696d5cbd74dcd00170ca7d3052000b01bd4345b045392890d3c98,bcea7679f14b388f228f5f4991e4c6f33e2e802dcf166e1b5b3e32540b68b5bb
03055,calibration,evaluated,,8a9da51dd9ee866de01c25361b9b433f13e7cf4d9175f5689663aca2072d456f,73f5190e4117d3a9216ee8e53fd238a3fbe1119af0e358d3f87204cc00cf6e19
03078,calibration,evaluated,,d35fedc95d599f06f2cf0b9b24f5305d245fabcb0df83d5a310b4b42a1e1dab4,0b803ab5c54cc542fbfa9fefd5f2cad285ce82caf36378ce88220502459d088f
03101,test,evaluated,,8d097e7b5d026e43fe200dbcaf47fa60a74579bddf1267bfde8be46ed74d00ae,c1ab5ed756f495eaab5d4abb6316b5486caae2da6a3dd9c9e04d7d46bf28cd31
03113,test,evaluated,,23c364a4656f504781600862fcf9c6fc6d9f23c0d4b49fb267fd0573c0353758,930144e3ab2d6a48da6fa33614b93e78e1c3e349ecdaff6bfe85e02ad81bc249
03127,calibration,evaluated,,9898b358ec1b1422c834c7d363658fd4c6614934c24cf5c1e707ed8677735824,b38b9228dcdd5db42a2a0189c53f40e5cfc4131994a96d99d9a968053d27cba8
03135,test,evaluated,,303ed969ba6cc4a86063535f88f47c642a60268f58edac701c5f2ab974b73488,873a3bfd62dbd82fc96691a5dd9c1110d0a9d77ccb7bc4893855ff8e5d3b2cce
03142,test,evaluated,,f3e483e0e4affb01d2da9d459de56abf253a10d30fa8703e5f004a7f3ca4f4db,4bb4c2b32782dfe00e42f4d5f04523975498c16a37feacab4025ab2b5ee6e190
03195,calibration,evaluated,,84d63f6cd400db07d59067fbc7e03d1e176ff030b792e4f0cb0310199823d67c,26e2aee0e27d299f8899c1009c1599a9e2c4aa2b7d82ea092b3bf8ec4d3204ed
03196,test,evaluated,,bb3af9a1510f153f8bc92cb6ad8c5a74e0f4becbfbfea3627efe05078d0d019b,c92cfb13dddf725927f3c52fb012944f7c31b6d101453f1ce1b4be1ad1098914
03202,test,evaluated,,ad8f3bd97ec7cc7a78cb810068e55d1808dae2bd738414a74277f9ef98ae1cb6,684312f66bf74995fa5c503e9b6740540b9d6d9767361abcdd27c6c71ba411e0
03210,test,evaluated,,b2d71378197684ca17661945a13411374f5cc1429e03fd282409edd5efbca1e8,dde88b2f36e5f4b8163b1d5a4c6ee37f3a311ba05708c597b5b1940c622858be
03219,test,evaluated,,8e9b53dba8e18bc028246ad44e57c917d8668ed9ab10c1086354e14ce87b3984,2207ed7f4fdf940fc4160042b678d3b270a60143a1c832ec64932c772f4f3f98
03238,test,evaluated,,ed777123cd90da039290d12b9573ccae46338fa01e50e53a6e6e649f46d73a1c,f960ecb6ba9650381d5b55a4f1ac0a6af8fd6ee955b459f33fdd12c900aca045
03249,test,evaluated,,1eea866b2965a6207ffffc877c021cb5d4080c988521bb838ba08eae8126e303,1e9b51b3aa4d2d6ca39d89cb2ee067481dd60d5290f35d869a9d5892303e1702
03265,calibration,evaluated,,6caf0f962bd41f7b8fe7cefede0e57f07d0c93a508aa13cf7569a511ae230b12,58ee0a1ae1159eb4e9735cfb26d07162c32c8bce5ab7f316f56a64d908da737a
03267,test,evaluated,,204c1bf06f3a2f718a457a8a9db6e98ed8acc4d24f56b539f45f11afa76eeb88,e6c72028a750fbbc25e12b12cc6fcaa9806e19a0b189da6028554294864aa3ba
03272,test,evaluated,,8a3e3d8369e2a05cf4177a120bca35b62642abf53a12a7d8474c53e909c72f7b,b11d499acdae022b2ec1d04453c2d82681e12c4b0a7fccda239f6a93464a7d75
03290,test,evaluated,,f69e0aa1bed7c0ec2f4022a0b98b8ca1efa7720f5eb6ca4209d3d5397a80cfb2,63cb1f499db517f4b3f02b6a0b5b6580d9417cf9675fad8652f0621e64734aba
03326,test,evaluated,,f5bb5dfb7ef2f3f42324653789c2154aee3b98a65018951e666cfbf7dd9ea360,770cb1baf90661c0f081e5b33a6e9e61822e54e261f106cb0012e664710c1f77
03353,test,evaluated,,99de72a9e83ea1c3f65c3cf1bb9f3a6e0ce589c361adf31a3d919e9ce46103d8,4d7f556f462edbadd36ca1e4bea4d58806b8d0fa4108fd0f8279a7f58a3de0a4
03378,test,evaluated,,1ab76e930e5fc3766e50e2fe33f3ddcc29d3c9b525baba7018aa54fc09381aa2,5cc78c4ee005950ab7c16086ee2d9164f087338f8f0678cbd2ee34fe5499ad7f
03383,calibration,evaluated,,539b5a897fe1a44ef042fb980decd72b16c6b36e1853d3eb6a66c6beab2e1711,a615b8975727b98595c4e903e0bc1df8f9621c8152a952c9b6245ebc2b3fdea7
03387,calibration,evaluated,,ad3228b63891692032633f69943825558a2afb1f7239978ac988fd44712850f7,959bbf75aa59a53887356b017d3bfb618dfb203f09b0aecbcab06bae2ac28bcf
03436,test,evaluated,,d2f0e375e6faabe23c9a3a23509678dbecc642f0dd212b03ef97b5534df41cfe,91562bda2aaae8b2e1bb34cf58f25e953631a47e5e07e28e54692ff9d128176f
03449,calibration,evaluated,,901cb8f0c21eabb4ce0ad28ad080394d4a6b111829e0f22f0603a00c84a8864f,c803193c7ca6a34263d3acbc6c89b05f5eef2d5806ef58f74d0308e6c1e95842
03465,calibration,evaluated,,3b0f95bdb187ca4786ffe32333baca849554edf123bd81aff492f989e631002c,94dc1cc964867a1843691734ee9123ac6aa465a1a15f35c42a1c2d8f26ed6a2e
03476,test,evaluated,,ecdfe36b163f7df4df4f53895c9b7e32e005cbbb31344c84c77110d8946d9c80,06553ffaa6ccadb0c6b15f6c04731ffec448eb6f4a791a57602db77252867832
03483,test,evaluated,,c32be5b1fd87a6bab0649bff7c3cd92a5ccfd2e5713f04fb948741ff6240778e,9e323f55d14863d98f4d5c8a67487884354cd3feb3a51513db4384cef1d24d74
03486,test,evaluated,,3ae1154942c1c7da662a887a119270d21d36f5aa22e8686c546d2e6626086e9a,3ec112c8820975891924e0c26efbf4b9cae335e87319dd4218d588151fbc33d3
03503,test,evaluated,,c71d69e352e0dca3383a83257726b9718ac6ff3b88d38f14e48a2a85adb5e05f,92647edfb478e61d8e30e4f1d83b4125a047acad5b262f3114fe0e891d265e6f
03505,test,evaluated,,3f7c405cd33963e034b16c0d1f7c8f8513f9e8db5df8124bc311452505bee058,89430dca9e0b3bac499481990ab4593c763a86bef077107332a816e52085eaad
03517,calibration,evaluated,,30e99e5e290214777e906fd0c1485d8621721deaf950f3a45b65c0b42739af32,44c4fa8820b1c85ac035a15fc6f405e6f726b3a1778720573c71b7940af9ec66
03528,calibration,evaluated,,ad7739e42e025cd72293ea3f21126333410f43f366d9e397c6975fb7871f88e6,40793c1ee4657fbc6fda36e0bbb3637a09223387e702cec605c3c4061e2ffe39
03529,test,evaluated,,620e53ca9595bc0a841a545980b4f92d023828194d23914c3ba0ad6b499fe46e,e85b9aa260a23c2b2839196838b45b01d8b3f308806afd3e99a8c43e8ac83e5b
03530,test,evaluated,,94a03fc0f27f906e4a1f09e2fe35fe4f679106cc3ca045e577248eb11bf3097e,6652de9774c77c6a3cd88074170a688fcec06ccd34844508e46b2204ffab0ef9
03539,calibration,evaluated,,3009a2b9d461689ff1f9e200b6274ace9ecdf83e1bf3249408370ffb442daaa0,538ea973edf9c94cf731bbae0300dae944ebda03102b450fff2f19b4f91c1f3d
03636,test,evaluated,,dc96f1440c1a3919b5dad98814bee0ac899f8f3d222a26807c86bc7dfba77ad9,f198be1512f079f81ac117bfe2b258965916b5fdd7eea9364d6dc3ae1371ffcc
03638,test,evaluated,,74ecbbae4e8508490510f8b879aff5370bd98b89454228678b0429fe1a3d7e9d,12ca2d1dbe20c23f86500f2c5adfd1a7813d850483d4f9d53fd205ef5ac446ac
03685,test,evaluated,,c99f0494be94cdf106eb4b1d9b1bc76dafd9d3b200b0b9d16b89f3c843449494,cd0f74c356545aa68980a0dee0528661fa2d9b156a699a22f1f9f50848a99885
03690,calibration,excluded_input_read_error,TypeError,955dd885a7596fbd4ab2e4921a78615fca334eba90d2649f8372f8837f28e1cb,a0d39ff3ff58996221470773eaa7b7de77b0d7fad5b4c6d4daa4b5d4dcea95db
03731,test,evaluated,,a922e6ba705117cc2bc3a39dbd3e69f9b52e149843abaa53ef415d099c2e3d08,f1268e3797551a10bd41f92aa0e2750baf76ee9b2824560b829462d07f6aede7
03755,test,evaluated,,5ef06acf3c5fd0a393170ae4ca4530abdfc8ca1a7ec257ef28f661dc863fd45e,57a645fc567552a6fdadc456cb656fbc1b32532c7b16ed9b94b933ffcfad7abf
03821,test,evaluated,,2df296d3c128b71aebe5c2bae6ef928f79b34632ddd28491455bd33fbe72ce00,6f8899328b2cb0e57c3a7dbabccc8779bba559c02edc67d1f2a63d76e3cbf59c
03828,calibration,evaluated,,68f54d52d8c588ffb3c78f6b81302363b808873b7ecd8cd88a857dac8b6d5164,7506267e6981e6a2af302188889e31913af5a30da116055a5cae4f81178dd780
03867,test,evaluated,,062926fe4bac526a217ce0f166513e2d7e5aa6596780adda6ac61d738826087b,b2f20c4400d338fe5320bec51d7e08c9f3e00a09506fafe2e66ca4d4ac68f49a
03869,test,evaluated,,15bf10a671a20ea72156d6983af9a2f52ae2ff06db81a46140e225b018180613,9c76530b0cd8d373cadd951c8c2d41c8df0031e2731ebb1de0f9883ed678718c
03884,calibration,evaluated,,370bf699ae245255fa5bb8a0d135e10cd8a60990e564e9324ee7275fe7e6e6ca,e860cbf11362fb97cf239b1779042f784660d88b7f1269ec04d1e0b17eb5872f
03924,calibration,evaluated,,7a374c9705a58cbb446032d8428d70eb45a9a467c619ffee2973ce2ff4db7ee4,70174150a95f352249abc2dec8ef6b4c7dc5ff39c711c065e0d396b62959409f
03996,calibration,evaluated,,074470709331f4037be3ffe370b118ff2886c5a9d6dd338aa0e202d1ba3e5e49,98720f129ec343d14a98e3fd61e58b99e691699ecde5c594a3606df7f2fedaa9
04002,test,evaluated,,96b8dbe944a885859d965a591cd7ad0f2cbfaa962dee6b3f1c1d59fac453c045,210a45c3b508b54c93ef9b2b4f40062d40677008430e3d1e84f7c634e8e93b41
04004,test,evaluated,,a6072acee370f142cead0a278a61f1a5102cdf8aa7918db69ea9332f59a2189a,56bcc6d5db627fa3e42f2ec73c728b6cabab8c2ddd8f7d0c3bddc3844085ea76
04010,test,evaluated,,9ba6b805878bea00cbd01fdef067535a36b0e2da1198fb7bfe3ea5054a811f0f,b14210a4c5f9071d38d410e8d35f0038317a704d4acfa1f2638d4122c4ea91a5
04081,test,evaluated,,28d4d5a6842d1d69222625e7dfeb1e0ddec153372dda07c330ff4a5fa205ee96,b0e4d042d945819bdccfbaab152aa1286214e4a4c6ff24d994158787b0d33197
04107,calibration,evaluated,,22cc5b3ad72bfcf837228d9e32301988430ba731d80b6ce3d24fca2f2411a341,84b84a530152976d4012f52bf58ca2d81c0746ca4523ec41392113ed7ec03b9d
04111,calibration,evaluated,,09a8777d9906411c53d87b3c88eadd00f64f0a2c7388cf89793038c92a42847b,b92e06e0ac9b857424deb67359a1d4c26194c9a4dfacde7f82b7978cf55b90d0
04112,calibration,evaluated,,cfa3946ef4e6bae9621dce4c9ce624674c7f9a91b74479684fad120f3c863f75,6cd22003e347df37e506771f2e053fa32021ae2e5747d7dac32b5b7e701f4ee4
04135,calibration,evaluated,,462a985007a568a902f283cec54d46fe7744ff66ba8f7354132e3aab5586e988,819e40a036f4be6b767166b1a6eaa78478b9b3d4b169a3a03da71905c70f8ad0
04146,calibration,evaluated,,5a047b809c988e52302020f8e655bac4e26e5495dd6c69007bf4b7dab8646174,27154df1f7556413af9f948cb5282b5f04e793eabc349e9a4fd8bb2584cb2ceb
04167,calibration,evaluated,,41dead411aa0a19dd4185d013d7a106391908cf89968f344f98ca554fea1afba,47aaadee836b7a0ad55d3e836995b9a18b427f95248353cbf3dfcb8754910cff
04270,test,evaluated,,a952d6916e4af3cae443ba61bea6f171cd1fa66109e0465dec230cd10c6db560,a4d76c0a329517e860b43c215713bc872c2ba59b668050cb5182818b311b80d5
04313,test,evaluated,,58a1e3268031c5aab1b8b534197ce53e0840cd096caa6be609997bc3919c7355,68db7ea11dd13bef221f77ac0052867100d202ae9ff6e5d24f2188bb834837cf
04338,calibration,evaluated,,afac787a9174ae567f7275fd1903aa39e500744add1e366c330cc17896850d35,abaa9058070c82a18b4f3b55c91ae7af4f19dfa2142be96654410c5d9a279490
04359,test,evaluated,,e104e7c49f5c588d8505c2593ab683f130047fc26242183bb3781f53e53c4440,ce134564c3887375a3bb7293876da950f976cb79b0f348f1ce5f569edf146e4c
04366,test,evaluated,,283d9fb28503a3dd493052d51f1d07af33417a5c45c7b5f5b8bb179b06526c81,2c387aeb651c8c0142c6df92622d044a35eae7a1ca651903f1f014c2c72d01fe
04375,calibration,evaluated,,a5110cd1df4aeb2b53b67f39f2f35b85821e0959ae89a51b309ccac7ca5749eb,2bdfa77f62361fbab394bc10edb344338304d5764ef0d169cc08904562e88833
04465,test,evaluated,,7b8a2180c9276e13bad9487f69798f9d6acc86fec6abc75a2a05ac0112ae1c98,07d92645c1401e19dad1b70a23c164f096b26f83c8c04360fd40f9525bd9ff8e
04496,test,evaluated,,4f5195dc52f48e917b13f3cb7219742eee6a887b42dc74776f30538ab0924ea9,a6a19eaf7441f730b8badcb19afa91634d854e07a767fa4be0dc7eac32438e34
04499,calibration,evaluated,,993511d9c8d023753f4cfbc96d1bddb22f982c272e51bf5258c86346270a63dc,f8f517188978ab797b581d7c18e265e8dacfdbcf7d219f26669fdc717d767fbb
04568,test,evaluated,,e64e215042059e83916de0c1c244d40a35df4ed25b447003e0c7186d799ae4a8,ab6423bc68bb04ffa6ec3dde6830610299394378ff3c4e964a9fc31756c5a7c7
04592,calibration,evaluated,,4c07d7dfcb596ac0b9a79f2e58e50f508be9f171c350dadec0033225ecd94818,e123eba0819dea03051f645707dd11a91bfbf0b41887ffac8f736166280b5ea8
04605,calibration,evaluated,,41508c64a497bb90786aafe5ed72b535d397e33bb1836867b29dd2949a0b94c9,03e135c16d1d9f77c9cbaf425b7300f2fa21c92503637b8695c0ae83712c94ca
04626,calibration,evaluated,,828683c98a23dce0d5c8ef22efa61e97ea5a214a0bfc92192f4c64c73cd23732,6bbd6e3a94dd4c1cee8f5f77b703cf7f1315e7a5d7dbce83bff07a4e21dcd407
04630,calibration,evaluated,,bc732be75fedb2a4afdf89a50cd11f242467f0cd3a4c04adbfacbdc2ae085796,0cbcbf9db6bd35854ac38f1daaabff7589b37c9122c392a89d504f70081f9dd5
04661,calibration,evaluated,,85e6558ee314c6a6353d98387d1a3ce2a7bd49046d16e0b19c14d7061cf516ac,bbeb202a55b6f6a125f13e9aa9f12d565defd6c14fac2afa60883c22ce20dd79
04670,test,evaluated,,7060647a319f007258ccbdf6eb69340da9e2e2ff3280d346b5bc0f5944190309,55d92076784fed4e08188f93326c975987ed553a53c417b43e3ffbcda31a6a10
04673,test,evaluated,,1bf4145d0e011c9cc424cad0cd5d7fa4effb91249ff12c7f76aa62663acfe0f1,7a3b4395f4c7e1ea4f15c598f7ce2ec15c74d7c26aafad636ca194349d9b519e
04676,calibration,evaluated,,7a31b0ecbdc359e021be09b0eaf34f461d6ac852c5de8b4d3cff7ce264d5eb63,b50f0c32ffa41382d974ac562f1df1de5fb32e60027ce679a8462e08ae9e1925
04692,calibration,evaluated,,6196a62b413e7fa699f22c0947e9b5c91572db0499c776df8f0abca77bc88aa9,a59aa28748e3409f9349c728c53757962d29596df6c494afb5cdd739d89e1a0d
04701,test,evaluated,,a3b6c5dc60467622a7ebbafe025e06d1ad535de6f5a2bd05ba30af9489f5d303,6c9ba71dc516087a9985e29087e1edebedc55a0f53618ac1532baf0772903cbf
04749,calibration,evaluated,,539c7249abbf9873197fc474a9fc1fe19c91bd549169ea6e74257c2d512ba1a5,631d44a4a9cfdd3bb071fbdb85f34d32ada21da157a3c730972a7c164bb44aca
04827,test,evaluated,,436625d7341d08dafe2d3490275fc20236f1c2deba235884f0015d6a9e687e50,7bdbdc1377caec29085e77537aaee8ea979f537adefbeed991817111ad765698
04830,calibration,evaluated,,a5173234aa2e10761a155eaa9ea9260110bd0c345badb02dec31a2c7ce602969,d6c0d9b08fbb7730f1e841cae3e4ab7dc94fdb86aa4b0400bde9ef42ceab0a6d
04850,test,evaluated,,b01f74fe38bdbb1cfb8d969aff3de0d9d6afe679421a83c7b9997bc4cb7c5932,cc6933e8b3de7b8f8af905f8e6739a1e46dfaa7584666a5adf98488feac2cab4
04857,calibration,evaluated,,b1a6a732e45e28078444ef27bff786b19405d85091840298cdf6b60b6ec230c6,7caee925d87802f2920f429993ba21cfb839616918533ee889af8d9553b17e2c
04886,calibration,evaluated,,716d8b9439bd6f4863c6a31e7457cd9d3fe604b7c89647b4e9fdae161c492234,733bf776dfb74b688cb6d8345013b99daa5dc3ea7756f7178930006871e7364a
04891,test,evaluated,,983bb402e37328260b866e44a334de877cde9768b387dd23b6efb6aff92d7df1,c82d2fa373d7fe7d7c28f1e021de3be43d351fe5ec634f5d4d9b2a74ebe0148c
04899,calibration,evaluated,,9d27acecb89afe772ea89d2d1b8d1abd1183ae4605db4d28cd09e60bca75e337,d260d1769127ad8a4dc35723108681f4ab32d7df16c0b65b24022fe7c0c2674f
04920,calibration,evaluated,,43a8a0378b7e5842da9273c205cba0c8a9fa7a0867b3e27512f2684233821ed8,6aff4841818e052ce8568bbc1d5a567345c21707e46129d83197fa3c571e85d7
04946,test,evaluated,,418f2288ec72b95ec890fe6800fd8cafba98a97de6dfff3706121b622f824fbc,1f20d7053b938c53e0be66b77ce33319012da4a24d5c3a959d4a541a9f1cb15b
04986,calibration,evaluated,,b2c9644f31c393fb6512c78d8705eca2a632d03736c079fa25fddb6d1d9b5b89,7f7bbdb42ffb87e50bbf18d773000dc356ffb98ea1921938796f5128b676cb06
04990,test,evaluated,,ffdecd816240dbf19e6cb64a4a71c04831c18647adf859dc8f90a18c5027c99a,442e5f9f293ef903304ae72d1b3345b6274b99cf6c7c4dd33edaf375fd5e2491
04991,test,evaluated,,34a280ce194a7ee3d19ff3c8776ea410a5df7d66687208dc5daf0646dcadede1,2e1b9fe3e534c9c81f4dcc166a00e04c6859ad7fc4cc34609716475ba708c052
04993,calibration,evaluated,,8df926447590f9a6f2d3a0da5f621740c8288778503f9cc9ff0916d0cd959a1f,77d262bf7bcb9e276f81ea3a1a476dfbec06ad39548b8b607dbeccd391fa4e7a
04995,test,evaluated,,9bb2e8955f91473ea0071431fc75e25ddef609306fd44ca8ba8a64376f355c96,24a547649c2bdbd5b0ba99242c91ffe34ebf3c4737c9458036acedd755b34bf0
04996,calibration,evaluated,,6d5ec27a4d289b57b532b8f22fc5d9768663cf53bb8016dd38d4ef95aa47a83f,1567ddbbcc991787d96bb82e77e7fe60c861794c1e0526236bc76d3b9a2e018d
04999,calibration,evaluated,,87c02f5cfd12c56d7d41dd74a9ae5d43e65ed71d3f77c511922761baeeeba6dd,d462f2abf1b024a776f003512b16012d511cc6ea7480e634d078fbcb834e5155
05018,test,evaluated,,61eb10e22127b16f3b2a3d57ed893d2372e34423da30c1ee045f45ec11c6f7eb,833a03d343ca4fadc4fa14b33d7872580778b92b3a06528067ca1db9449f3aac
05034,test,evaluated,,10bd8a3205bc4029062186842887cc911f1fea87e07a36c683df8d828b47e122,d0482661420547e736489924af713647277286e6d5da0d487b87411379973662
05043,test,evaluated,,ce77201a002961eb7b3fc6b7f79757ef96d0ef7a860574322b20f44a06eacf36,9533e370c5b4c2e4d51b2c01fe6cc4180eb9514771ce864dadc853fbc23d6190
05052,test,evaluated,,ab65ac144ae7da977ff3c240b2bc46a988616e86481541826f3ca3562b73fb80,cec5f3e2e4aac7a2823e9adf7dd0c1cc7494467056114737ac9031037ed3b148
05059,test,evaluated,,c8d60632a96285c6209e0c4d3905e5e0a690203ab30fe9ab777f071c21e95451,0348b1172d1f717196a4bbf457eba9169c3226271523fa8c497a352f025aec85
05062,test,evaluated,,e9aeec361f0776e7241437cf41533b1ca8598e2f3cabd14cf4885c25e19b8411,f0eab82662001685c479ac2e5b7bc4007771a54fb8948f65631eed77b690a962
05070,test,evaluated,,33b1c246140c06cd13ee10eead88cc71ead6c591bdd147952ab59741d8faf2ca,4c8c77ffeb3bbffc57daf138badfaf1a8405a4e1338fa9e8afa04b7aa49b83ae
05072,calibration,evaluated,,738841d15869fc9842881c2d812017bfc7f63c6b183145f192261831c35421b5,e70cec071d551109da2aed394c715eee5a876764d41f31bb8edd09f035c4e4c0
05093,test,evaluated,,d506137d80149fd492dc356a4976e50da3e8678f36027c76281bf3e92280d276,3426270087fef2ba0dd1f7eb98320e6e098861d14e0a1c703eafb307c43dedd8
05145,test,evaluated,,d6fce2e23eafe13df3f08dbf0b03107c1e131a745bfdeb83d875c6ff27e8dc0b,44ac89c4065ef17d7928805b937bf6453e36c2e5b4d9433557c8233fb0de39fa
05259,calibration,evaluated,,f66a1da0a7bdcbcfa15db7fa8d28d4bcb180182a75dd9918673570c44477914a,6a625c4b6c91dea96bf0cea62b924f4e3876cea66b828e8c2e50002b61f16470
05278,calibration,evaluated,,0c3d71d047df7e837c10a5772da5d34c4708fbf3228989f722dbbd2ae2223946,28c97198e1348c07643322b72b931e372f6f5bd9d2589fb6ddf860accc79afeb
05297,test,evaluated,,0d24c38d4f67f97f939ef4049037a49244f830330a27b0929a7d0908ac25785e,92ec38bbd1114c661d565a27a260ae18f6dc6abbd6d687b9f6cde42cf207b62c
05306,test,evaluated,,4b5c1f6666fb5b96fd8961ba1bf6100f346ea1bbdc159cd55bd7a5b5462ccbb7,dbbdd6e7e6890a0580381b7d8fb16d20f6e82c229d6b8dbe6ba2ffe4e060be5e
05314,test,evaluated,,64aa4858d77a2e18a8b6f697f1ce97254090919599082e34899f003e2cd94b03,7e9a44ed168fcdc9111b64af83896e433da7914dd9e2082558a0255fa9d63e51
05334,test,evaluated,,bf18c653a2837d93c1b085bbb458846cfbee7107496017234fa914662df65338,de7a065a093a83f08dcc0ecd676c46f2033949009451c5fcf0bf326739565cf5
05343,test,evaluated,,a34b6c5b8c275baf0cd227d9a8e5d093f3da102dd2904b51031159e05c6be459,02fd42f00bd607e5e6b77f9ed3b5ddc0b428d6cf5042760d237013253365c36e
05366,calibration,evaluated,,69cca627d00666db80fd064029218276c37e216b8058cd19f67971b262276411,9977a403c3f41be2a408c0d7b1e74f4ba46408761454a90882dc44d392f0ed80
05439,calibration,evaluated,,c41f564b8cc9102398ed488e4e16487802f25eba5d6edc5a16eee1d6fd7c4431,76972428d6ce6f53b2c993600d4c80696db1bab0c95e08ffae1892ff0b269925
05444,calibration,evaluated,,b93ee2dff34adb20d3d15d533ae28ac8d84aeae37fdd5c031625a55c2d95608e,98c8da77e624db39625b496d9bd17d104d5028ab09852d7021e12719718a2e32
05470,test,evaluated,,4e1775635ddcd2edf9cf3dbcf9b93e6f2744b52a3c0450dc5e49c31cc2998057,4499f62bb7a2a12db9b2ada6239928729c28dd8f79f992a443b405d34a8cab06
05476,test,evaluated,,a36e09575fae3c1524e9ad337849265578756dcdd237cbefb92c10906ce71110,27a12cae49cda665970a207a3237061d851e99c5f1053736f9ce873fdf7559d5
05513,calibration,evaluated,,293c9d86b838d677a391291f0b14d03448c83c75def4ed7f924859aa2d4751ce,172f441c368b51ea9eadd3c914bd1f1f351b0541591ff3153a5ecad0a783a4e8
05520,test,evaluated,,e678e17bcc7322b7f726bcda7f66f3eb2a92a735bfaab35e236dc623881a5578,b274bc5ae718034467f6f62ea1f4e7f940860b9d93503a3bb810d9e1174df05e
05538,test,evaluated,,78529b7ffdad6b06136f2282146c5c8a1677e59fa0e00a157ad52f0065f84cdb,a1d4773f5ce6a8f7024bd3254a13e68e3f98e236e199afc17ec503e99dfd9ec4
05546,test,evaluated,,740c3c4e571251751f9342807b743d5ee5c1cc9d9468446c02ab563d91542cd8,1e805615bf2807f7e8e9d621fc2e8c0e5ad432d666bacdd3119890cfb8c57fb9
05594,calibration,evaluated,,69c4e52e92b8f8af0112fdf0a5dde99d386d8097b3ef53a8cdcd7243b8c008bc,42ed603820ee7587044b7dc84cf636c4e37b9c2b776e4d349a6d677a8ded30ef
05602,calibration,evaluated,,75a96c2345f7d6bb8b59d27feafb813b2f44f3ddb5862481467c10da1c0e6c52,7319725fa6f0c1ff852ad4c283d718aa9db47f08a0a3faede1565c1964664ed6
05667,test,evaluated,,5fdc1daf362fa92719081e3bb8f9be304d2297fe2d1e30763e3f406f111dca03,d9a12676e0cce974858b6d6643233357e8bbddb6cac93560724752028b4ea75c
05698,calibration,evaluated,,b1bdee0bb4c714a731bd733a2fc5de9042ed073b55467561e7c025245cb723ad,cdc5ec36834467e5a3b13278e219805dadbca48cbea90d30d3ab3ece6cb839d9
05709,test,evaluated,,f85e15d5e0ee7048f622e3edf469696761a3de711a1fb1655fb7d0a08202766b,3d64112edfa2408b42d499d37a1b844686ecd0bdb179e85608c147238bc7b2a1
05729,test,evaluated,,b932344c45dbb1412fb8ac9d041fe09ed267c8d257f36dcac374d9053405445a,df937261ec83888a69a531b6819bb5d5fc5ce7cadfb5c22ca8b77ba931c6424a
05736,calibration,evaluated,,2a0fa3bdd44d07d7d262e617eaf509275b02197d7e7ca76db4485c9014262921,108c4f2ef5d797e148e195e810f6d695962bdf305f9d6590c834a8b8330fe3ca
05755,test,evaluated,,9e25eae155adb38ceb6a71a6ba891e2ba304acdffd6012d70885f293c94cbe08,de4b9e10b04166f40dd2a22420d846ac2d09366eb50a215d5e83b283bb1b0f52
05769,test,evaluated,,ef9adbe5eae32c897d2c85ab107217884b8f3efb54fc5bc508a439883e53f0ab,6b69fb2373225228a0e2d10cc03df0fcee575c3aed103ef3485c60a31aae313a
05801,calibration,evaluated,,bcd7cf8a5251a859e1c3af25d38a8d46a0998406b55974f2caeed7ab20589829,8c4a2216fc007f6b73556f0be7ef5f6dc71559d4344c4254f7e5e368721131fa
05821,test,evaluated,,57406b4e1c13c9ef7eef0ddbbcaec5de58865d2ee674de56f5370a9326f85573,af35e0ccaa9d7b321a1b1c3c44614dde5a722558de4b28faa66e1ebd76cb08aa
05833,calibration,evaluated,,a7c83e7a52ce1e577f3a340b2d6ac02c5f08a63e792e32cfdb0448adcd3a6156,a06a910c63397052cac31366ea3041d128eefd64d28aa5ff5f2fa718eb39463f
05848,test,evaluated,,dbd5befaf036dcc5d504df5ae1e3da794c0afa91d2d65f504869ad87355282b0,9427abadc9614123f3353ed48f6a084bc24406075f4787f530de5f365975630e
05862,calibration,evaluated,,4b5b308eb15cbc08e96fb5fff553833746a92903a2fa972445396a5c176d18f5,65de017a2fee0daf2ff2d6bf9c30656d27eb517ef4f14afc74815f466b8e2447
05872,test,evaluated,,ff393253665d7a1d8301876772940af844880f13354a13de765d081aab298e91,c1834543b2d9c26efaa042f57c2e7661e3e08eeafe78e668f361e31b115eaff6
05874,calibration,evaluated,,201e6169188da47f39339107e46c8d3a9367665bac0f43d0a7e4bbd90a6e87ae,24f02cf0ba6386548a43c02c937d4e8c23b0caa460855fcbb0325103ca5df90a
05885,calibration,evaluated,,2c982c042b3ba5cdf4be17e0785943c8cef7c58c0a02cc6d85d46f28be0b7684,1728ae696bb73432c1178a1b4839052839c24c84db2d9448f78cc46dff7b8f60
05889,calibration,evaluated,,853dc9b3bb6c31ba802b57bcbc996cef490cf8fbceec4ac3e534195f7ee7b62e,b8ee27dad93183783702c46f12998e6d3088c6e2e4cdc076d1e69ffe6d0e039c
05891,calibration,evaluated,,d8a524f95b08dedf588e8d7ad800ec6437ec1e7a692786add0e5b63a280cb672,90eb129aa2e54eb61419ad54c08faa3fbce6f467bb57bd0a974251a546e877e5
05941,calibration,evaluated,,da0a5b189dd7facea5dcb3dd57f7346b309468eb2490bf4962bdc2beea2fc2a9,c7be0545896e79a405d7f8d03db0490b30106bc7af3a7b141c9cbb2c8e6f1815
05949,calibration,evaluated,,014df19185d3365b07f790cf59ae9fccc0600a4eabb17f0c22716692038ecb19,77bbe62c56cab34c1a4cd254794c528d1f3c342f47059d209d4bcadb19b96e85
05950,calibration,evaluated,,d33223732e27e946307952b5022d51c048dbf020f6cb00889662edf91f676be7,417879d79495171d0ccd3c652dc8964a1d40c3adc88dbef8b4810d1d7cbca62b
05982,calibration,evaluated,,ff07aeecc0f4bd85bec4c8e701bbc0225a2e6b2c935b4b952ac176f69f3fbc82,0b3d8178ece14f2cf5b4245d4b63057791869c099020fe13f8b37aa69eed84ce
06021,calibration,evaluated,,6d2eff793d22e0c4eff196aeba23df00d83b3d18a43b5217a5db08356d1d6d85,ae0daf079eb73ea0ea55ebcea0cdb1d65a8c486a220504fda4744fb05aeed0c2
06058,test,evaluated,,538b25c335024b520d63b9351474059eb2da063f9be85a92674ca732f29ec6ac,b81e2bae6876c5824584dbcdcef57e066c892ac7ada56877c7f9d226d8c6d100
06065,calibration,evaluated,,2c14dea6b26d0483fff3fc02e56bbef88b69201e6e64d9c54757fc9292be4de5,184f3c1bf8e576d0377a07c8799645b56979a27fde52645b308d4750de1ee085
06106,calibration,evaluated,,03ce8544cc16a07a7e2961b1c18b3c765d5ad4958819123f6207322719b9cee4,26282e2bd00139b60ed6e0a2dc5d5ec5e69197eb824d3d48fcd6842d417c3381
06130,test,evaluated,,31968f42b878fbfff9bcfd8bc9988aff885603f776c9cfcb14e46bc62f066ff8,178efabce1856fc4156172a5817b5ea0a1c6dd6b354f8d57f813bc4bf43195bc
06197,test,evaluated,,9773f6f90932ea69fa9375a61b98043541787ae650d3703bd373c9c80cd39db5,3f5e92b9f1de70b7c7a10f7e6b8bd57063a17bdd6e1afe9fee13391d7e0383ea
06211,test,evaluated,,da9200e0ebb2976b11f949a30beaabe59a39818b282de497c37911706166d90b,7bcf8cf342929e3c2dbd3fe6cf61ae02c53957710e788dd32b6ace60cab935f6
06212,test,evaluated,,ddc171aac893c9bcdc2cb2eecbf00cac4d0ccdcd6366a058afad30a2f55303b5,baf03cc5136809c25d156fac5ab8e99dfe00ffb98e404f6ad6dbe92e998146dc
06252,test,evaluated,,250d19a16a133a4ff8317c8ac4ea06e3b43972e1a88a47eea63fefaa8b9d6d79,46c794633b0ef2fe7cf3d45e5d7ce316e733659de2f03728189f2fc51555ed24
06254,test,evaluated,,0c10d6eee4577fc08939064ee3c051ed90c2b560d495fe0b357974f7cb17e170,7e36345ef76bb647490f26f6b0cfe03a1d5f932605d9f654bd84ac6ac2571ea9
06302,calibration,evaluated,,450ba3aa1d79b1d5e7e5715fb8158be5fc255cba574b69f4a5c4f8222dc7bd21,9820fc64abc5d507c01bb61891ccbcf4546248ce074f3c14321b8c721298357d
06325,calibration,evaluated,,b480726bf0ac62003b38c64e391c502430300019d50260b8256bbd65e6df5988,25901341b9386d269966e51800aa583bdffcd4a4de9143530f3992f8ba004f2d
06332,test,evaluated,,ad988de59222779da097d564e7ce339b7901b2ed9d79f548158e5af57079c72e,6008eb7da4be1606abe9e4021a49084d699e297e05c5c3ef146b74b910e8f113
06353,test,evaluated,,48b3945a9a3b5cbdf8e12cde2ee01ca25526568de761fc226dd42c87b86502a0,6f468f97f45ed5d8dcc8941380772d9e3831d514ddf83de6419a6441d26e6e7a
06366,calibration,evaluated,,7e608c9d0f31c0bdbbdd10ac94daaa1093b6f38ffda304463ab4adfd28a6fe9f,0fedded9ceb578c25431c23d2eb72b8c175649d99e836b5fdad6c18424b6cd0c
06389,calibration,evaluated,,876e5caaa1954dde5e66ab6f4c43e42dcbe6138125c7950e16dc370ea9fa7fa0,57a5ca4cc0d511ebec42b3e8e05fdb5f333f516a78cc15e5ce465230c7c43233
06417,test,evaluated,,1b609909bb5976c109e871560248fe1bddaab801da9292cbec30a87d4c3c9f19,474ab9e4dd159176fc81506fcb0c4aea4e7ddae7a23fe41c1c053986d7fdf4e8
06445,test,evaluated,,11fdfcadf6f59bde1c0ea4c617f5d58fafa6c7823a34f524f65f0ad24754f721,48ef86ef3c8b6324263a56e9459bd6ae235303e8c2f44869f0696b4492e28e96
06450,test,evaluated,,ac6423eb8e31bb5706f101342ebbd9e9f889e7511e75ae01bbc23b94efbb9062,9025e16a3daa4b910905a6eb077f72bb4aef3bf2fb5b090f18b483cf593bb866
06506,calibration,evaluated,,c21c87c0c38ee0b2bfd4d218a5bd55579b7c7dcad1fb59ac741413974068b8f9,151061cca4784977d2a2069051676d73a6df50fc22e3ff0184d6d815c9c6dcd3
06545,test,evaluated,,cd757d4b77c49331b775801a1593f93beacdcd2d397107d9b1f2e4845e753fe1,5069d920941c85967aaa9892d369797f523f3ed0008ec7b74b1edffa02bd283e
06552,test,evaluated,,8f75be8c2c2db1e7895d6557ed57f92f8dd6e737f739a5d2321ddfd5d25cbe08,52f1720d03979ae682ded41c893c54b728a57e80feea3737b51b099bfa090ae2
06557,test,evaluated,,f7466921d4c8426fde6e5c64eb60241f79941c5480bf7a53df61d5f6610452e3,f3916ee22dbfed0968c774a72be97b2e855bf97a0e69b9b0238da7e5eb33e87e
06595,test,evaluated,,d6bd53f3062389232e193d1c0e2943a88a63a81781ee0e457e9829b9388ab49a,8acb58291e8b926589c45d309e46c4790204c1736dfe9d3d2f04de69cc232d6a
06628,calibration,evaluated,,4efd395e565f1b11968525cb47e27aeecd5161e80c0e1ffbdfe855844279fa94,216a591f015869968b1d6662ae5578b04468771eca93a641d16154ab4d97cd6f
06704,test,evaluated,,bacf25e995f82ba060854c33327295a088ec40f5f9f695f09ccefc8d49d6d0e1,022bb1af2c99dcdde1b6eca9d48a8dbdb193281f3f5499445881de358dfcfe11
06708,test,evaluated,,ce9721256a8230ff05f3d74eb095ca41ef9acc7b81f379baccc99e456bf35000,b88ffe039ddad7233f11ccabd0d9b3d7b314eb6cdcff733411fa68cac9a0024f
06762,test,evaluated,,f0543470b33fd158ca6a19df41c991ca1798550f2d66424acacca4be9d24ce1c,fe878d52237446099c58efd3434bb45d247fecb7c255e262321073bf16114956
06767,test,evaluated,,fd05a6ff967ef00901b80f23b84499233958686c3bf42354031304812fba184d,2f9c2cc39b28904f402d3bb48a43044bfe352dfa08ceb7b661dec379882eec91
06827,test,evaluated,,87c19cb248642ee18c6dbaea49c23f8c4e9ee703fb49915c7d493714f83c23b4,bea5ff6ba3c4d6fdab34a40aeca8e24acfa7e17c62eac04ecbe47641ed449c4d
06891,calibration,evaluated,,79825f06d500218515e41711ff31e7c65070b0d655dfda7f4f8f3a13ef38a5e2,bf67cb5c8c064126c271afc859677d217c0e229d5474726cd9fe568e8c6e1c3c
06915,test,evaluated,,bcc3989b37a4f0e41f32a4c2bb58a7ffb14c92a9906d0817da82c0ac2ce2d7e4,26686ffcfba3979ce6ac8f435f9ff15a64b4b90fbddc9a9640d17a04057a869e
06965,test,evaluated,,d6d0f5ba60eb19343743df1cbe6d08cb835273bf32d7e2aa34234f530cfe8d46,335e44f52a0b7c43f0bc5962b94b1eb3f2835159f32c652df689c2dbf8eaa05d
07024,calibration,evaluated,,80cad77b99b8b2de16b49f6d303bb453f99ae4d2f5703eea6118188c1f8926b3,ac7ae9d6dd109f1df67ded0a180c6db4e4c0cdd30284841a93694932500b5989
07036,test,evaluated,,2666a5e7ef4f9163f401def89ac443b6d5db9e86e64a5d0159154d64b6b70643,aa223cb70be4f5283e5472fe79512e1fa940ed2bd9fcf540f95cb20204fbe9f3
07081,calibration,evaluated,,90f36b3a67d8680cef2080a621614d89bdaeedeac427a25891c046e8a6afd3bf,783307928dbbc2876bcb5baed32e355d350411b42b75c68c14cb230c6b26833d
07160,calibration,evaluated,,e4e0c041d670fc2d2d112d3e61653e375ffc6441964696152cf93a23a5a6fe77,884e575aa7a51d17ba9d0ea1c05ef6ad4668b56f581f405b6bef176139248190
07165,calibration,evaluated,,c32299e9730cac5db383a25efcdbb0bf4090332daa956a8175b4126059e6bb07,aaf98b86cf9765055e6bfb7057ce099d9144718658df50470e5384439f0e9705
07177,test,evaluated,,c988190738bc2cd4a5cd5346cf1341a7e1e374d09756f954a1a908bebb4decd4,f356e32701bf22ff5516cd0e036fb1c042a3cb6ad2295ef3037da26e6a892910
07189,test,evaluated,,06ebbfa60f38cd7cec75410a5b8083fef6a6f21ee4e8326c9ba15f23e34bd150,d21b892da1dbc80220a9325cdcd17aeda2f825bb12b64607bafc83af6d7d5453
07199,calibration,evaluated,,3664cecb0c4a800d67e783d4cdf56fd74ec994f5616b7994f84925bd0fe66a5e,0941e1102784ccf88dce67984f2990188a4ff37bd252bdd88ce41c737c6a583f
07226,test,evaluated,,6b7dba26ca3e2d9fc2a67496f6f6205f2c530f8a279d2e6a57ca577788305f2c,acdbcb24bb4a09a6b8c86eb061fd6c9140fcd756c6f99d88891c996ec2360ace
07255,test,evaluated,,c39d950843f61157b1e3657aa1c2ce93ab4f9ac339d3d4126ba0c89e5338850a,d40cbd315948084e9bc4f14a4cc9aad6b7df1a59976b83219f47ebc876f005bf
07260,calibration,evaluated,,bd02dedfc507ba5b538cae27f1674e5801b1f7930eaf5e2bb9f350ba0315407f,117bea782746583e92bb1f19088c0eda376e42a54599f474f46c977242a2d011
07306,calibration,evaluated,,adcba7099811c7a9c803d38fd7e298dc5562d52d06d66b5ec96537a348d00d82,11ee304bdb67dce8711549d5bf8fd1c1a95e41cc555751f2b477059e1fb2abee
07325,calibration,evaluated,,8a0bcefaa2a3daf90370b3b037378504ae203cb4b2e5a98a0a5b933ae0f09f12,d415484c0d6e7f8bf7c4bb3d5e26a8a264130b37b236227bbb4eebc7f25ff4bc
07473,calibration,evaluated,,1b3ad74959584a47d87db784faadf259ad4f6036b10cdeab4a4147d1ab42ca4f,adc27a28d8e68ec7160507e6f2b15e9c0ad0e3d512d419f8e7390ad4f371cfe4
07492,calibration,evaluated,,893f5e8d34ac8e4912f6e1354baaec37a1d5a111ef44fd16681b59675875f6bb,d74212c7272364141a7164e59332c5b644e4299a99f485a626c6c45e57e37ba4
07500,test,evaluated,,ac9b8acb4740aeeeca5052544d8f3574bd073de67fe113a616489a5446f2ae5e,ab13a0f3a35e372efc44b800405dfc88ec32c8d625e4e2f31ff50e0712569035
07518,test,evaluated,,efba3994c48f036ad257b317ee06007d0fd4a2de3b704ec876058993458a7449,5aa06dec83746d2bd79e09b28f7838eb2424012dc09287b7310828c611c6c17c
07584,test,evaluated,,288d5acc27869beaf5608b611fde0ee958d6b7f0e9a82d24a9f30d8adfdf2518,b0999a82f48f45b19c76f5f639572e9a24ca43d53afdc4cccd131003d7dd4d95
07595,test,evaluated,,01e5ad874f4d166ee504a4dd1d9f28d6ad57f7e17b1d2db038dbc4d50fb3fe7a,1b58079d72d69b1ab81f18d92da4d20502a891113b583d2238356aaef70694ea
07598,test,evaluated,,70c4576c10486ad9f06ee456e2d847e016889068d3be3c98f46614e9b97f74e9,d8a106b2039a563e94c3281ed5cea38ba59b4d176452a24f849ab20556b67fb8
07660,test,evaluated,,6e12944e4a6cde862355ff7cc774c85360e947388c097ca814a3f99209c189b9,be0007ed5d22fcd2af66af1d67ef406aa5f2b0d2b74dd13695c31ad0f65e9628
07686,test,evaluated,,4f1f9e4e4a5cea0c67d3a417c504add9a0b0c84aa2a43dc45f25a678d5ac162e,adb20be759e756f739183e69def1b7b98338dc99ae958603e1ff8162a0282077
07688,test,evaluated,,93f4fa5a4e796b208085ec51592867906bcaa7a49150c3338254bc849b43f8bf,47cc51def3a3ca88ab07d8d893497c6456d8771c463765370739dc9662d02d5d
07692,calibration,evaluated,,2e3fac44ceb461e3155233b8776f54240af07b456702ef582ffe6a85f03c7947,8bb6d84800f06e814092ba0f5ed846763f9b108b092c108d1e91a8f8244811a8
07703,test,evaluated,,5e336a9966889149fa9b7a93a6bc97f86087c1c077812b63d47326bafdc02b36,86ef535a46f2743b0349c898fa1590666b5adf04eb141668440091b38f59ef1f
07728,test,evaluated,,556cb9408199fb3158f4ab8264a634c6dda27eef14820f446d67e16dbfd7c0da,4b3eb2ac35ca53ebe690b3484bf0621ee7617864b3eebbae0760d05b0d1c0ae2
07743,calibration,evaluated,,eb973fa6525d5f70c71a5790cc85e07c4b6de0dcdc1aac40c77b6c5c4b4810e5,f289d0b858612b1a4ce8d853271160bcdd4907ccf3e58f8fca8f74e8eda4d495
07753,test,evaluated,,11d78b15e0d928ba2ee2a303b2c810cc4b0d0e2ee41d752c4170676abb4f9867,5fc393f7fb8d2cc37c4b02a37aaf131e78000dbdb09dd8b766ade13fd200a977
07763,calibration,evaluated,,0ab6e53252bc940f52dde5c09f23e386b3a98817ea1dc17167c28cd2876de59d,c56c59c978e0842aabbdd59dc9b4f9644af728229447154b8556479e74454667
07816,test,evaluated,,dfebf15648c369a2e4654646b5efce6b0cc7c43b22ab9b753e7b019608db963f,f3e51a80561dd66d9648074d284aa616ba00a113e05e186750ab7d485e9226cd
07826,calibration,evaluated,,54632112b8e25b8f7ad52dac347eaa11689c1857772e99077973a3e9c012fad2,d4d99d37bce684450e83febf780cbeaae7f3e2dc3e0c9ad7533b8115f24a2575
07876,test,evaluated,,9c09a29863fef699b7e9a3719c68364d6a4cd0aa3a6cb04750f171f5fc1f5de6,6fc4dd7e968ca33abb629701d29f7af0b7c2c6cca76bdd0dbe6b5743474f2b30
07939,test,evaluated,,f6b97ccbd606db98e96b83509e125efeeeac54cd85fbfa9a9c1f18774d98d21c,27338d142993e94359f99563634c6a5208872bda9d784971177889b5f4f59d22
07987,calibration,evaluated,,b26d68f5622fa945029061b58b1ea8156e210606db8abe5d7e8ba487b0a7d3c9,07de3363f204fd6d22f953ec7dc62c6d6ae33f9df22f17df4c7d2b0e774ab3e9
07997,calibration,evaluated,,5d9ec4b3fbfc536689dd14e154e7251d6dc7880f4cc3f50bc8e576a904795ccb,598dbf50f645b827294966c682d21d54285ba948e6e8c9a1cc8c5b505ed786c5
08013,test,evaluated,,1e5a0d5698897ad5d3ddf11d05c547bccd04456ad4393364e58065c6a3aab170,28e653e887e176da70317007c5f55a18e84f26191b64d2a82a58ed9b9fa4b83e
08048,test,evaluated,,45942fcb4cdd1e50dd703b288392d0ae0940fd6f7774ddb7308e38dacdef32d4,9f711d34a527447c862b7a21a15002557eeedf0f7f1f630a65e3d26c9701cdab
08129,test,evaluated,,fc7cb621afffa3753c80f7efc5a7d0a6acb390c9c3e9a5d5a7ae42e41f99fe77,34c275e1f2483def68debc7237ce2cdd18dc2b91c32125fd99e05a5c61a33c30
08135,test,evaluated,,5698df0f09c8891424f9c084702ae236673e87c9a7c8349ea5455891aaaaae16,cda49319a6932f3896faaadf8ca9b5916679c7f8516aae4c12a8150171348a1d
08139,calibration,evaluated,,7408de5eef67679ba47fd367b99e52c05789b1eb32020fe80f6a127c322631aa,29e848ab00e6237ff1415a8a7573e8a009efb6633ba204267a9cd53e108cd2eb
08152,calibration,evaluated,,0b85c5cf69870bf1b05e5ea6b3385ed92329e81533af35e3939a7a4660efe041,5859592ca012238af5a459e331f9220a7d2ab1de4d99058d2c932de209a0c954
08157,test,evaluated,,daadb1f366a2566abd25ac83252e1bcccab8a0cd344a3190745989b28f801969,8436b4fff9b6c79d5c9cba44f7abfdb341dba3f51bdd98ef91586beff063f325
08231,test,evaluated,,64840bd3e8c3557dbf948dfff39721236b299b30f1c7a212fd283a25a29c78ad,e0270f2f42186ad2b8858f790ed6219d62563b245c08facaf0bbac8b1dacda1c
08241,calibration,evaluated,,d0946256f322f62bfdc1c4718894afebd9c07d12073e37bcf72a86d26732c8fc,80fdb34a61fc12fde1ba78d76bfd7cd44bacc4ef0f73ea3270e554c87ca842dd
08251,test,evaluated,,aa0d57d270eb5b02ce204e9fd1b46e62736511de6bb69fad15aa6a2436f9fa99,001a006146babbaad91335e4200452adf5866de7f6848f3d13678ffc100c3acb
08259,calibration,evaluated,,0e595f18884e4e10870c63654f85d5b1711f56a0db43307a883573b670e4d07a,43bc370567c55925ccace0a7fcfb8b448182fc2a671e8fce28ed76df8abb645b
08272,test,evaluated,,1cf9ebab2915418d0c42fe1517336bd087ab4303c9672f1a48c7b1f8ba509bea,a953a888844b2d31a79eb8a4fd0994b0eaea8ba9d0227487b663223a9d8fe0bf
08283,calibration,evaluated,,158e06c8315022d57c57c51da5f5c22ef2262199accfc3f248c3e754a196b719,6cf41e91ae54a180e9891fb2321490205b25c9994315eb8c9f7c002e09c2d3fb
08323,calibration,evaluated,,69566260668027a0180afc81bf8b7ec8cb3221f0130584c5a92bf7447d40173c,5e491c16d1263a73aa79a74b94982f7665a28fb51eae8da901905e27d126f69b
08401,test,evaluated,,87d1e3559029f7c47b811f061e528306412f4b720942e3553e76ec039bbffa9d,15b5dd4b64dd256468b03ef20e6ec7a7bd50876ca113ecbcb6fe655cdd53806b
08487,test,evaluated,,930c83eac02e3800defb16c70282a660d3c6c4de273d872f4fad6250136da147,c5d7515cac351f9ec4d7567e018b63efc7a0dcccd1d8e47a69ea1df6deb12691
08635,calibration,evaluated,,1336666002a8843461cb95267ee2130a5406dcca30d03980b1aa4df249a7f93c,2161fe653c86a93f59c57d11ae8846f682cdfe2cf71661ec7570c08bca6fcbb7
08672,calibration,evaluated,,2bc477057a3df797adbcf7a5b1ee596dddee575719db06812737b0b2fa7cdbd6,760fee44125a33cb90b04f41bd0801fb8f0d588a05d97ec18e294e34117ea287
08746,test,evaluated,,2e64f685217523a5197a78d96d9a5b1f0aa265dc828fc3bdc43a987fb16adb60,8e766bc57ecad0ab24fa95f0479e6032d98bcc72bd8ca1b3b3057dee333eebff
08749,test,evaluated,,0d878ae301cbad26c2f08b984ce1093550e3bb157fd60072dc747c9790bde7c7,3d756c6a5ce73d5611ddf74d00fdf8aad6f3a0611611f56ce4dbce5be841bce2
08787,test,evaluated,,15a7bdacb75f9bd395741d3a1299ae2ceb79b85a35b18611924e2769ae19e778,829b28996990195fa7b657fa81757b778f5aa167fcc7a92e577f50366d2a8ec5
08792,test,evaluated,,8997f8115398e94d7eaaa3dee20be3c8e4e7cf28f5ee1fc87542eb33627df1ab,ef5ed04132d9976f0c43a2d3dabaa3fdd6fd477b5126a3159f933ec12deeb40c
08799,test,evaluated,,38328b4a4aedeb23954e4279b33a257cf71ea0e3a23c226d83d9f03d8d7e75fc,6f5d48c6eaba8a5b4aed03d8a9a23bc76bbb370652c003c46136b220c2b740d2
08877,test,evaluated,,68373b655073375898319e9febe95fd4416f9a94ffc212afb9213e0feda54f81,020d00ce3d3acfd412f06f5eca2fb0fc78e6b9a9679e26ccbbe03635cb81af89
08888,test,evaluated,,0c7a87854b2e4809c8bcc14ab85372862b2f2c127160c0b7a327e83c533f9133,03fe337a20158bc197e380fe0434d6a1c412f7d9e7e67b4e98caa9990daf09e1
08889,test,evaluated,,9e7f74100df8d2db16a5ebb2037a0d1d9694e585a3e3c31728bbf6927fbf9bc5,c662df987a3406f80e9a5bcd3dc6ce69dc48b5f3e07be6b4ba34c1322e66fd03
08911,test,evaluated,,74f36d9536967063b4c7a2b1e0c52b538501983c6ba86cdc8f94f4de4ae53622,ff0c8a3b39c78c679dc373aa584a8c7a869bd6d562a7937591f7740beb8113ae
08985,test,evaluated,,f595d71f8987a496a403eec8ea04800f496f4657c5d115c6b9622eab37982ff5,646eddc3fb557c5a4dd24723bca0c32295d4d8a22970e7431acb16ef420a7af6
08994,test,evaluated,,11702ea52265bb6f46f844da967020f26de05a24aa7f538519a14aaa752af02b,548c74da391312c7bcbb1ea6c676ddcf355cb9e8e57dc92e600c8880fbe6b12e
08996,test,evaluated,,c1b5e6c15d9dc47a2ac78e0c8c5d27f8f75226d7c6d62ec6c857050204434c73,cede93f187fca362b8608f3455cd31dcb05f8e00897628bb680a1f0afb2c7843
09015,test,evaluated,,89cc37f63f1a7187e0c74f205d1025b2f543060bdd17e70533b48b4c3c93bebf,1ccdaa79cfcd13e4c25e6c2e0ea60ac1f608b540066142e555de887fd2ae33d9
09026,calibration,evaluated,,adc87c9221330c62274fe98ee1e130fbdc5b674eaf0a669bd387e31e493b601b,7fc8f3d4b287b47ce16913d7c0c76dcb1e03f973c3737dcd4921acf70b32e769
09030,test,evaluated,,20985c661b3a8f95a4600c44fe9ecc445210bca581f51a6475d64175f056a7d8,3e442e8a6b0deb98455edc1befb646457580b901a5619f7298538df0ecd19ddb
09070,test,evaluated,,9956a4f83de17e1e749798f51db510b8a391b3b0afb41f69913b02a55b6da30c,830cbb9c0186590762dd5c05745480e74cf4ed0d3ba29b29343a1517de6e6abd
09100,test,evaluated,,a3fb2badac97915acbab4e6959a09dd26c74399ced9aee486caeb5388ff7e042,5f3ec997f34ef5ce7bdb844f4c8e79df12a2fe2392a0e397399e89b2af2796a0
09101,test,evaluated,,a67f366ad7d6fe6192b1cc14ea2fe7c840306c46ea94efbd9f77e624d571387e,b639380e6aa42a79db955a1dff0d70394c994b02f5f382b0467978def371bd7a
09136,test,evaluated,,81b865bce89338da3b1af2141280326612a6727ec40b1116f74fa7ecbff69618,db60a16fb236cb781bef3ef7abb90a3f12e4ef544d12694a75520077481f5acd
09265,test,evaluated,,cd3326ec6087473c62911d637e70ca33e1affbe678847632907766da82e6cff5,359af10d9a8f750b95652a0cb2aafc2639049e0444f6637a36098d95a57588c7
09293,calibration,evaluated,,8c501509f739a4123298ad747ca592e5799db040bf8252b4b38acf573098f68c,29b727ea5b24ab9545c592c02a4955e43a7bd4714214b0e19c6526bab7bc792f
09306,test,evaluated,,b1bb2898eea0e81eec4302dc432f4bd16782fb333fa0c846a045f3eb3ffd6e3a,03025baa237a6166a9c29f224da29860dc5f069fd51ee18f2702d1ab44216ba1
09317,test,evaluated,,1ce6b67486cb92e3c91a0da5fea7d6fb213b6db25d73bd0387eaef4704acfd9e,a4311706ca9fe600381675980e122e69bc71975fd2d20f5b2b71cd97c98e5f03
09383,test,evaluated,,f8b054b138d7f1704da4729f4928652de32bfccf267ca80993447f88cb7850d9,36022269d6afad0f1ac494bdbe7e1e5c6d4c60fa9584b09ad35d5f0b24b6cad6
09416,test,evaluated,,eecd15ecafa622ed7f896f40e8ae40483c3942635586755f3509267b94dd3a7b,4e0417b5a82720b977704a4a80e47e4cdfbc1c580b50a197d9e3656ead4d658d
09494,test,evaluated,,20365a7260c8efa4b5c9c72412baf8a69191ba755d281caa5b5b313c3a8dc000,095001dd02cfcd5bff74abc57a6b697eefa89a835164c5331d00d01e77e11055
09507,test,evaluated,,c23c377a0b7c6515c0071aaec3d1065bf897b2b0775f4f42ee1f5da7b025412e,64688426d98ad31d928eae86b540851013dfc529fee7f4bf027bf9fb2a24545c
09519,calibration,evaluated,,f3879da8770125515f7a69ab821c6e9046b6827e1a9177c6184fd99a0564513e,6e9eb567c907a872635e315b3dde935b4da043d617d806f2fae7b186308eee67
09543,test,evaluated,,23ff09405f9951bd84419bbbfaae6bcb405ff7a0bb28938e1d565eea0e1efd57,b6aa99af6111b3005f123e79f3d526d0894ce6c3ddb6f454f4c9be73d1148929
09545,test,evaluated,,fa10ec19228ce91372ca9827e88e29795a99172ad33595d3bd9d80dbaee63028,c92b2834ebee6e8b56e61a7a52762a9c8312b77a481d296afcd75a10fb440729
09575,calibration,evaluated,,a63a00a48b02e6f7b39a8c73b83985766afaeb8ab70b4e4979e112c86caa6cc0,23de231a3bb5613a92e3924c7e6abd586b78b4f9c3d82065c7941e8f5e5f85bc
09713,test,evaluated,,06541e025215da0b03a1eb030c2f3b0b3f1e1ff5536ec063f8a643b8fb34bf34,978bed4006875783dc1f6634e142a12b77dbce30e5579962b56816b42423b342
09834,calibration,evaluated,,df4dfcc18d5fac9cd81d614a589667307369f967abc1a8200bb8a6833f2e73d0,81b06ac13b46ed81ac24f011a2242592d38bb55d055b543eaa3caf4a2dec60b5
09887,calibration,evaluated,,7bbe9469e7b304cf531243a3c7a1f5a95a0089c36add319405ce0aae51c7c4bb,ae371a9bde85c43c8868bdbe4dfa2bc8c5fb64b7024817f8d44f2be7a616d8e6
09915,calibration,evaluated,,197eddd3bdc80afa4c597a4269f6958fc8b29f47b445273ee6f0725cf18e7d40,ae4e5e7689171f841fae4c8baa10cdf1ad9d33fe1adc88faf9df02af4abbe385
09933,calibration,evaluated,,4efc280aa6cf3738514321d68697e1f930df3d4ccce71127ab2b48e8045d7e06,a3cda6b3e8b4002497290826387bc2615be18f476eab97dc8943671679a5ad6c
09935,calibration,evaluated,,783d5f8150361a1f8373d1925da4bd601346fba8d42101b3c5570d5f46ba48d2,318ba42be08ce1070d3a3dcd46f4c70031ab3b1a3c5c07bb683a7293f52477d9
10012,test,evaluated,,0f8b0f5d2b78fa005b015cc0dc53b604763dce697e40a50ca454def29c4ee225,2ac6eef8dd9d02c9d400fa49768ccdf6ea1d364a88dd5291a3e88905e7e227eb
10045,calibration,evaluated,,4c59d806b21f0e40fa0dfc24bf29664444a820660b8634ae55a44c3d3b49ab0e,f73b478a12a826f32b7b313196d06e3cc92ffeabdc1cef04e979ad2d14fcfeee
10051,test,evaluated,,160d34b609b1a0636a92e63362b151b8e4df33ad17bcfedde2299de35a50c3d5,2b71181e59df4cbb069f78f01c18f8bcc076817f105582c3dafd1e62056b8a03
10070,test,evaluated,,b19148013d3544b6a9a00df3f193e02ca4d98d4a273da72d395d735bb125527d,510847a3b9ee9171e229949afcbd9cb47f8a38233343e379244462b7cc090fda
10173,test,evaluated,,4349bfa1195540ec2279ef6544018077ffbe3d2af5d5f1a0ad736c442a431e9b,acd98a79ea5714d94164ee165976198aba6f230f8dffff1a3c91123ff6fdfc74
10310,test,evaluated,,6a36d61aae0c5dab8d9078579ef80a6b18374f71831d55e4f4aaf75510f7f408,98e87fd7794f15106f547cd3f93a9b6d0f2c2af998057201c5220e7605229b34
10343,test,evaluated,,6104d857ba2eb9e15457e73a95c431642a5fd23518274c81b9f07eab1005cf5e,8159e5d9cdb80b0ed2e77f92c6941901c0b325a005a9b0eaca0a99c0423cce31
10347,test,evaluated,,73f9c97d6565cd03a6e21a4e849124bd78928b16e121a051444b3cc031fc8dfc,59b9ba19fb79d5aa96c17897c8cf6750696a17706ac7972c15f8c9684781302b
10353,calibration,evaluated,,d1a2b012446e9ac2e2228c05838cd23964433fbc0661c903454ef9f42432eb34,ef79e968eddb34f39b76340b153dbe16d2f906af0b45cafba8e9ef69732e4ab4
10450,test,evaluated,,7b29eabf582b884cc0d80f7918f5fad75a9e69d7ee352c652f38db956b43af57,5fc47e2e4f58c1705d9110e42a7d5a0dfbba40ac2e122f88245596039e28ad89
10517,calibration,evaluated,,311453c7954097b851d9fec6f3f392957f80dad449509a4464bfa725d96b2d14,de1ad2a15a1a0519b57a2d21d9ab16d54558774cfe92827a9a6616e32209c782
10529,calibration,evaluated,,cad0e6e46d52543c4b4f4d7d8b1bc8e5d631b9ff809a7acf0fdf6cc6cf58d730,91c76055691316dc9d2bec09bf87826bb8acce75fd3de520fc905ace1054bda8
10548,test,evaluated,,a80b77d160f7a3b18b881611bac582d6c4cfae5b208e9d04ff72e33b6940c8fb,37651986a66af7ef19920b36343c85489c0ae7d3358b4d4c341fca6b9e8dc18d
10565,calibration,evaluated,,1825cc25595980e5f40be1df3c4185d131ca08851095eecbd1e06a5bf16fe7e5,7b62f60d6eae53bbea438e862686906fb9f65369bf693bf83ca3a23c01560691
10646,test,evaluated,,5c34a80091b599c8998eb4df70ed2d7ccb6f5894391c70a12f12447a21869e25,d0b43246164377f5ae338b09516415ccb7fdd5d20933689f49a6a0642a23cc34
10695,test,evaluated,,c2891f60d7de505d6c470faf0efeb33786ccd683c787b2829a2dcfbff1fd2df8,76623ecd9e106ea188a64ec19c283a4f213ecf6639444c9eafb6df5a1f4e5507
10707,test,evaluated,,bdf3aefe45b85051f0d9b0213eaa31a06751db04ebc6edd9cf6523ba776f84df,2af9d8c19c4ba36da7250b95672866182063dc26aa8ad16aa1c48952956b69f3
10725,calibration,evaluated,,b17f8c5eaea81fd705afa5f4f5a875687d7d85511bf5247990a2cad2f26c65e7,7a4775e31c9d2fe00fd04f247995c33dacf3d75bb4f45d410c43143982490395
10807,test,evaluated,,21f4773d67767f68870577996b186786b2aee1a06ff670a291c60a204767b2bc,de2a6d00b0b6d4977233d87b6e5bf72812252cd474f7bcec65b17f916bca06b1
10837,test,evaluated,,b9d406bcf467fc904fefa7533ea277c7b2ffb6db525beec4fb07505686fb9ad4,4b3f68d4932b5b80d9440dc4ee9bf85b92bc0fb91ef9afc0d99b67411f58191a
10852,test,evaluated,,64d66f05836d133ac7ab3afddfd08cd89acb0f77adff1517fbcc5409d97b8287,a734fe3151466876f0b2a129598f7877e65465daf68c7f922b42a83af08b2488
10878,test,evaluated,,d0d6fdfbf78ada5abdaa32743d0ef4339752e4a5319350719c685e3aa6cf8b0a,406da19f16e29603859971f01bc01a02ba9b51aa9e32fa189f89ae3a8bbc1b7b
10888,test,evaluated,,d4d9dbeafbf7f4701330e85189daaeaaaf1215683744a0a1970c803119041ecc,4b760b86ca4fb3a8723e298bd8c865a4d0c13cc9bf28a38e1c5713ea1ac4efbc
10931,calibration,evaluated,,207b12b4ac51c3e90b8ddbe2975a09318194fe1ee845089f124ddd7d579e9d75,2da20cb54e54254f78ec412060bde5bb920999ebc56d1db99085575bfc6e10c3
10934,calibration,evaluated,,9824c0b224e47aa0c47a8c4d5d3830af9af31ab40857dc20a3b65a2ff20b17ca,7109c658cab8edd01407696cd21e997162baa814e8a85e124779a5ffa148cbed
10961,test,evaluated,,ad0cce55e25c6bbc8aacc9aa431efa926b68415356ee4923ef912fc24d7948e3,bf94759c6dc58cf23f28fdd389f1fe5141e594511d4cb60156ab184c5625706c
11047,test,evaluated,,74f51e982a78f5d90b63e449f5f13d85619a8649d8ef2bda84ea80727e90d872,b13cb5e7f97460c0bad2533e02a70b6a08ef8daf615af58c2288250ec5fb1f9c
11066,calibration,evaluated,,e3749aae78dd6c827f236fd4faa25d9bfcf19746268844bb0f478a0c9f1ab716,3a9061a251be401da9a560816faad10e791f5733f991c7c70c14a4ee0577430f
11071,test,evaluated,,d5b5f3964a6626b70e2dfbe789fdf30c56613fc5e5de48444be6ded86dc92e75,fe4ee82d9095b9e26b35360f0b5a07110860c2b08125c56f035ba5d90796b0ab
11094,test,evaluated,,c87b370abdb54b6dfcc75e85bb790d31f6b169ef481907780795aaa19685d75a,901706437e3252b16641d4cdc47618fcb997c4513d81f8c1161836731868b2cd
11110,test,evaluated,,846419420df199b86e4801ca0567f4f7a817a2513ea38e9706cdc3958ebfe05a,a0d6b3bd121c821bd4b76dd4d457600d2aa9eb7ab1f73b51ffaaf84ca2b3b930
11133,calibration,evaluated,,ce45c44817173507a3c722dd95acb5c50b7b9e911de51d86f4b4b1f02833cdf8,2b7f40b475d0f796280176cf52b0590887a43a5505a2fdac4ca836aa414e9012
11186,calibration,evaluated,,9270120261ed18635277f50665159a03dfec8ae7e0faf95c761ab5e29e4e90ed,b53466354e6dc5f07bb74c7fbde9146b5ceb0271049be95b1b932db9789f2d1d
11237,calibration,evaluated,,be2ce3a6f60ff91dad31296448754cfb2aa4694193db560f3077fb9d8318e7ea,e7b1af65db2df151978fc17929a8f1e36b740dd503bf50b7a035376b1f951242
11335,test,evaluated,,132b08c0789280666b6d92c15c0cc859e499da485a5d5eeacb27929900d082c1,a2a78b2338ed1dba8994e900c844d67ec20c558e53774290f2c64fdd7b549baf
11457,test,evaluated,,90c2df1cae2df204e173be6d14a6865fcd8b562839a87883d9cb296fc86d8ebe,45c24cdd5e481b07d7da968036e5d9ce792080837d29bfdf059556180b851721
11495,test,evaluated,,5e580d58f449a07ac896e21903891b4f45832c2e6e81e108978651567165251d,97788561967cbf70e96c695a3b6106cd9679a4ecbb7c2ebdb2332f01319e14dc
11498,test,evaluated,,2987135477b5220c6c71190746e3614b105adead7005fd7b8c6834689811aa6a,4efaf5f8362af37f021eb648dd98840f20a05ad66c99e2e6fb94dd1662fcbd88
11500,test,evaluated,,057f33c49db74e08d7e3deb23ee8101ab084d49c2402604adebc431e7c73c1ea,f6720289382e70586ba8d84143bc6c9261c3510a13979b847e7fba5c41ad0649
11527,test,evaluated,,cd512039d9a44fbbf25d20a8a8a07daeac164d66359cd14e0b08740f8b746342,cf7cb232cfddbf4e521466cd8dc1a3761c5e7614fa7814b87b02bab4792f22de
11542,test,evaluated,,f7ac248c28ebd41b6a3ea1244cb39e75891e702f4d8918174202507ec0a1c1d0,ab9f47ab260147a53d4e5af0e4278dcf952addd7fd98a326068bfde57d5443a6
11591,calibration,evaluated,,9740d178103ceaf139cfc31d2b85bc9d4c8f211a7f4951dd583480d84a369055,28c19eb13d052c5f5bcca2822806c66da4a8c184224f6671a649a35a7e7ff3bf
11680,calibration,evaluated,,c6883497d5a5816352b93e5f323e46a9bea2ed621d3f149493446399b2e520d6,c9398aa147aa238dce66547aa2e8c980afa43e284a55218d0523ad3424756c45
11766,test,evaluated,,3247a84213e8443f06e91af467848521fd9d72ee34671572514c7fe804c63225,7f41ca1e60ce557d7d085921382329d1c981c32900535976847fb0124387088c
11998,test,evaluated,,fc4ad58944c33265e325f4755317c86deef4abe7179a1ba4904ace2649672c0f,aa9c5345fe217e9a22ee52561a15b5507176f6330746d9a8e73637974c7c7a20
12035,calibration,evaluated,,d04741e5a9ea2216ea830a9533f6a5e23da6e81e42ee9fa22a97f597a1299d80,8cd94b0b85a74a4af68a234cfef232070dabfcb8673ac28d91d92f7beeb52f2e
12137,calibration,evaluated,,0cce89448a38495eb21c383c23db74a1895236fda896c88189879adea2c318b7,88d93de42f77c308b209edd78fd895d06ee13cfaedcb8f6009127d62b44dadc3
12153,calibration,evaluated,,c2d9e79ee9cfd4d330beb790ff1d5e1dbad864225df308bf7a5a7d1a90b9b26a,2ba97f96cd64d1ca3aac507b87df3cb95811733e365d3c1d6115a713031e22a8
12236,test,evaluated,,daedd213f90128f77620da190eb094118b2e3d78468467a5bfc9b566c2e9314d,c7b0bc8bf843a545e4795bd8b6ea17129cd66a7e4eb942fa520014365edf6a3d
12279,test,evaluated,,db122aa3a8bd67857f7bee8b402300cf2532cc3219992b4987fbfdaedb9a3f54,ebb29c1435358a121d3ec9e3577be6c4a4fe098a83d60b7b03c9e0a254dd4255
12433,calibration,evaluated,,745f0f7a5bd54bd3696da0ceaf440370aab35efc6ed840cdd85f4e510b3f8385,3811ef616ef189c699138033d74f8ce704eb9a19ac396afe0cdd195ad0452c45
12593,test,evaluated,,6364570b3c216394e50d3f88dd36b6d8aed63d3cd5f89ab38780eee8e2069821,c892f074e86a3687530a02977d3b98ffd90a1fa9c67b55abe24c54ef81288560
12692,calibration,evaluated,,0a9984374aca87df69528c8b32a3f898adff7a444d72c24a4382a72941fb6cad,afd17729d53b457419edd9c2e23d040688ce4266c44884ac935b13b7705d191f
12740,calibration,evaluated,,0c6ac8f2629497941c4661a0af953f1ae3d3162e369d71c6e545a1ce5e59e1ad,8d9343bad1408114df5a76858ea116d9a15cecdf817974058f8763b8f6bc6e96
12857,calibration,evaluated,,dc4398dfde58f07f72638bf3ee7f89058fbe25c1a9d8c3533a3369f9704a8bc5,5f5624658fe3057cce8d8d3007ea8ffb37d8da318cb0ea40396ac8c20413a9c0
12872,test,evaluated,,e42a2a492047d71a3f2a23ba4c30fdecdc9ad9cacec01cbc0f64e3c838c5e440,ff815de803d056e349f601e37a9c21d4f799f46ed69d81672e3a8a00e070875b
12984,calibration,evaluated,,aa1e6ed73d5d71bfa809b733a5ce01a499b9437a1001e528a790be61fe617caf,bc423526c2863df28589db5d31d59697f91bea4f7bdc2abf611e8db33be2da4c
13050,test,evaluated,,5ef14bd5d1e0954deef9a9a6b14e6f665a22e24f597e095df3b9510d391944bf,127746b3786009ce8e618d8b68dccc03be75568eaa461a7d8923bfa2c0558f0c
13110,calibration,evaluated,,5c533ed7904640e47f9863503aa21dfaac1536fdde37a56a3d8d692e722bdfa7,aa0e5ca0b5227555a7b31f42ba52620c538227cd3ad8f93bf2f0ec47bdb72275
13174,calibration,evaluated,,664c2d9f7db95dd73daedb17fbb7a7f9895ffa7202a3e960a9d87ba65237f8d4,e17291fedcffd4c283c296968732c2a7007baf14051f5bee1ef5f75de087bdd8
13218,calibration,evaluated,,af89f557e466ad4cd34250dcff102d59dc87f70b797673ebcf9bf457263dd248,8d16c349fb6382b4ad72db5737115154e78db382531d5843a3959956b7676c56
13222,test,evaluated,,cd7f5d0f5aa60694966a61e8bcb80ee24dc99ca4c911a4fe9014e71a0fd8c7c5,c63fe7e0abd856a617013a9a453b3acd736417e55452602f12f5bb9dcb99a616
13228,test,evaluated,,416d390f292814e7247d6d56c85a3c2d472188c9d0ad04b89ffd70663b60821a,4f2371b484c30a25cf3e051e0aae35fc95ed196e522d22bc7d45f453d6533b96
13246,test,evaluated,,0f7b1bfdf4e831ed46fccf74d928dc8dba9377bf19e8a77c16a43aec1ea62119,66085a7fdd0bb20a3027654f56cda34c7bfd8a96fe4a4ef8de8e033cac16ab35
13247,test,evaluated,,fbad4b0f2a282d183daed3c35e9ceba6d1325e9e73ce7e051e06f42c11a350d3,f04dc7c7287b9d80c8dd0767a270a08e717a8f8fa0bd4f9d648cd5f3c210349e
13278,test,evaluated,,3b469fbcc6dcf101b34f57b54cbba40d5d41385392b33b7caa907b697c3de8c8,6c815bdd840d98d027426b61617560f3bd68a851e7e294375d0a0e29e7775200
13301,calibration,evaluated,,a565110c4b2fb76296dc571e369649fca4ffaf73d65669643ffb23787f175b82,555a8f85892e587f5f8f3dbcf083dbc99094077d6863a3314735f3432c4878fe
13369,test,evaluated,,76712b68a88e39e4aa88128c187c5537e5e067065fbe074db4b74029bdca4d41,7d8004835a8fa956a673c95a53d17bdbd506e1d5a194995543baf95fa7b71613
13439,test,evaluated,,453d3265f5632b5fd4bc89d1482269794772bdd107045d0758de3be43d04f274,60c6420056b69814bb8bfd098965fcee7f244a3fc07c6fb986d70fddcdd42423
13444,calibration,evaluated,,ff591bd9dea33b54dae7dd6e73d3050d60d899924c6e830ffe44a8da0d80ce15,79a33dd311593d182e9c0b35825a838860a59fb7adce080d4061d0a0ba6ed5d2
13515,test,evaluated,,4e3bded7ca13f590561a8e55431b8d9681394892779215635a22830e1ed65ff4,cd00b0df1890da7519f9798e80f6697527d5cdef4fc91ced535d5bf5f7f42e53
13665,test,evaluated,,bfad25ba3737a65f297693acc8a7cbb10bbac704bcb0e043767b3ac7d848b20c,03521ef7e7752b0dec0e952ab5ce6607571631180b6fa82bd0f1762cbbc458d2
13913,test,evaluated,,94ef7c3cd8174c5de9f1d1abf8903699832b25d3ff1def43811e1e67ef0f9e46,5a17537676b291514f8a241e27ad5230fe57fbc38e7f4960e96b2e0546a13150
13931,test,evaluated,,110a818cbff86c0acc75537611c7fb43a68d324cd0016c9bdd4f613c1627b3f9,22f9f4942776f6133735d16334e64a80e4a076741537f7b8cf327fb341bf1061
13956,calibration,evaluated,,0867bf9567926edc819ca2baa01afc01b9b7f25015ee79b262049f2d189f7910,58fb84f0723634eb79e864b4cdb8205ad070ee6f0faea6f4fe134bbb99bb761c
14116,calibration,evaluated,,f77fe32a661fec222c654c6f158b114ea30a03d73abbcfb72f8904bf85f69374,5b5b08831227e6a02d1d01a80ec6b355467f698419319ea40e5333976e85b429
14194,test,evaluated,,1551c55d65499f281fdb9f5433980ddc30d38b7d5aa8fd0870ff53d270045f5a,c660040efa07d59c910e476dee253f484844ebd56893c367211ee8f25e1bcab4
14260,calibration,evaluated,,b6588d6e980717edf9d261b58ae677d53872db402424275de16e1fbb152d281d,0578d626197e77ac9355f7befd78d7ebf4ff66285d56eb433b212bc47f11ce76
14336,test,evaluated,,15015550450c5d49d78c1928e338fa9c0ae257eafbf78165d292b3e97ec3b6c1,6d5f32481ab241f1a2b766fa9f3e6436465aa663e32bf9a2aa93279e199280c5
14354,test,evaluated,,5c6bf7ce4e8941dfffdba65db0639feb27a849e4062049c874a74f742f41003c,754f53eb5d9fa9e70838934962b664d8636e66e7ce8dd0cdc45e4e8381d24166
14364,calibration,evaluated,,51d036c323308419221122f09109b65872570769a256904036a5fa81b51c94d9,17ada507e23b651dc6e43a326ff7778faf0a6b38e0dfbd34cef6e33cea1b6091
14406,calibration,evaluated,,429bfff2bc9c22ce84ba60ee07fd809dd670f3f3116673ddfa7862b527cd4bed,14436a37e352f0200ebadf41387633323a275b09c51e097b01e2ffde4992c273
14451,calibration,evaluated,,8e0dc1cfc5609752e85b455d55102176852ece28bf130980f3f10638d1d00d3d,b90924ec1a62e285543c294cd7e72ca70187adc0613faea8cefdf4b2656eb872
14490,test,evaluated,,89ad74f4272298e56f5f6dcf1cab826bc7c0def22e0a56130466864f096a16f1,e7550ee1f8f957ffed4d8a5badd68010097f807ff6725a2a4b4ae4a7d2fd956c
14491,calibration,evaluated,,08ee1937f2fdcf5693ac7746bea11926d4968e393f9bc83896ba1a73456695d6,bd8d0636f4e96869a3429352d7eb0a981aac7972d2f53c089519bc9ea7027bb8
14576,test,evaluated,,148bb3ee284e110fbfbf61fa8194d85e3f90d2f2ba1fe21d618fbdeee544fa3d,307e2596dbbcdadd6b808b229b7ea44d3e1d5a865341ad0c78ed74fd4c4fa76b
14582,test,evaluated,,1cd05188e79a12dd9a41b74cdeb2fe68e630bcea991e653256edea5cf8483e25,b453d71091031447cdbf1bf682a13b5905ca85df582676939b3674233a46ed22
14644,calibration,evaluated,,254b5cab61b4afe46891c1aa56b9ef00c0bd38d10e3f931120ca2f4cc37d44bb,334b504327993e17ecb1c64a36b1d5ff325cde4a787646d0ad1dd44e6841b426
14650,test,evaluated,,e6d37b871e30ef128cb5044561cb8142ee02f4121144df6abbce79205610ba01,4f417d93143389da90008233eb385828e5f041c0efabf7d3da0afbf79ecb8b0a
14677,test,evaluated,,dc2c65bb01da9a31adb9cdc47114b25ecdae0a3ebecfd4043e2371a6c38931da,a480de288dd95a89981047394a3a0c7ef9972d337edfbc8fe91d4302c22cf447
14707,calibration,evaluated,,511084ff8ba0afc39ef1510f173e2daf33aa75adade1d2039d6a5648e61f4dcd,e2dc726c4df94cfccbb628e5ec388467541d127b75289c799ac65a0b7ed53fbf
14729,test,evaluated,,c5695375543c34614ba041bf8fa8365e6f6a18f43a976a967f2b9dfd447e53f4,733c5a61e0e08e5c4cb79fa68e1a4cab79ec59203ba615cb28d20369d62016fb
14787,calibration,evaluated,,ba0df1728c23df809df8804c6fa6847aab2d4928a44d07127b00552054242863,1fc8900eedfbf2ece6b6f7252a4b1a57ff703b1be23ca342ca3a4c7e7db09fb9
14815,test,evaluated,,39326a94375724625e4e9ed9fa7a354abe295592546aefbf55e4b478129cc18e,8a0ecff8e5ee43150aa7aab65e38118d49544c95afed7237ed28c877528c4700
14829,test,evaluated,,24c84bee5c6b2089b33f9192146637fd9ca11934c8da18c5cdf56f06661f38c4,70e234350e9ed78cd609ee02a9d8aeea30a92c96efdf9854e0735896ab821014
14847,test,evaluated,,664b9ebce77cde63103ab4f6dc0625b0aa40067a4b945c1fa2aab8ce2f5585d0,b9955825b9b0fc249e94fccb5c1aeefc62be2c2afdce4b2cb1968302a2670e05
14927,calibration,evaluated,,d8ee879238c929ea4efd9a747896ffbc690679ca97225a802b2ab0a5247e97ee,cbde36233eefb70c42e67c3e445e65abeab37fae394ce9a501838100064eebb0
15010,test,evaluated,,5454d76e534a25020071bcf212b9195792a3322b6b8cca763731e803a57f30d2,83fbbf5eb014419ae448b083616638a8e42591390c6da24ad0b3e563f8836e00
15132,calibration,evaluated,,9a18d963e803ac6e1404f2bebb298734d9aa4f411baa90cf783005f420724857,0d6886b9672f5b38d3d7ffedf51e628599bb5bc083f1cfb948ac8ede2b9f8b41
15246,calibration,evaluated,,9359f7d21ff95146345d199586cabf1703de967e8c36bf5e0f0ec2e02569f54a,4ae3a7989dbf1f5de1f3dc5d34e6a18a66ec9b8feb7dd61df949bdb0d27bf47a
15368,test,evaluated,,cde2ae48a56bd433f0a3c0c67efdffbeda606a23c9325c2c6690f0c0c3977509,94627edcd75b207437e3d8d8772242aae9552bacbcfdf8ec34744d0936d6ac5c
15470,calibration,evaluated,,fe4f61b89f50d97048fe01445a4d5d8ed79ec74d3c5ad2e8a904c165214578fb,5dde740dd15061a8be715602415cb9539de0325437157ecc8e43308eea390cd5
15501,test,evaluated,,42b6383b8225568f8dfdde8f94f10d932f18fb53e185eca8a6727aba755063b3,3d288d0b92e1143e1a66f55fb20645a5e546a8f0b9ec11fd358afbced755b601
15577,test,evaluated,,d9d985bf9cead0631258f6045ec82761b19fcc98b282f15552bb72493f5e518f,82376e077ea1b6b10308d9ae1d40eaa03dcf893891b0e8cb8ea5383064514e7f
15603,calibration,evaluated,,2e008d592bd1803bf36040ecd86f59dc18ff6bacaf302cdf792c418236cce25f,218c77c2507e411732eb30dda96c0dc1b1ec451f378be489a357aaea9abef23a
15718,calibration,evaluated,,c5274495bb4189eeb84df659aefb6fb3c4c84c0848e718a6bd9db011a9d17d22,4c0fdeed565b37fad727cdf0909bf38b3b3097d95def28063a573eb63dee65c5
15731,calibration,evaluated,,bb6901ff2f7b4703c28a11d50adbf36258fbc9e8dc41657080b8652e52d73223,1e4fbc3903111953a21b07a4296a7152453c49c2682ca69ead81e0af4f602a59
15838,calibration,evaluated,,5f39759ea9d2dd6aa044071402ede7d04a3df19615878b72b82fccb1ba226c94,ef0fb191f79f6000eccf71eb87bcb4f1fdd1364b2cf70cc7cef08dbfcdb900c2
15871,test,evaluated,,155f20d2e8f7605421e414c5aaf417392bddc2fa6668b964bd0bbd947e71f511,b648b699d386a4616e8e21050fa9564992a476fa784e1263f65150e284cd3a47
16148,calibration,evaluated,,2b851bc9e678a84822277055ae72f83a1d9ed3c11d2509820f384800d894872a,4e55297806295d511abe1ef7bc8e81792e7b9c60c5a7d50ebf49ab3f3d773200
16175,test,evaluated,,fca789f5bdb5c9bddbbfd1f25200cb4ba9a0ba2b2b98d74502563b0b24baa0ef,bef76a93f612a1da21d494aa2312f297604406037d24e3d68cbbbec94f30c644
16200,calibration,excluded_input_read_error,TypeError,6afdfa20637c266e9c49e81976467be9e845afb97c28b9f5a9f0ddd936344791,047a46cfcdf971538fb0f7b2051f75239bb43a6fdf661c7253f27031014de061
16271,test,evaluated,,9d35d74edaf7a1bae35100dd939f5f60cbb7d070190720ec71dcf4280c73f973,9c4dfac70de6e526886e8b53cb56f4f0ca9da8edbc54e22cd3e64fd59b35db33
16345,test,evaluated,,4efaec6b0a7b71e8117473cfa47a94eb1ee35477cfc4bd0151ab7058cbae3f56,2620fb5bca01763cc8f8f9532fe004ec1ae726776508c8c6c1d2d677abeafede
16366,test,evaluated,,b6da3cdb21caae8e9d1c9f26979cf627415c126fd4aa2cd22b27fa30282826ad,d1cb80bdd339fb198819b8461183259178e509bdca4410282859a037e79349d4
16406,test,evaluated,,ab5021cdce2c642230542bb8353843c0e933858e4cbdcb210b5c30fc6c01d84f,a082488a3e2a426ffaff780aa11a04ed69a745f457d888f1d67b4dd93162a629
16427,test,evaluated,,b44d22e62c47b9d07e2870f1e869fba61bb0abec3bf14c193ed54818ea16fcff,39e300e4811a8f2f00dee1e70873f22948a7445fa0eb7fb0a93e135a820d4e1b
16486,test,evaluated,,89982d96cd9e3c6b26abfa504cc467ecda41463166becf2a0f7db63bf62158cb,1b62e27e7a435fb2e0f51f78edc30aa04a83f7173b8740d536f56139e29360d0
16559,test,evaluated,,0342a58145a77dcdce900b8d5f5d14090e786bf297109e76e0dee5992d65ecb1,674c4a390143cd9234db175caebec81e9dbedeb947a741ff7b79e9ce850e0215
16666,calibration,evaluated,,86a24aa736c2cbe2db5cbca7f3b946f5a25f8c53e0f80fb4e4377feed6033bb9,e6d26b5c83764df6b0a756686d5733bd30c07554e8733364bd010db19a39de2e
16725,calibration,evaluated,,db3f257abbc00e0acc03367c9e3de8b93cb2b9438ba2e844848dd55a4e0b9068,e5edaef70e9e89f07fb3aee03085671a16238812c5cee5f041795133a8560d4a
16761,calibration,evaluated,,11adfc366b41d42ac5e23b6abc235e3e96c9f4b76543c0d6f245eab42fe3e00b,1b87f04e689966f40f28543391cdf336b56d1d877503e1302dba77c3ff286240
16880,calibration,evaluated,,39505aeec8ffc461d2934c1133d02c6b468cb5dbc2571b6d4ae5dfde187cfa07,462f93c5ff5ecef205e71f7edfbc575573cb11773f8a1c90447f803338c86a11
16965,test,evaluated,,43aa7b3c310e81b5dca4df60ce4f0603c8c943ee9eb5ab33c60691435e75dabd,151c560145f28bf47a2445ef50033e53725aaaebf06913c41725e8e8cfba7fbc
17254,test,evaluated,,e731fbc0b348d2435a5670f5cf89a4a9cafcdd06d2061ec99a823f5afc9b7738,28a5e0bc852603fc2d322ea363590c9ba4c2ae23f283d90b53a1ad903f007cc6
17303,calibration,evaluated,,1411c44ffbad16df87e57090efd5270c0327a6a9052f7cdfa399355a2344fc74,0bd9a4518eac1499e4258933df50ff04cf5263479c1debe2d695b73bd5440fb1
17503,test,evaluated,,55d3141634432facbee7a8e7b5a467c89f14a64e87d1438858dce1788399ba2d,1520f13a4f88b03a030cd45944e3103d5f3bee487fd406dfa1f6f01ffe0ca0e1
17582,test,evaluated,,0a6e8abc9595e6ba614c7d12ee6160203a3e1a5a766a70daf65e41d1f4282d70,00cfcd1796c3288e4686438955626513bbe291fb1a2cdab2d97da4ec456ce2ca
17940,test,evaluated,,b9ec947ed690c9f4ca4ec26d38cfeb3f6580ddeb4b9871ce423060a71efa2cb5,a25c15fb3312caf27eab6471fbd2ba1a077c58e2106c51860c7472d29096d128
17961,test,evaluated,,5b7071162be3960748c078f3dde92a7016de7f29e2382ed62167950756353d6f,6d249df0a016a287ff47574de50e8539959cafe0bda3889ce83804ccb5e27f74
18339,test,evaluated,,27e00aac65e26d9f93d0c374cc899effcabdcceb4c71b872206218a71935720a,8f94e238bf227982bed195f4b3891a23fddffb01c11ef37349ab7954211822be
18345,test,evaluated,,905855bf13e0d392d71b9741803edb2050b4789588cc96efd28d06b19cdcf793,0acf707a53e44dc14c840b541c7dbd190079958041e3eb9549bd67021a8d413d
18413,calibration,evaluated,,e12aae8735a10c7a4335bfa04cec90580996ff65834a87ce2cdd3ee2f36db0fe,1303287402b2a7da05b123eb159e810de6acb0eea4928a44de87e062cac6011a
18421,test,evaluated,,971f0d15412b568cbe7231ef7907220efdf49f9a57fed847ccdd805f6cd759c6,4cecc6456fabe8b6091b2d59f40539bbe963fd8f8ee4077a46c3b3e88c78672e
18539,test,evaluated,,bf5801c4b6311ffc652949a82c14b6f9a57240b2e296a8979e5945a288c1b98e,efc781b3cea31e997ad6b821d6585d61c0a8d6ef66bdb355748761fa273fbec5
18542,test,evaluated,,ed38236b79e205a42b7d847263a55ba8311f0f3b4b92bef2e53eab67f58dcd5d,8cdaee15d54ec9a9bf1e70894770fc46ed681ef9485d2639c7a0baa49b0eadc5
18711,test,evaluated,,540a544a44bf3822932b9b626c5d47c302e0ba5c3011adc6be626e2027e2af62,2a61f9a435abf5e3bfe733bf0f8c865668164f7bb59ba547bb5aa021eef60d75
18746,calibration,evaluated,,810126b08ab77023d18316a70787b3dfd9ab602e2564b94cd10478f78805331a,4f11a9c1f41580af91212da625fd46ed097ee88779cd894c87fa5d38b8061ab2
18769,calibration,evaluated,,13bac528e8bbd1160bec3799b2f43c1cccac5a5224c99adbb43057ba060054cf,b9793db4e8a19dabdcccdb0036373568c81980dc0c156342933891dbf9900378
18775,calibration,evaluated,,de6cca2854d1a80c46c385c011ba0227e85e2b4b6599a8d28077f874b49b9011,dca4980ed57e356317fdc9ac5031cef476a87d0a41f8d6fc7f450bcc4eb4a7c3
19067,calibration,evaluated,,0fcc8363c3844583903756a3388d647b0531e00d744fda36448376dc12e5e319,9b275ffd91579a0e9edcc42a11fbfa309345d365f28a5b9f817ebf3bc1b900ff
19068,calibration,evaluated,,4f3ea932813aeb19ff9cd6f587b59066756151a674f35c0164fa718ea74bf413,58f70431b470d60ad9be9bdf81deeab642aad395c0f2eff7224ed127326c2c9b
19082,test,evaluated,,89a2d32ca49c6f07ecb8cae4626dc89a8fb097ce52ce1cb523c2adf352939094,41b35246ba71b0cd7d669a0f142feeaf66ca862dedf40bef6c8402717b3e408f
19146,test,evaluated,,810a1b4e0acef5cf50ba5c03449d4607adbc71400ee8f890b2d305f893362436,8f583b40749abe872b34b09228a42740755d88a2aafa93fd180d6baff85cf2bf
19167,calibration,evaluated,,b23fe8ad32dda74f31c3245702ccf89cfe818378c7f76897b7031ea238dbd0e5,cb973eecea16e553fa00dc29f6587bb75d656d171eb8b4d326678d7621e7674f
19341,test,evaluated,,3fce350235b314890aaae46c882bed65b2c1bbdfdf4621c27cdf3741628b17b4,82603ca127c732b045ed14b71129ef639430456174cb9f6c1b0cfc266dde7dcf
20050,test,evaluated,,ad9cc2735031948dcb8990f07867d738a202b23353d7e199585b92eb6400dcc0,555cfbfae86f82c7086d15feec1f1b0291e983d36fc91d633afe94f945e65401
20144,calibration,evaluated,,a6d3de46cf3b97f4e920b4afe92f808c0741f3cb6d4371b167f4cdf434d15fc4,5b7b98203ce010b43a4e3c1d12e8ef7722821c69e8658d3a4162d58666746426
20147,test,evaluated,,f68106a9792eb64d64514deeb3fc8d993f6fbe3f02e038da92c2dba1c5959034,e751249ddddccb626e71fc8ea64d504c24a6721809a637e0a09136f57a620f2f
20339,calibration,evaluated,,7ae25d8f31c25f3a19697fb8966d79f19045b4343ad859d30b20d4448454c57f,53213c1d631344ba1b759e4b5f4766a5c69cd938fbdf5a5aaad290d13fdb4169
20391,test,evaluated,,2cb83a7e4b4af25cd592107e84076f2652da6355a4fafbb1465298fbc4ee9a13,8db144696f96270377c6dd6d564de029d21b45720f0275c0378da7f45b074890
20536,test,evaluated,,bcf8f12fd7e5a032a2fe4bdba42b8d24e369f49bf6ae4980171a166de0f25ad8,44807b0425b063567e838fef882712a922f356e4d163c592c5e4ad296761b944
20592,test,evaluated,,adbf5d2f57270847a6da6ca47b7ac9aef40a673aad81f0a898a36dd10f368874,1e40a10d2cc69f82f4d54a5a408aea1b8307d08f87c6d7b84518817afd5d2737
20600,calibration,evaluated,,d3623c8c52bf6744b3123eccb95cf8e1b8aab3d1ec8a836536bdb04c96b7b1a6,45449e19d3b4e06af6f36186d622bef14999c73c4d7492d1ad3975bde651ece3
20655,calibration,evaluated,,8f77ff6b215adef9ded1d3e9c2c26c132f28ce28903acfb56116bf9d515c509d,74bcba8b61d644ce19f4e20e467b750b124eb0faf949852e4a0322dffe8a613c
20830,test,evaluated,,01599b56870453179006385b4a55cdf1f6d36648c750b49f740be8e95e117f9e,a050b2f9df65608681ce3ca45c744e3f8bd0383af60787f7676a600018dae51e
20919,calibration,evaluated,,80fd4c8ea1ab8369b18aa359f31d49dd5feeade7fd2cedbf97daf22e1a067465,3173b4e90433549b246cda8efb9852430e34758f2e0a21de40fef35aa748173f
20941,calibration,evaluated,,dfe684b85f07bec271f4b786de9d9f65b76aaf1859d153cc554a57985eb2fd60,643c82edb62555bd92c228ace96bda339c297ad7008923fecc5729b742145ca3
20977,calibration,evaluated,,1cb96ca352e60521aa25653dab57c1edd30f7772345704da525bae5c09e11fec,078a02b5c46a10b0b0073a6abc511d7e82a72f197164219249335e0ee6e581d1
21002,calibration,evaluated,,843739bf5f581b419a12938fac20cef24a8e9f8910f292c3c3d18c4e3e89da6c,f7f024a2e45e582330087881d3575d0398e99f2accf8c19f27d27c7f132aa05a
21208,test,evaluated,,3e1be0a40e181d0b6d42cbb0227fe31cdc3c9ab70e1ed555a63891881812c2dc,c51ff4bee627454b73418c856b0aa3d4d741019c5df0d85cdc172f887a31b97a
21243,test,evaluated,,043e17dfdf8331cbba1e4a814bf9c06446f7be17154578bfa111814af0d69d91,8caab799c7ad6b21c7db8badf8eab8fc139ed4813e6d329150293de84e766462
21533,test,evaluated,,8a7b1349e7e22d3f3c5cc87f7778689188e6ed989656f6d210e2bde8d051d4dc,3637a878eb62dbe5f61c218ba6ce6a160dd2dffa9cb520231bf606c3dbcdbebf
21628,calibration,evaluated,,d47480d5242a8f65d1e7795e03ea5e815d1bc1da7798dd1c710479c12a4b4d64,050c3d7497f9d4bd4ac1a7cd985f4541d7faa5041525439b3a20198ee839d950
21658,calibration,evaluated,,68d95677ec718f89d745ee8668c3c523b71de60610cac44cc1cc8ad8da198f10,817b3bfd8559e94f4068bc9b95ef4ff880cbbe36b2fd1a4072fe8dc44fedf614
21671,calibration,evaluated,,b4f5d99fd5c6bcfb679e2d064468b783e9746c9c4e82d550aaf24c7f40735aab,fb82b3cf17c15fe880a44c4ad403d5964c1cfb7a9f36541d30914be527c6d619
21748,test,evaluated,,1bf14a538d6d205741917467290ac4ab5934d394625059f56bc5a15d14d51159,9e1d7a0dd70d205efbcf47ff4345f3eb844c68d857099ba2dfaccaa6eedcab0c
21766,test,evaluated,,c730b89de76a90937b8977348b61d3e2962865b3ce1877b81ab79ce084cd1ec1,7c5740b2e2bc0481be55ce546d203845482f1bd0122561fcba1a5d8e261ee967
21781,test,evaluated,,750eb68ac1b404a75bc6a5c33da9d2000af489c55d004f4bc532a6a1f7312b99,2d251d8971b03c4a884ba5f5ee22b59357c23571df4865b09b3faa5889c7d732
