record_id,split,true_IMI,score_IMI,true_ASMI,score_ASMI,true_LVH,score_LVH,true_ISC_,score_ISC_,true_ISCAL,score_ISCAL,true_NST_,score_NST_,true_ILMI,score_ILMI,true_AMI,score_AMI,true_ALMI,score_ALMI,true_LAE,score_LAE
00077,calibration,0,0.39104706048965454,0,0.47817856073379517,0,0.4941996932029724,0,0.5327700972557068,0,0.3372616767883301,0,0.35857781767845154,0,0.29997313022613525,1,0.2707992196083069,0,0.36760345101356506,0,0.751154363155365
00102,test,0,0.3049107789993286,0,0.03251805156469345,0,0.9954541921615601,0,0.8682775497436523,1,0.8353219628334045,0,0.7117487192153931,0,0.003583397949114442,0,0.305955171585083,0,0.052882008254528046,0,0.06500477343797684
00106,calibration,0,0.30941176414489746,1,0.6075678467750549,1,0.5176587104797363,0,0.4562787413597107,0,0.4302164316177368,0,0.44129478931427,0,0.2739587128162384,0,0.45912206172943115,0,0.4470600485801697,0,0.6787868142127991
00135,test,0,0.2299790382385254,0,0.33003920316696167,0,0.722571849822998,0,0.4392071068286896,1,0.9552343487739563,0,0.3912368416786194,0,0.1142483577132225,0,0.1826629787683487,0,0.2761476933956146,0,0.5106266736984253
00138,calibration,0,0.17940764129161835,0,0.312696248292923,1,0.8031375408172607,0,0.15096957981586456,0,0.3943657875061035,0,0.46253302693367004,0,0.015968888998031616,0,0.13632513582706451,0,0.11943276971578598,0,0.3304966986179352
00162,calibration,0,0.41818422079086304,1,0.4848688840866089,1,0.6096064448356628,1,0.25337886810302734,0,0.48316898941993713,0,0.5634652972221375,0,0.2035277932882309,0,0.14474008977413177,0,0.3172537386417389,0,0.6155399680137634
00164,test,0,0.4224466383457184,0,0.41636157035827637,0,0.7608290910720825,0,0.5069650411605835,1,0.9769001007080078,0,0.3175050616264343,0,0.10478243231773376,0,0.2501373291015625,0,0.18023675680160522,0,0.35111889243125916
00168,calibration,0,0.2567775249481201,0,0.37398695945739746,0,0.6331905126571655,0,0.5019980072975159,1,0.42210519313812256,0,0.8373887538909912,0,0.1580311506986618,0,0.2046743631362915,0,0.24644288420677185,0,0.5162665843963623
00175,calibration,1,0.4547621011734009,0,0.3355455696582794,0,0.4484478533267975,0,0.3927677273750305,0,0.3119942843914032,0,0.5747580528259277,0,0.5167717337608337,0,0.2520383298397064,0,0.3534095585346222,0,0.7348517775535583
00182,test,0,0.14791597425937653,1,0.8325966000556946,0,0.055787742137908936,0,0.042597584426403046,0,0.06628665328025818,0,0.035005271434783936,0,0.3668215572834015,0,0.050322454422712326,0,0.9887214303016663,0,0.3848535120487213
00191,test,0,0.42119327187538147,0,0.5480753779411316,1,0.5642658472061157,0,0.6298823952674866,0,0.33867695927619934,0,0.44365498423576355,0,0.3570711314678192,0,0.3610662817955017,0,0.3919730484485626,0,0.7817944884300232
00257,test,1,0.8742659687995911,1,0.6724194884300232,0,0.6405142545700073,0,0.033563774079084396,0,0.24701401591300964,0,0.03412836045026779,0,0.019747301936149597,0,0.10617031157016754,0,0.01315335649996996,0,0.012660269625484943
00258,test,1,0.4344533681869507,0,0.45009201765060425,0,0.3213931918144226,0,0.448533833026886,0,0.6312822699546814,0,0.692916750907898,0,0.4380503296852112,0,0.27647194266319275,0,0.1267881691455841,0,0.4992627203464508
00263,calibration,0,0.22066648304462433,1,0.34949991106987,0,0.6094909310340881,0,0.4114713966846466,0,0.7974126935005188,1,0.5010201930999756,0,0.12207839637994766,0,0.22660285234451294,0,0.2661827504634857,0,0.6581329703330994
00287,calibration,0,0.9023882150650024,1,0.23062443733215332,0,0.021379543468356133,0,0.023243190720677376,0,0.020859263837337494,0,0.086759552359581,0,0.004875366576015949,0,0.018805790692567825,0,0.005649883300065994,0,0.986562192440033
00294,test,0,0.025464236736297607,1,0.8657144904136658,0,0.07722317427396774,0,0.0712655708193779,0,0.3763519525527954,0,0.07834146171808243,0,0.023646481335163116,0,0.028627987951040268,0,0.04712546244263649,0,0.21846996247768402
00311,test,0,0.11156580597162247,0,0.29488223791122437,0,0.9370139241218567,0,0.38395968079566956,0,0.3173941373825073,0,0.6227316856384277,0,0.08394698798656464,1,0.10713573545217514,0,0.13421441614627838,0,0.19162580370903015
00313,calibration,0,0.182977557182312,0,0.15344886481761932,1,0.8219727873802185,0,0.9035471081733704,0,0.3154063820838928,0,0.2685518264770508,0,0.10739673674106598,0,0.10144232958555222,0,0.09162648767232895,0,0.37094828486442566
00323,calibration,1,0.9896727800369263,0,0.016865884885191917,0,0.009832292795181274,0,0.030496828258037567,0,0.0035722723696380854,0,0.009561114944517612,0,0.38131970167160034,0,0.20131802558898926,0,0.7702270746231079,0,0.4715314209461212
00383,test,1,0.6430872678756714,0,0.5292142033576965,1,0.6615852117538452,1,0.5451545715332031,0,0.6681339144706726,0,0.4758909046649933,0,0.31990253925323486,0,0.11965670436620712,0,0.11885536462068558,0,0.3581954538822174
00386,test,0,0.296002060174942,0,0.40746748447418213,1,0.7014548182487488,1,0.5185718536376953,0,0.8820547461509705,0,0.46724826097488403,0,0.15500424802303314,0,0.2156735509634018,0,0.3823605477809906,0,0.5749987363815308
00413,test,0,0.35637757182121277,0,0.17782869935035706,0,0.914918839931488,1,0.882721483707428,0,0.2035609483718872,0,0.22562608122825623,0,0.08110080659389496,0,0.11117314547300339,0,0.1325172632932663,0,0.6207326650619507
00429,test,1,0.5295776128768921,0,0.2826932966709137,1,0.7078225016593933,1,0.7120424509048462,0,0.7669288516044617,0,0.5111682415008545,0,0.17717565596103668,0,0.13400928676128387,0,0.056886229664087296,0,0.2287653535604477
00486,test,1,0.5354328751564026,0,0.39460331201553345,0,0.5898782014846802,0,0.5583985447883606,0,0.46302729845046997,0,0.5906159281730652,0,0.23575124144554138,1,0.4592627286911011,0,0.19208650290966034,0,0.5481370091438293
00496,calibration,1,0.3313494026660919,0,0.4103700816631317,0,0.5801193118095398,0,0.6572108864784241,0,0.6826050281524658,0,0.5603953003883362,0,0.3118191659450531,0,0.4554693102836609,0,0.41314497590065,0,0.634635329246521
00502,calibration,0,0.9562640190124512,0,0.266458660364151,1,0.21785391867160797,0,0.08809966593980789,0,0.06232625991106033,0,0.1553269922733307,0,0.14480416476726532,0,0.9582168459892273,0,0.019755857065320015,0,0.20265419781208038
00512,calibration,0,0.15447823703289032,1,0.8142917156219482,0,0.18861833214759827,0,0.14670203626155853,0,0.12558721005916595,0,0.08072669804096222,0,0.8341439366340637,0,0.10524708032608032,0,0.5603919625282288,0,0.6225749850273132
00524,test,0,0.18488505482673645,0,0.4033750593662262,1,0.6873910427093506,1,0.5659277439117432,0,0.3276185691356659,0,0.5050198435783386,0,0.12830550968647003,0,0.25361213088035583,0,0.23082248866558075,1,0.7469789385795593
00530,calibration,0,0.046023350208997726,1,0.8600331544876099,0,0.1599399894475937,0,0.02247188426554203,0,0.9089906215667725,0,0.03190796449780464,0,0.08229473978281021,0,0.005955911707133055,0,0.4691919684410095,0,0.0770115777850151
00534,test,0,0.24813556671142578,0,0.41861429810523987,1,0.7583299279212952,1,0.7171184420585632,0,0.5783989429473877,0,0.3845260441303253,0,0.16917970776557922,0,0.2116764634847641,0,0.23674790561199188,0,0.5224758982658386
00544,test,1,0.5414029955863953,0,0.38303428888320923,1,0.711391270160675,1,0.5171350240707397,0,0.6130035519599915,0,0.5825728178024292,0,0.20971797406673431,0,0.5310689210891724,0,0.396743506193161,0,0.6591925621032715
00550,test,0,0.05912419408559799,0,0.5305894613265991,0,0.27566760778427124,0,0.11437895894050598,0,0.18578000366687775,1,0.41743895411491394,0,0.009649607352912426,0,0.06067759916186333,0,0.24776475131511688,0,0.3589850068092346
00551,test,0,0.18432188034057617,0,0.5424368381500244,1,0.5243755578994751,1,0.6002883911132812,0,0.598991870880127,0,0.27047473192214966,0,0.2449379414319992,0,0.1225532591342926,0,0.1662169247865677,0,0.5079646110534668
00556,test,0,0.9911076426506042,1,0.08671583235263824,0,0.9983218312263489,0,0.9711876511573792,0,0.022784724831581116,0,0.11738388240337372,0,0.03231225535273552,0,0.9492670297622681,0,0.06771765649318695,0,0.23432224988937378
00563,test,1,0.9637832045555115,1,0.706303596496582,0,0.9466887712478638,0,0.9075940847396851,0,0.10754946619272232,0,0.08239016681909561,0,0.046025946736335754,0,0.26677531003952026,0,0.05624482408165932,0,0.25433725118637085
00599,calibration,0,0.3387761116027832,1,0.7520986199378967,0,0.9241389632225037,0,0.23625196516513824,0,0.49811723828315735,0,0.8717673420906067,0,0.22122566401958466,0,0.2808571755886078,0,0.239874467253685,0,0.4165591895580292
00604,test,1,0.46848782896995544,0,0.17269451916217804,0,0.2643675208091736,0,0.24585211277008057,0,0.11854758113622665,1,0.32298222184181213,0,0.17751847207546234,0,0.11486827582120895,0,0.20448894798755646,0,0.9243945479393005
00617,calibration,0,0.8638166189193726,1,0.05758541077375412,0,0.08566027134656906,0,0.08243632316589355,0,0.017535358667373657,0,0.7572174668312073,0,0.08768512308597565,0,0.30736467242240906,0,0.012556544505059719,0,0.6467193961143494
00623,test,0,0.08896511793136597,1,0.948909342288971,0,0.05672735348343849,0,0.030949316918849945,0,0.24348609149456024,0,0.015543436631560326,0,0.29461708664894104,0,0.018362751230597496,1,0.8588035702705383,0,0.14405372738838196
00651,calibration,0,0.0031588193960487843,1,0.9613435864448547,0,0.0013942603254690766,0,0.0005545900785364211,0,0.005916798487305641,0,0.0019302958389744163,0,0.010485959239304066,0,0.00035107930307276547,0,0.9997988343238831,0,0.046722136437892914
00652,calibration,0,0.32609689235687256,1,0.3653101623058319,1,0.5982664227485657,1,0.4366230368614197,0,0.8869653940200806,0,0.3521263003349304,0,0.14529922604560852,0,0.2066715657711029,0,0.37291088700294495,1,0.6539030075073242
00685,test,1,0.08422233909368515,0,0.3037000298500061,0,0.15865279734134674,0,0.10644418001174927,0,0.05247579142451286,0,0.7580567002296448,0,0.04572682827711105,0,0.07092893868684769,0,0.06523747742176056,0,0.5805003643035889
00703,calibration,0,0.5086285471916199,1,0.4169856011867523,0,0.5227914452552795,0,0.5956176519393921,0,0.39901256561279297,0,0.6382195949554443,0,0.3635924756526947,0,0.3750258982181549,0,0.3891281485557556,0,0.577643632888794
00704,test,0,0.09895613044500351,1,0.34174981713294983,1,0.986090898513794,0,0.9968523383140564,0,0.05458956956863403,1,0.016512727364897728,0,0.01351277343928814,0,0.03628532215952873,0,0.01263817586004734,0,0.11374813318252563
00706,test,1,0.9671267867088318,1,0.10758361965417862,0,0.6875016689300537,0,0.6411451101303101,0,0.5297561287879944,0,0.27183645963668823,0,0.1182769238948822,0,0.1851688176393509,0,0.038412418216466904,0,0.052185364067554474
00728,test,1,0.6158033609390259,1,0.17039921879768372,0,0.6077747344970703,0,0.48663249611854553,0,0.3196427822113037,0,0.4969903230667114,0,0.26994699239730835,0,0.41436922550201416,0,0.1558939665555954,0,0.7654959559440613
00731,calibration,1,0.0648537278175354,0,0.9782240986824036,0,0.13502012193202972,0,0.09044994413852692,1,0.3537760078907013,0,0.02815919741988182,0,0.05666977912187576,0,0.007856625132262707,0,0.012159277684986591,0,0.07029389590024948
00739,calibration,0,0.09885908663272858,0,0.07261598855257034,1,0.9828909635543823,0,0.08452513068914413,0,0.19418050348758698,0,0.7174379229545593,0,0.03254060447216034,0,0.37203776836395264,0,0.06581313163042068,0,0.09678255021572113
00742,calibration,0,0.3963289260864258,0,0.0597987174987793,0,0.9040321111679077,0,0.7765293121337891,0,0.11707574129104614,0,0.191140279173851,1,0.032794784754514694,0,0.29994866251945496,0,0.017704948782920837,0,0.3822934925556183
00743,test,0,0.8102068901062012,0,0.04916171729564667,0,0.9954948425292969,0,0.920610785484314,0,0.29621636867523193,1,0.0922941267490387,0,0.004569511394947767,0,0.8437145352363586,0,0.007670845836400986,0,0.017114346846938133
00750,test,0,0.3900406062602997,0,0.23647920787334442,1,0.7901126146316528,0,0.6977466940879822,0,0.442160964012146,0,0.4298616051673889,0,0.12641605734825134,0,0.2919590473175049,0,0.22097617387771606,1,0.5652092695236206
00756,test,0,0.8687556385993958,0,0.1208229511976242,0,0.5649668574333191,0,0.5502733588218689,0,0.7139101624488831,1,0.25435778498649597,0,0.35032540559768677,0,0.6029689908027649,0,0.05920020118355751,0,0.3563631772994995
00757,test,0,0.17505261301994324,0,0.015819283202290535,0,0.9886272549629211,1,0.9986704587936401,0,0.23032300174236298,1,0.0790862888097763,0,0.00404744129627943,0,0.04568513110280037,0,0.0014719230821356177,0,0.013930725865066051
00760,calibration,1,0.9489241242408752,0,0.025082260370254517,0,0.9679287672042847,0,0.8698230385780334,0,0.089543916285038,0,0.06960831582546234,0,0.03689608350396156,0,0.01603001169860363,0,0.007172452751547098,0,0.02152980864048004
00766,test,0,0.6514164805412292,0,0.03019018843770027,0,0.992293119430542,0,0.9931053519248962,0,0.129324272274971,1,0.05204415321350098,0,0.008914854377508163,0,0.14794830977916718,0,0.009859152138233185,0,0.08614248782396317
00800,test,0,0.2517785131931305,1,0.49253177642822266,0,0.18361392617225647,0,0.11398034542798996,0,0.17483651638031006,0,0.17646262049674988,0,0.26218074560165405,0,0.11306983977556229,1,0.9369748830795288,0,0.41770586371421814
00821,calibration,0,0.3078286945819855,0,0.2756175398826599,0,0.4627726674079895,0,0.3471551537513733,0,0.9152971506118774,0,0.11003293097019196,1,0.18292029201984406,0,0.19168969988822937,0,0.10764676332473755,0,0.320217102766037
00829,calibration,1,0.37337324023246765,0,0.3187677562236786,0,0.44163352251052856,0,0.16141080856323242,1,0.6350381970405579,0,0.11596936732530594,0,0.925207257270813,0,0.062020476907491684,0,0.028150208294391632,0,0.142620250582695
00833,test,0,0.054468754678964615,1,0.46636292338371277,0,0.06216727942228317,0,0.02471747063100338,0,0.04591730237007141,0,0.5821068286895752,1,0.13203729689121246,0,0.028013089671730995,0,0.07434440404176712,0,0.581728994846344
00840,test,0,0.33305034041404724,0,0.31610432267189026,0,0.7367973327636719,0,0.6378195881843567,0,0.6596919298171997,1,0.277533620595932,0,0.09787818044424057,0,0.24178269505500793,0,0.3322526514530182,0,0.5823832750320435
00844,calibration,1,0.7729479670524597,0,0.41153210401535034,0,0.38665592670440674,0,0.41998040676116943,0,0.149774432182312,0,0.39290130138397217,0,0.22970746457576752,0,0.18539752066135406,0,0.29713279008865356,0,0.7476898431777954
00854,test,0,0.4436172544956207,1,0.5049849152565002,0,0.5444528460502625,0,0.6212797164916992,1,0.4391254782676697,0,0.5482986569404602,0,0.30035027861595154,0,0.4226941764354706,0,0.3157632052898407,0,0.691398024559021
00861,test,0,0.42001816630363464,0,0.4450039863586426,0,0.7721447348594666,0,0.44178852438926697,0,0.3524152338504791,1,0.5858674645423889,0,0.18884851038455963,0,0.23905420303344727,0,0.3725031912326813,0,0.6383633017539978
00873,calibration,0,0.16643263399600983,1,0.20022058486938477,1,0.515588104724884,0,0.07623402774333954,0,0.8691486120223999,0,0.06876110285520554,0,0.24563631415367126,0,0.6482729315757751,0,0.07628536969423294,0,0.18779821693897247
00882,test,0,0.1427164226770401,0,0.4827539026737213,0,0.6358621716499329,0,0.4513872563838959,0,0.6093710064888,1,0.5884705781936646,0,0.07125138491392136,0,0.1436891108751297,0,0.27066901326179504,0,0.5160424113273621
00894,test,0,0.20626398921012878,0,0.38753238320350647,0,0.6510219573974609,1,0.5053805708885193,0,0.7886585593223572,0,0.5874608159065247,0,0.12722323834896088,0,0.16986830532550812,0,0.3389148712158203,0,0.5653806924819946
00930,calibration,0,0.45653122663497925,0,0.12153730541467667,1,0.47285977005958557,1,0.2774219810962677,0,0.08580536395311356,0,0.24005292356014252,0,0.12977780401706696,0,0.8947229385375977,0,0.059594813734292984,0,0.39099350571632385
00955,test,0,0.7597521543502808,1,0.5421709418296814,0,0.43458372354507446,0,0.38284510374069214,0,0.4123297929763794,0,0.09805089980363846,1,0.18357786536216736,0,0.20687925815582275,0,0.1839396357536316,0,0.39848417043685913
00957,calibration,1,0.5386118292808533,0,0.4055950939655304,0,0.2680792808532715,0,0.27408847212791443,0,0.15846800804138184,0,0.20573464035987854,0,0.1895366907119751,0,0.32745984196662903,0,0.20997673273086548,0,0.9220394492149353
00959,test,0,0.44306954741477966,1,0.5861566066741943,0,0.5388209223747253,0,0.513315737247467,0,0.30582305788993835,0,0.5050128102302551,0,0.3807016909122467,0,0.30491214990615845,0,0.44259577989578247,0,0.769064724445343
00964,calibration,0,0.019995326176285744,1,0.9283855557441711,1,0.17742577195167542,1,0.08923431485891342,0,0.5026058554649353,0,0.029271040111780167,0,0.023327630013227463,0,0.005492079071700573,0,0.018898000940680504,0,0.05226229876279831
00978,test,1,0.4340455234050751,0,0.4276190996170044,1,0.7157741189002991,1,0.6083577275276184,0,0.8119858503341675,0,0.4496326744556427,0,0.23404048383235931,0,0.3943028450012207,0,0.251252681016922,0,0.5107262134552002
00982,calibration,0,0.3792629539966583,1,0.4170432388782501,0,0.4282694160938263,0,0.43115752935409546,0,0.21152180433273315,0,0.5997241139411926,0,0.22085940837860107,0,0.6997398138046265,0,0.24080884456634521,0,0.6709031462669373
00984,calibration,0,0.3175557553768158,0,0.26332956552505493,1,0.5915642976760864,0,0.18538974225521088,0,0.03142574802041054,0,0.3263767957687378,0,0.1171547994017601,0,0.449062317609787,0,0.1569574475288391,0,0.5606899261474609
00991,calibration,1,0.6971607804298401,0,0.8709533214569092,0,0.19335931539535522,0,0.1045425683259964,0,0.13401147723197937,0,0.2344660460948944,0,0.1523003727197647,0,0.04217800125479698,0,0.32428455352783203,0,0.9184756278991699
00998,test,0,0.9210624694824219,0,0.0715869814157486,0,0.0812920331954956,0,0.049592167139053345,0,0.056528665125370026,0,0.026158945634961128,0,0.5489901304244995,0,0.9916602969169617,0,0.050905365496873856,1,0.7581908106803894
01006,test,0,0.42075857520103455,1,0.37635746598243713,1,0.603135347366333,1,0.8310674428939819,0,0.30128294229507446,0,0.3423140048980713,0,0.2761668860912323,0,0.22815625369548798,0,0.23408572375774384,0,0.5589857697486877
01014,test,0,0.31457844376564026,0,0.5782153606414795,0,0.8130093812942505,0,0.6990287899971008,0,0.6152334213256836,0,0.817939043045044,0,0.1059599444270134,1,0.2975996434688568,0,0.26114383339881897,0,0.3294292390346527
01025,calibration,0,0.0726192370057106,1,0.10407330095767975,1,0.9678353071212769,1,0.8646899461746216,0,0.4216534495353699,0,0.24249213933944702,0,0.014099275693297386,0,0.1261194944381714,0,0.04569217935204506,0,0.1699572056531906
01033,test,0,0.20206104218959808,1,0.13935358822345734,1,0.931519627571106,1,0.9830490350723267,0,0.31500527262687683,0,0.1613081693649292,0,0.04988707974553108,0,0.2881225049495697,0,0.06153149902820587,0,0.2308630645275116
01048,test,0,0.15309128165245056,0,0.7327419519424438,1,0.9902815818786621,1,0.9946957230567932,0,0.04230048879981041,0,0.024126777425408363,0,0.0052048698998987675,0,0.03297651931643486,0,0.004193995147943497,0,0.0907922312617302
01050,test,0,0.1506812870502472,0,0.2614782750606537,0,0.7453985810279846,1,0.2556975483894348,0,0.6486390829086304,0,0.9351330399513245,0,0.03363921493291855,0,0.0719347819685936,0,0.11085700243711472,0,0.32870495319366455
01056,test,0,0.1407155692577362,1,0.37967509031295776,0,0.10993848741054535,0,0.07527155429124832,0,0.05648735538125038,0,0.21805085241794586,1,0.03100493550300598,0,0.048335663974285126,0,0.29966047406196594,0,0.8461018204689026
01059,test,0,0.9893736243247986,0,0.040129877626895905,0,0.0868024155497551,0,0.18311060965061188,0,0.040250521153211594,0,0.052610110491514206,1,0.27984318137168884,0,0.12018371373414993,0,0.19886396825313568,0,0.4211657643318176
01079,calibration,1,0.4726622998714447,0,0.5668087005615234,0,0.4907635748386383,0,0.4608583450317383,0,0.26454710960388184,0,0.41137921810150146,0,0.45419856905937195,0,0.3452061116695404,0,0.37677258253097534,0,0.7592015862464905
01085,calibration,1,0.5702252984046936,0,0.40189576148986816,0,0.5725349187850952,0,0.6284634470939636,0,0.6090127825737,0,0.5424903035163879,0,0.3818063735961914,0,0.4063556492328644,0,0.40349075198173523,0,0.7715837955474854
01088,calibration,0,0.40115058422088623,0,0.29740390181541443,1,0.603357195854187,0,0.5547370314598083,0,0.21877780556678772,0,0.39754965901374817,0,0.16965818405151367,0,0.2943371534347534,0,0.09932265430688858,0,0.5503367185592651
01093,calibration,1,0.432143896818161,0,0.6113253235816956,0,0.5752798914909363,0,0.5190085768699646,0,0.33756861090660095,1,0.4293552041053772,0,0.35666152834892273,0,0.29977142810821533,0,0.508034348487854,0,0.7321964502334595
01105,test,0,0.4485517740249634,1,0.7317885756492615,1,0.3086366355419159,1,0.18202662467956543,0,0.15383951365947723,0,0.2922598123550415,0,0.10498876124620438,0,0.09518510848283768,0,0.7238575220108032,0,0.5157869458198547
01126,calibration,0,0.45812129974365234,1,0.5616171956062317,1,0.6085038781166077,0,0.6937950253486633,0,0.4965505599975586,1,0.5688495635986328,0,0.3513707220554352,0,0.46605315804481506,0,0.5486667156219482,0,0.7397044897079468
01134,test,0,0.10432354360818863,1,0.31655144691467285,0,0.18969209492206573,0,0.12428180128335953,0,0.09310635179281235,0,0.22642681002616882,0,0.13603390753269196,0,0.8693174123764038,0,0.04085589945316315,0,0.24574604630470276
01153,test,1,0.12165818363428116,1,0.07983305305242538,0,0.9628862142562866,0,0.4356781542301178,0,0.133623868227005,0,0.5450695157051086,0,0.014441940002143383,0,0.2506452798843384,0,0.023821912705898285,0,0.09672806411981583
01155,test,1,0.967217743396759,0,0.01268051564693451,0,0.5822580456733704,0,0.5920026898384094,0,0.30537301301956177,0,0.05624723806977272,0,0.2199670672416687,0,0.10526259988546371,0,0.009524545632302761,0,0.01587751694023609
01159,test,0,0.41663846373558044,1,0.5169430375099182,0,0.6187722682952881,0,0.5627237558364868,0,0.4128449559211731,0,0.5212190747261047,0,0.32062041759490967,0,0.3461526036262512,0,0.3785540461540222,0,0.7269163727760315
01171,test,0,0.47878795862197876,0,0.09832046180963516,0,0.5727096796035767,0,0.46406859159469604,0,0.17605607211589813,1,0.8451641798019409,0,0.13948482275009155,0,0.7839828729629517,0,0.04200051724910736,0,0.23785372078418732
01180,test,0,0.07820405811071396,1,0.5462420582771301,0,0.3418237864971161,0,0.19485192000865936,0,0.1754412055015564,0,0.38383254408836365,0,0.05621802434325218,0,0.08398452401161194,1,0.500104546546936,0,0.5520679950714111
01183,test,0,0.6209923028945923,0,0.5016291737556458,0,0.6320260763168335,0,0.6243380904197693,0,0.12532639503479004,1,0.28948572278022766,0,0.25770530104637146,0,0.29850372672080994,0,0.21072058379650116,0,0.9339032769203186
01187,test,0,0.9656749963760376,0,0.558742344379425,0,0.9991699457168579,1,0.9765253067016602,0,0.07145374268293381,0,0.4386507570743561,0,0.030243266373872757,0,0.9420779943466187,0,0.05832616984844208,0,0.10939396172761917
01189,test,0,0.3265022933483124,1,0.8199781775474548,0,0.37029534578323364,0,0.3192332088947296,0,0.36941656470298767,1,0.2849787473678589,0,0.19653932750225067,0,0.055656131356954575,0,0.47886404395103455,1,0.7056052684783936
01199,calibration,0,0.12439562380313873,0,0.3935156762599945,1,0.9671374559402466,0,0.9044049382209778,0,0.9741382002830505,0,0.36587777733802795,0,0.035483065992593765,0,0.10889039188623428,0,0.17841142416000366,0,0.12158267199993134
01202,test,0,0.775639533996582,0,0.38675016164779663,1,0.9569463729858398,1,0.8345195651054382,0,0.9709956049919128,0,0.2065609246492386,0,0.025570739060640335,0,0.8012677431106567,0,0.017437011003494263,0,0.014664729125797749
01239,test,0,0.46590253710746765,1,0.7643157243728638,0,0.2529604434967041,0,0.19266250729560852,0,0.28166332840919495,0,0.2581411302089691,0,0.4960082173347473,0,0.1987149864435196,1,0.7068015336990356,0,0.7911945581436157
01278,test,0,0.27876943349838257,1,0.26466500759124756,0,0.5269145369529724,0,0.343289315700531,0,0.4015428423881531,0,0.6739795804023743,0,0.16248995065689087,0,0.20018334686756134,0,0.12728919088840485,0,0.6622361540794373
01337,calibration,0,0.10881190001964569,0,0.30513104796409607,1,0.32525619864463806,1,0.09059873968362808,0,0.0729665607213974,0,0.7332553267478943,0,0.06958743929862976,0,0.48656147718429565,0,0.3194724917411804,0,0.37481746077537537
01343,calibration,1,0.7313490509986877,0,0.2571406960487366,0,0.30721548199653625,0,0.4146408438682556,0,0.14204664528369904,0,0.3770543932914734,0,0.4268350899219513,0,0.2636251747608185,0,0.46865177154541016,0,0.8479115962982178
01371,test,0,0.3153783082962036,1,0.9988752007484436,0,0.6210108399391174,0,0.1861661821603775,0,0.271022766828537,0,0.9994223117828369,0,0.13413135707378387,0,0.12350653111934662,1,0.20090410113334656,0,0.10976716876029968
01384,calibration,0,0.1879550963640213,0,0.8677977919578552,0,0.41321441531181335,0,0.37058204412460327,1,0.3979821801185608,0,0.3368189334869385,0,0.15075109899044037,0,0.14473360776901245,0,0.3734003007411957,0,0.5400601625442505
01387,test,1,0.0805930346250534,1,0.07613121718168259,0,0.2384645789861679,0,0.0802178680896759,0,0.07865294069051743,0,0.9966129660606384,0,0.02434631437063217,0,0.017532138153910637,0,0.008010144345462322,0,0.10060600191354752
01392,test,0,0.45934349298477173,0,0.22672314941883087,0,0.8986295461654663,0,0.6193432807922363,0,0.7778185606002808,1,0.888891875743866,0,0.07302063703536987,0,0.3668775260448456,0,0.18619824945926666,0,0.1669807732105255
01405,calibration,0,0.48001617193222046,1,0.5513120293617249,0,0.5106171369552612,0,0.48608556389808655,0,0.32705676555633545,0,0.3785746991634369,0,0.34283334016799927,0,0.3027030825614929,0,0.4893516004085541,0,0.7725179195404053
01427,calibration,0,0.9400599598884583,1,0.10482873022556305,0,0.9988906979560852,0,0.9955888986587524,1,0.023962749168276787,0,0.04061012342572212,0,0.007956836372613907,0,0.7266700863838196,0,0.01952439174056053,0,0.0662025585770607
01429,calibration,0,0.27607882022857666,0,0.4921412169933319,0,0.5697034597396851,0,0.3971570134162903,1,0.9474348425865173,0,0.1742246001958847,0,0.09127694368362427,0,0.14772139489650726,0,0.2131315916776657,0,0.4206981360912323
01433,test,0,0.13321168720722198,1,0.517568826675415,0,0.3013293743133545,0,0.26229289174079895,0,0.3304263651371002,0,0.5996899604797363,0,0.11292942613363266,0,0.499012291431427,1,0.6114770770072937,0,0.44555026292800903
01440,calibration,0,0.13008731603622437,1,0.7225833535194397,0,0.08452190458774567,0,0.029223600402474403,0,0.05627493932843208,0,0.1356092095375061,0,0.033031776547431946,0,0.037220295518636703,0,0.9747558832168579,0,0.2395622283220291
01447,test,0,0.5128369927406311,1,0.4222314953804016,0,0.4874383807182312,0,0.6117276549339294,0,0.20733675360679626,0,0.5202006101608276,0,0.41149160265922546,0,0.5215241312980652,0,0.34846436977386475,1,0.7848950028419495
01456,test,0,0.08502078056335449,0,0.2110201120376587,0,0.9377491474151611,1,0.9625030755996704,0,0.6142948865890503,0,0.7593540549278259,0,0.015663567930459976,0,0.09248118847608566,0,0.01815587282180786,0,0.03463032469153404
01463,test,0,0.03188342601060867,1,0.8848787546157837,0,0.08943741768598557,0,0.035216107964515686,0,0.48040175437927246,0,0.16324889659881592,0,0.06870018690824509,0,0.04389419034123421,0,0.9042128920555115,0,0.10788299888372421
01469,test,0,0.48477962613105774,0,0.2680974304676056,1,0.9350011944770813,1,0.8909025192260742,0,0.6663628816604614,0,0.27175796031951904,0,0.10475749522447586,0,0.21142563223838806,0,0.14724504947662354,0,0.26187193393707275
01473,calibration,0,0.4050000011920929,1,0.27761486172676086,0,0.13907700777053833,0,0.0749390497803688,0,0.4184822142124176,0,0.21166449785232544,1,0.12230762094259262,0,0.049340855330228806,0,0.43224748969078064,0,0.407442182302475
01482,test,0,0.32467809319496155,1,0.2987353801727295,0,0.16452373564243317,0,0.12890535593032837,0,0.0881279706954956,0,0.24534361064434052,0,0.692311704158783,0,0.7737425565719604,0,0.2010633945465088,0,0.5382400155067444
01503,calibration,0,0.8996567130088806,0,0.14598864316940308,0,0.9666256308555603,0,0.3970385789871216,0,0.4738381505012512,1,0.027665838599205017,0,0.012454953975975513,0,0.598050057888031,0,0.0058462233282625675,0,0.03260250389575958
01525,test,1,0.9968006610870361,0,0.7325193881988525,0,0.10118047893047333,0,0.012888165190815926,0,0.029744952917099,0,0.2650088369846344,0,0.008376151323318481,0,0.4128839671611786,0,0.00515467906370759,0,0.5616806745529175
01535,calibration,0,0.7933825850486755,0,0.26485711336135864,1,0.31581929326057434,0,0.5148807764053345,0,0.10108105838298798,0,0.3358626067638397,0,0.3265106976032257,0,0.3909076750278473,0,0.277315229177475,0,0.828193724155426
01548,calibration,0,0.6387107968330383,0,0.49428921937942505,0,0.5102824568748474,0,0.5442889928817749,0,0.22851333022117615,1,0.45741915702819824,0,0.3926323652267456,0,0.4443571865558624,0,0.4044608175754547,0,0.8101829290390015
01549,test,1,0.9999415874481201,0,0.001617730944417417,1,0.999703586101532,1,0.9987494945526123,0,0.0014107426395639777,0,0.00414096238091588,0,0.002295621670782566,0,0.07888127118349075,1,0.0023439540527760983,0,0.00027357740327715874
01587,calibration,1,0.7496774196624756,0,0.35646939277648926,0,0.49236559867858887,0,0.6164193749427795,0,0.4931706488132477,0,0.4472760260105133,0,0.3548693060874939,0,0.5044271349906921,0,0.14455264806747437,0,0.5572998523712158
01588,test,1,0.6253806948661804,0,0.008881514891982079,0,0.9984595775604248,0,0.31132906675338745,0,0.20368517935276031,0,0.06453180313110352,0,0.0014124708250164986,0,0.18274560570716858,0,0.003222334198653698,0,0.0049139088951051235
01590,test,0,0.0676008015871048,0,0.2013617902994156,0,0.8638083338737488,0,0.2145252674818039,0,0.2743874192237854,1,0.890169620513916,0,0.019242221489548683,0,0.0383787602186203,0,0.0635700598359108,0,0.3277420401573181
01684,test,0,0.0611419640481472,0,0.6243475675582886,0,0.9771099090576172,0,0.9825604557991028,0,0.12037809193134308,0,0.11135327070951462,0,0.054864998906850815,0,0.06331488490104675,0,0.0520344153046608,1,0.4376147389411926
01689,calibration,0,0.5223573446273804,0,0.6495125889778137,0,0.8097090721130371,1,0.6891831159591675,0,0.9138938784599304,0,0.6048260927200317,0,0.10950163006782532,0,0.29353800415992737,0,0.16062068939208984,0,0.1445058286190033
01696,test,1,0.9922130703926086,0,0.0542619526386261,0,0.9981405735015869,0,0.9950312376022339,0,0.0652751475572586,0,0.07513158768415451,0,0.007856007665395737,0,0.6608563661575317,0,0.017185920849442482,0,0.017174921929836273
01719,test,0,0.2321549952030182,0,0.754688024520874,0,0.9144032001495361,0,0.8579442501068115,1,0.43071532249450684,0,0.7389361262321472,0,0.07965663075447083,0,0.2469249963760376,0,0.23652735352516174,0,0.1570018082857132
01721,test,0,0.22429968416690826,0,0.5544580817222595,0,0.9308038353919983,0,0.662423312664032,1,0.8651415705680847,0,0.7535042762756348,0,0.02634587697684765,0,0.2051001936197281,0,0.09679107367992401,0,0.042805109173059464
01747,test,1,0.9852240085601807,0,0.06452183425426483,0,0.6509553790092468,0,0.7145501375198364,0,0.20365017652511597,0,0.17256703972816467,0,0.09931405633687973,0,0.3687266707420349,0,0.01752840168774128,0,0.09515376389026642
01756,test,0,0.5827749967575073,1,0.6334660649299622,1,0.6006513833999634,0,0.5198321342468262,0,0.3552415370941162,0,0.4582473039627075,0,0.32195746898651123,0,0.2745053172111511,0,0.15769833326339722,1,0.5930542945861816
01761,calibration,1,0.42768415808677673,0,0.38392242789268494,0,0.6721819639205933,0,0.43657854199409485,0,0.7850611805915833,0,0.490927517414093,0,0.21419014036655426,0,0.2627883553504944,0,0.2887037396430969,0,0.5468358993530273
01763,calibration,0,0.2641686201095581,0,0.4135509431362152,1,0.5845805406570435,1,0.5227530002593994,0,0.5475674867630005,0,0.7278866767883301,0,0.22859708964824677,0,0.2578287422657013,0,0.3147207498550415,0,0.4659515619277954
01765,test,0,0.47896048426628113,0,0.2775065004825592,0,0.8568577170372009,0,0.8194223642349243,0,0.6970711946487427,1,0.2919374704360962,0,0.11217555403709412,0,0.2591327428817749,0,0.10245825350284576,0,0.294766902923584
01777,test,0,0.02232499234378338,0,0.17268869280815125,1,0.7038873434066772,1,0.7927566170692444,0,0.9484326839447021,0,0.025832658633589745,0,0.011449513025581837,0,0.006834362633526325,0,0.010444174520671368,0,0.019893595948815346
01797,test,0,0.10731038451194763,0,0.08079221844673157,0,0.05878410115838051,0,0.0805276557803154,0,0.018247293308377266,0,0.015956943854689598,0,0.01903676800429821,0,0.006378249730914831,0,0.006378113757818937,1,0.9942349791526794
01799,calibration,0,0.5218839049339294,0,0.5968794226646423,0,0.5415827035903931,1,0.6516660451889038,0,0.5209727883338928,0,0.5329123139381409,0,0.36685818433761597,0,0.3394387662410736,0,0.4587351083755493,0,0.7580099701881409
01805,test,0,0.02379634976387024,0,0.04543878138065338,1,0.9950357675552368,1,0.9980237483978271,0,0.3988174498081207,0,0.02389930561184883,0,0.005184993147850037,0,0.03872649371623993,0,0.007253604009747505,1,0.053834766149520874
01816,calibration,1,0.7035743594169617,0,0.24770930409431458,0,0.4680323898792267,0,0.42549872398376465,0,0.22829411923885345,0,0.3824276924133301,0,0.4701160490512848,0,0.8956632018089294,0,0.27591848373413086,1,0.7612949013710022
01817,calibration,0,0.7832886576652527,0,0.4247925877571106,0,0.7704400420188904,0,0.49351975321769714,1,0.6471960544586182,0,0.6081620454788208,0,0.1042003482580185,0,0.7089413404464722,0,0.1274474710226059,0,0.21957695484161377
01855,test,0,0.8572756052017212,0,0.022065937519073486,0,0.9982319474220276,0,0.9784787893295288,1,0.15272197127342224,0,0.2758350968360901,0,0.001045326585881412,0,0.5028612613677979,0,0.004765684716403484,0,0.010762126184999943
01863,test,0,0.5996497273445129,1,0.39865538477897644,1,0.6328815221786499,1,0.5810632109642029,0,0.6942818760871887,0,0.37155044078826904,0,0.3622031807899475,0,0.4410443603992462,0,0.27963221073150635,0,0.6013701558113098
01872,calibration,0,0.9243535399436951,0,0.23962318897247314,0,0.6763373017311096,0,0.6099132895469666,0,0.27629226446151733,0,0.20097337663173676,1,0.22017863392829895,0,0.6107572317123413,0,0.1017756313085556,0,0.45273616909980774
01887,calibration,1,0.6139835715293884,0,0.5889384746551514,0,0.47987496852874756,0,0.5656237602233887,0,0.2103220373392105,0,0.4277852177619934,0,0.3450194299221039,0,0.2936854362487793,0,0.3862050175666809,0,0.784475564956665
01920,calibration,0,0.5660761594772339,0,0.38182172179222107,0,0.34365010261535645,0,0.4510456323623657,0,0.34807658195495605,1,0.294864296913147,0,0.2791726589202881,0,0.2757417857646942,0,0.23733292520046234,0,0.7774484157562256
01921,calibration,0,0.3645923435688019,0,0.22525949776172638,0,0.385868638753891,0,0.2501472532749176,0,0.08007048070430756,1,0.4377461373806,0,0.13850952684879303,0,0.7818841338157654,0,0.08506385236978531,0,0.529217541217804
01939,test,0,0.49012964963912964,1,0.671331524848938,0,0.6893091797828674,0,0.5466116070747375,0,0.6845011115074158,0,0.7707619667053223,0,0.28218039870262146,0,0.40865853428840637,0,0.43835553526878357,0,0.5436893105506897
01948,test,1,0.4598991274833679,0,0.43012362718582153,0,0.4784308671951294,0,0.5417842864990234,0,0.3393145799636841,0,0.5874238610267639,0,0.36869508028030396,0,0.49653685092926025,0,0.22165584564208984,0,0.6935191750526428
01955,calibration,0,0.46430158615112305,1,0.6504168510437012,0,0.6539947986602783,0,0.7017527222633362,0,0.42755797505378723,0,0.356618732213974,0,0.36122268438339233,0,0.2850077152252197,0,0.4577191174030304,0,0.6288268566131592
01968,calibration,0,0.3148491382598877,0,0.23717984557151794,0,0.31832069158554077,0,0.2673114538192749,0,0.3845010995864868,1,0.6860527396202087,0,0.10664243251085281,0,0.22451142966747284,0,0.33914852142333984,0,0.5055551528930664
01973,calibration,0,0.37836164236068726,0,0.3544274568557739,1,0.5214576125144958,0,0.2065439671278,0,0.13444021344184875,0,0.7403209805488586,0,0.35174933075904846,0,0.28653261065483093,0,0.13781125843524933,0,0.5618420243263245
02033,calibration,0,0.06777533143758774,1,0.9096064567565918,0,0.189260333776474,0,0.10774275660514832,1,0.6707778573036194,0,0.08519209176301956,0,0.1699901968240738,0,0.018535081297159195,0,0.28336408734321594,0,0.2910730540752411
02042,test,0,0.48233097791671753,1,0.9983152151107788,0,0.028388330712914467,0,0.004775714129209518,0,0.0044949473813176155,0,0.026496926322579384,0,0.01467673759907484,0,0.0005799098289571702,0,0.0021550990641117096,0,0.9909051060676575
02047,test,1,0.7947086691856384,0,0.2548544406890869,1,0.284526526927948,0,0.37519028782844543,0,0.21675053238868713,0,0.20644965767860413,0,0.4217155873775482,0,0.14514604210853577,0,0.4985915422439575,0,0.415305495262146
02055,calibration,0,0.32126063108444214,1,0.4623827636241913,0,0.718451976776123,0,0.6974099278450012,0,0.6494971513748169,0,0.4957263469696045,0,0.32475095987319946,0,0.31714820861816406,0,0.26593655347824097,0,0.6505627036094666
02062,test,0,0.2351318746805191,1,0.4077669680118561,0,0.7788446545600891,0,0.594956636428833,0,0.33668696880340576,0,0.36126908659935,0,0.18868477642536163,0,0.15951035916805267,0,0.15363770723342896,0,0.4740939140319824
02082,test,0,0.48039546608924866,1,0.4267309606075287,0,0.2505287528038025,0,0.19238334894180298,0,0.11538051068782806,0,0.19525329768657684,0,0.07388976216316223,0,0.6644036769866943,0,0.07608862221240997,0,0.6509363055229187
02093,calibration,0,0.2906430661678314,0,0.5967236161231995,1,0.6351180672645569,0,0.5894978046417236,0,0.5865901708602905,0,0.6128813624382019,0,0.14172101020812988,0,0.23181922733783722,0,0.3732607662677765,0,0.6117174029350281
02103,test,0,0.2900812029838562,0,0.2533950209617615,1,0.8763133883476257,1,0.7223817706108093,0,0.45736169815063477,0,0.27947402000427246,0,0.13120217621326447,0,0.15648186206817627,0,0.1547982096672058,0,0.5106127262115479
02113,test,0,0.5843461751937866,0,0.21525931358337402,0,0.8814554810523987,0,0.515662431716919,0,0.7049346566200256,0,0.607737123966217,0,0.15707369148731232,0,0.6335788369178772,0,0.20739099383354187,1,0.28486916422843933
02118,test,0,0.12371212989091873,0,0.3768024146556854,0,0.01638006791472435,0,0.006057157646864653,0,0.06660386174917221,0,0.027606304734945297,1,0.9949421286582947,0,0.011712085455656052,0,0.00842535775154829,0,0.052052516490221024
02120,test,0,0.02285114675760269,1,0.6787212491035461,0,0.7646712064743042,0,0.009995718486607075,0,0.654560923576355,0,0.025077935308218002,0,0.049801282584667206,0,0.004175146576017141,0,0.39972320199012756,0,0.023532133549451828
02148,test,0,0.04757941886782646,0,0.12037988752126694,1,0.9860504269599915,1,0.5115920305252075,0,0.9273923635482788,0,0.44650039076805115,0,0.022241035476326942,0,0.06956879794597626,0,0.05637244135141373,0,0.047073137015104294
02150,test,0,0.7971326112747192,0,0.07494711130857468,1,0.9799037575721741,1,0.9943388104438782,0,0.6807491779327393,0,0.024015065282583237,0,0.006728671956807375,0,0.1686333566904068,0,0.005134118255227804,0,0.041556429117918015
02165,test,0,0.13451741635799408,0,0.5819538831710815,1,0.8391544222831726,1,0.8985238671302795,0,0.0633523240685463,0,0.2072298526763916,0,0.1969386339187622,0,0.1356920599937439,0,0.12735101580619812,0,0.2508285939693451
02174,calibration,1,0.37431320548057556,0,0.28678983449935913,0,0.44799768924713135,0,0.21475766599178314,0,0.333253413438797,0,0.9009254574775696,0,0.24298511445522308,0,0.16704107820987701,0,0.12601560354232788,0,0.4655826687812805
02188,test,1,0.9199948906898499,0,0.3221960961818695,0,0.1311156004667282,0,0.08844713866710663,0,0.028607269749045372,0,0.23388877511024475,0,0.10593961179256439,0,0.12265841662883759,0,0.02608177624642849,0,0.26453253626823425
02202,test,1,0.7229478359222412,1,0.30486053228378296,0,0.5456385016441345,0,0.5649020075798035,0,0.22227922081947327,0,0.4156327247619629,0,0.24788275361061096,0,0.6069788336753845,0,0.20028215646743774,0,0.5731090307235718
02206,test,1,0.9942597150802612,1,0.0009542814805172384,0,0.9990750551223755,0,0.8360356688499451,0,0.1703350692987442,0,0.0007520838989876211,0,0.0012070144293829799,0,0.9970632195472717,0,0.0012518174480646849,0,0.0037902474869042635
02208,calibration,0,0.3266752064228058,0,0.4453801214694977,0,0.04345495253801346,0,0.017559714615345,0,0.10250386595726013,1,0.007095615845173597,0,0.9828068017959595,0,0.13594967126846313,0,0.41389989852905273,0,0.2574974000453949
02221,test,0,0.8448821902275085,1,0.08490601181983948,0,0.7587268352508545,0,0.5708556175231934,0,0.06753212958574295,0,0.15515078604221344,1,0.10391122102737427,0,0.7520895004272461,0,0.043305251747369766,0,0.4223141372203827
02227,test,1,0.05589355155825615,0,0.9576418995857239,0,0.08196286857128143,0,0.05027558654546738,0,0.04487653076648712,0,0.018317565321922302,0,0.6200470328330994,0,0.016325274482369423,0,0.09251030534505844,0,0.9072508215904236
02243,test,1,0.03352871164679527,0,0.8406057357788086,0,0.06212349608540535,0,0.03565683588385582,0,0.027134953066706657,0,0.01446665171533823,0,0.075200654566288,0,0.005663725547492504,0,0.034756239503622055,0,0.9307883381843567
02253,test,0,0.016775451600551605,1,0.9734615087509155,0,0.0036692810244858265,0,0.001126761781051755,0,0.00745589192956686,0,0.0007474179728887975,1,0.9749285578727722,0,0.0008860476082190871,0,0.9420775771141052,0,0.2319323718547821
02276,test,0,0.03206940367817879,0,0.14781825244426727,0,0.9913679957389832,0,0.5803616046905518,1,0.0626135841012001,0,0.6761459708213806,0,0.03723753243684769,0,0.198555588722229,0,0.06156817823648453,0,0.4063517153263092
02291,test,0,0.43606486916542053,1,0.5354319214820862,0,0.5810754299163818,0,0.6021419167518616,0,0.41858577728271484,0,0.47727835178375244,0,0.3227699100971222,0,0.3192666471004486,0,0.49144381284713745,0,0.7775800228118896
02311,calibration,0,0.30010876059532166,1,0.7107815146446228,0,0.26849472522735596,0,0.2726724445819855,0,0.22578567266464233,0,0.3238581717014313,1,0.3248351812362671,0,0.14256590604782104,0,0.34998154640197754,0,0.6333991885185242
02317,test,0,0.4158991575241089,0,0.5629808902740479,1,0.5970836877822876,1,0.6143892407417297,0,0.5950057506561279,0,0.5370180010795593,0,0.3850356638431549,0,0.3595598042011261,0,0.4180128872394562,0,0.7291021943092346
02323,test,0,0.10506235808134079,0,0.15793536603450775,1,0.9772781729698181,1,0.8233815431594849,0,0.4580982029438019,0,0.5232561230659485,0,0.019187072291970253,0,0.1193537712097168,0,0.05002899840474129,0,0.19158558547496796
02330,calibration,0,0.22355857491493225,0,0.3856983184814453,0,0.5240189433097839,0,0.429574191570282,0,0.15516819059848785,0,0.815226674079895,0,0.12233076244592667,0,0.5910230875015259,0,0.20410940051078796,1,0.3593519926071167
02340,test,1,0.3690786361694336,0,0.3307119607925415,0,0.5851624608039856,0,0.4039132595062256,0,0.1458764523267746,0,0.4531163275241852,0,0.23956362903118134,0,0.37568217515945435,0,0.2890769839286804,0,0.8338282108306885
02359,test,1,0.2923034727573395,0,0.5047996640205383,0,0.7569859623908997,0,0.672019898891449,0,0.7490342259407043,0,0.793531060218811,0,0.14644835889339447,0,0.16153386235237122,0,0.17880327999591827,0,0.2718394100666046
02363,calibration,1,0.30230712890625,0,0.3029169738292694,0,0.43978026509284973,0,0.24485154449939728,0,0.1223800778388977,0,0.6540471315383911,0,0.3277915418148041,0,0.3836686313152313,0,0.16159687936306,0,0.6387113928794861
02401,test,0,0.33174726366996765,0,0.5541158318519592,0,0.5952422022819519,0,0.5207233428955078,0,0.6196960806846619,1,0.7468677759170532,0,0.14337396621704102,0,0.34021952748298645,0,0.48918449878692627,0,0.5458168387413025
02411,test,0,0.21873344480991364,0,0.43371573090553284,1,0.8381611704826355,1,0.6908484697341919,0,0.6618881225585938,0,0.6223813891410828,0,0.11101502925157547,0,0.14458848536014557,0,0.22485268115997314,0,0.5649363994598389
02412,test,0,0.0734737366437912,0,0.23510761559009552,1,0.9959378242492676,1,0.4186675548553467,0,0.8080448508262634,0,0.7553656697273254,0,0.03542182967066765,0,0.1043720617890358,0,0.15082427859306335,0,0.0535007119178772
02428,test,0,0.564071774482727,0,0.16900046169757843,0,0.39808064699172974,0,0.36970359086990356,0,0.19862037897109985,0,0.4138329327106476,0,0.5070699453353882,0,0.44286251068115234,0,0.19389532506465912,1,0.847174882888794
02451,calibration,0,0.12700368463993073,0,0.617317795753479,0,0.5421900153160095,0,0.29729798436164856,0,0.9151557683944702,1,0.33182305097579956,0,0.038464613258838654,0,0.0824657753109932,0,0.38198038935661316,0,0.40253931283950806
02459,test,1,0.9301967024803162,0,0.05802588537335396,0,0.18068669736385345,0,0.0762210488319397,0,0.02122960425913334,0,0.3120651841163635,0,0.3159714937210083,0,0.8555890321731567,0,0.02769332006573677,0,0.3694770932197571
02466,test,0,0.3863086700439453,0,0.24105899035930634,0,0.8585907220840454,1,0.8370309472084045,0,0.7016640305519104,0,0.29976630210876465,0,0.07447215914726257,0,0.38839268684387207,0,0.12289087474346161,0,0.3402906656265259
02471,calibration,1,0.3344595432281494,0,0.2247157096862793,0,0.506716251373291,0,0.47283631563186646,0,0.6143209338188171,0,0.7376639246940613,0,0.2686443328857422,0,0.3663574755191803,0,0.10854162275791168,0,0.40065616369247437
02473,calibration,0,0.9576767683029175,0,0.1088041290640831,1,0.7122998237609863,0,0.6384458541870117,0,0.17004773020744324,0,0.07241253554821014,0,0.06365609169006348,0,0.5337004661560059,0,0.04877585545182228,0,0.2642814517021179
02487,test,0,0.05187718942761421,1,0.027446195483207703,0,0.9859139919281006,0,0.9997201561927795,1,0.04000547528266907,0,0.02625494822859764,0,0.009604633785784245,0,0.08178891241550446,0,0.0017628587083891034,0,0.011848636902868748
02492,test,0,0.3717383146286011,1,0.288669615983963,0,0.5921227335929871,0,0.6412017345428467,0,0.280578076839447,0,0.4852863848209381,0,0.24371890723705292,0,0.2730080783367157,0,0.24824953079223633,0,0.7047901153564453
02516,test,0,0.5469704270362854,1,0.43387845158576965,0,0.5764684677124023,0,0.5491365790367126,0,0.7059960961341858,0,0.6779701709747314,0,0.3096618056297302,0,0.4165840148925781,0,0.3959396183490753,0,0.6798060536384583
02520,test,0,0.29324692487716675,0,0.6612539291381836,0,0.6872521638870239,0,0.4197826087474823,1,0.7515860199928284,0,0.5999116897583008,0,0.14463625848293304,0,0.280636727809906,0,0.5140981078147888,0,0.5064345598220825
02521,calibration,0,0.38716575503349304,1,0.36369752883911133,0,0.4559265077114105,0,0.3634878993034363,0,0.1652420312166214,0,0.6804320216178894,0,0.2082277238368988,0,0.5665979385375977,0,0.2932963967323303,0,0.5663432478904724
02525,test,1,0.41172677278518677,0,0.4602713882923126,0,0.6692080497741699,0,0.5869566798210144,0,0.6306930184364319,0,0.5783831477165222,0,0.2719082832336426,0,0.23742523789405823,0,0.2699275016784668,0,0.6018268465995789
02536,calibration,0,0.9240983128547668,0,0.1291990876197815,0,0.6805121302604675,0,0.6835043430328369,0,0.21004754304885864,1,0.47136402130126953,1,0.11096996814012527,0,0.24355080723762512,0,0.12013735622167587,0,0.2915928363800049
02544,test,0,0.00906768161803484,0,0.7991669178009033,1,0.1289784014225006,1,0.0891263335943222,0,0.8066698312759399,0,0.03348467871546745,0,0.01887909136712551,0,0.023733068257570267,0,0.08445077389478683,0,0.08159201592206955
02552,test,0,0.2739567160606384,0,0.3370383083820343,1,0.8764739036560059,1,0.5976338386535645,0,0.7368152737617493,0,0.7620679140090942,0,0.03972626104950905,0,0.16539697349071503,0,0.08514278382062912,0,0.19186760485172272
02565,test,0,0.4108692705631256,0,0.5643330812454224,1,0.526645302772522,1,0.543948233127594,0,0.42644932866096497,0,0.462401419878006,0,0.39684537053108215,0,0.3429378271102905,0,0.40355291962623596,0,0.7347127795219421
02568,calibration,0,0.5498269200325012,1,0.29517412185668945,0,0.7024482488632202,0,0.6823098659515381,0,0.7792229056358337,0,0.5413973331451416,0,0.2021430879831314,0,0.4682794511318207,0,0.34907469153404236,0,0.4836442172527313
02569,calibration,1,0.553003191947937,0,0.4625284671783447,0,0.5180514454841614,0,0.5593140721321106,0,0.23567360639572144,0,0.6368537545204163,0,0.3343510329723358,0,0.36228588223457336,0,0.3600483536720276,0,0.8132030367851257
02576,test,0,0.023005926981568336,1,0.941382110118866,0,0.14112234115600586,0,0.05054052546620369,1,0.9816616177558899,0,0.05863158032298088,0,0.10235635191202164,0,0.0261258352547884,0,0.4151245355606079,0,0.04985888674855232
02585,test,1,0.9925997257232666,0,0.0039080167189240456,0,0.9300380349159241,0,0.178841695189476,0,0.07604102045297623,0,0.016542281955480576,0,0.05377287417650223,0,0.9985567927360535,0,0.0027574466075748205,0,0.020753955468535423
02586,calibration,1,0.00023383263032883406,1,0.9986168146133423,0,0.0312933512032032,0,0.016291385516524315,0,0.008408634923398495,0,0.0014654573751613498,0,0.010238753631711006,0,0.000714328489266336,0,0.002364747691899538,0,0.0031911178957670927
02588,test,0,0.6255275011062622,0,0.13889069855213165,1,0.9914472103118896,1,0.9914223551750183,0,0.038702357560396194,0,0.10698450356721878,0,0.026570109650492668,0,0.29286348819732666,0,0.05993932485580444,1,0.3535381257534027
02598,test,0,0.16678689420223236,0,0.506669282913208,0,0.909580409526825,0,0.7589438557624817,0,0.6159127950668335,0,0.8658437728881836,0,0.07467496395111084,1,0.11745913326740265,0,0.09924372285604477,0,0.11708776652812958
02602,test,0,0.03135772421956062,0,0.041311658918857574,1,0.9949466586112976,0,0.518894612789154,0,0.8055962920188904,1,0.1095481589436531,0,0.0025559060741215944,0,0.16768549382686615,0,0.008654571138322353,0,0.008761309087276459
02606,test,1,0.4342102110385895,0,0.4221341609954834,0,0.4714789390563965,0,0.504335343837738,0,0.41151532530784607,0,0.44909942150115967,0,0.3105105757713318,0,0.32448163628578186,0,0.39451971650123596,0,0.8070772886276245
02612,calibration,0,0.4847479462623596,0,0.5349544286727905,1,0.5962752103805542,0,0.4749492108821869,0,0.1837901771068573,0,0.4298690855503082,0,0.35754334926605225,0,0.4089427888393402,0,0.22320877015590668,0,0.655529797077179
02621,calibration,0,0.9972668886184692,0,0.014752422459423542,1,0.534379780292511,0,0.3248271942138672,0,0.026682104915380478,0,0.0004099739308003336,0,0.07324963063001633,0,0.0011590828653424978,0,7.509415445383638e-05,0,0.0003291451430413872
02623,calibration,0,0.16405437886714935,1,0.8968867659568787,0,0.2548598647117615,0,0.3370831310749054,0,0.11011923104524612,0,0.13842937350273132,0,0.24498987197875977,0,0.14609108865261078,0,0.09777434170246124,0,0.48776695132255554
02627,test,1,0.9176725149154663,0,0.22600442171096802,0,0.19357793033123016,0,0.332926869392395,0,0.1992495357990265,0,0.05411780625581741,0,0.2178441882133484,0,0.055317576974630356,0,0.7125884294509888,0,0.4910993278026581
02655,calibration,1,0.8228520750999451,1,0.4825969338417053,0,0.19714748859405518,0,0.10127561539411545,0,0.05615409091114998,0,0.3611680567264557,0,0.1385914534330368,0,0.4545816481113434,0,0.10334494709968567,0,0.7423181533813477
02656,calibration,1,0.45129871368408203,0,0.20007626712322235,0,0.48027801513671875,0,0.4355566203594208,0,0.7433649897575378,0,0.6743357181549072,0,0.3197726309299469,0,0.3607593774795532,0,0.11174876987934113,0,0.3473445475101471
02675,calibration,1,0.7284559011459351,1,0.2953495681285858,0,0.7290581464767456,0,0.5411680936813354,0,0.315522700548172,0,0.42914125323295593,0,0.16247865557670593,0,0.607471764087677,0,0.3777353763580322,0,0.6702131628990173
02681,test,0,0.05059732496738434,1,0.42456600069999695,0,0.01887480355799198,0,0.007368953432887793,0,0.03596716374158859,0,0.008067423477768898,1,0.9920881390571594,0,0.009346706792712212,0,0.04592014476656914,0,0.39374202489852905
02684,test,0,0.5157140493392944,1,0.6620360612869263,0,0.348949134349823,0,0.26952847838401794,0,0.2430969923734665,0,0.7863615155220032,0,0.1935591995716095,0,0.19804126024246216,0,0.09876558184623718,0,0.7988360524177551
02706,calibration,0,0.290446937084198,0,0.20109698176383972,1,0.6708407998085022,0,0.6326953768730164,0,0.11244037747383118,0,0.7874642014503479,0,0.21732433140277863,0,0.38520798087120056,0,0.10480696707963943,0,0.6978872418403625
02709,test,1,0.36250343918800354,1,0.4009893834590912,0,0.24536536633968353,0,0.2573711574077606,0,0.41932412981987,0,0.11152126640081406,0,0.9279942512512207,0,0.4449215531349182,0,0.27323558926582336,0,0.6571650505065918
02724,test,0,0.46936923265457153,0,0.6033111214637756,0,0.3503401279449463,0,0.3840777575969696,1,0.3093274235725403,0,0.36063939332962036,0,0.3000052273273468,0,0.303682804107666,0,0.7390859723091125,0,0.6809357404708862
02735,test,0,0.623913049697876,0,0.5588985681533813,0,0.7778366804122925,0,0.5397305488586426,0,0.776222288608551,0,0.6716457009315491,1,0.25601285696029663,0,0.4668785035610199,0,0.16980957984924316,0,0.22296142578125
02758,calibration,0,0.42541223764419556,0,0.1931588351726532,0,0.4356110095977783,0,0.5280859470367432,0,0.3146537244319916,1,0.8730069994926453,0,0.16223059594631195,0,0.17553938925266266,0,0.09725019335746765,0,0.286892831325531
02761,test,1,0.5854829549789429,0,0.2458447366952896,1,0.877454936504364,1,0.611784040927887,0,0.8437681794166565,0,0.554134726524353,0,0.06181679293513298,0,0.3355981707572937,0,0.12013877183198929,0,0.3054981529712677
02788,test,0,0.32434141635894775,0,0.5143890380859375,0,0.5641279816627502,0,0.5919431447982788,0,0.46331045031547546,0,0.6448161005973816,1,0.25247514247894287,0,0.32586926221847534,0,0.31749051809310913,0,0.6404454112052917
02792,test,1,0.4783148169517517,0,0.6808977127075195,0,0.009069099090993404,0,0.013869021087884903,0,0.011599690653383732,0,0.0023345339577645063,0,0.9852006435394287,0,0.04406771808862686,0,0.9152332544326782,0,0.7326759696006775
02810,calibration,0,0.25639989972114563,1,0.1472136229276657,1,0.9517710208892822,1,0.9741723537445068,0,0.3671535551548004,0,0.15756390988826752,0,0.059152793139219284,0,0.20154140889644623,0,0.0688699260354042,0,0.240631103515625
02825,calibration,0,0.5386967658996582,0,0.5268505215644836,0,0.8174175024032593,0,0.8967357873916626,1,0.980244517326355,0,0.17882102727890015,0,0.020970162004232407,0,0.11035214364528656,0,0.00811060331761837,0,0.020983004942536354
02846,test,0,0.11726531386375427,1,0.4560052156448364,0,0.019800808280706406,0,0.008193328976631165,0,0.01785527728497982,0,0.022005710750818253,0,0.03431880474090576,0,0.017026560381054878,1,0.9977710247039795,0,0.2639971077442169
02879,test,1,0.3577147126197815,1,0.39891237020492554,0,0.3145308792591095,0,0.18406611680984497,0,0.08561491966247559,0,0.2694624364376068,0,0.4056152403354645,0,0.2950446903705597,0,0.30803248286247253,0,0.6508129239082336
02889,calibration,0,0.056921593844890594,1,0.7505995035171509,0,0.12582118809223175,0,0.060797374695539474,0,0.1353624016046524,0,0.20507030189037323,0,0.05644061043858528,0,0.07891818881034851,1,0.9162418246269226,0,0.2362508773803711
02894,calibration,0,0.01662655919790268,1,0.9632790684700012,0,0.07780679315328598,0,0.028728477656841278,0,0.17080377042293549,0,0.12530426681041718,0,0.0176743995398283,0,0.01639060489833355,0,0.8755009770393372,0,0.16091498732566833
02924,test,0,0.17302124202251434,1,0.7988107204437256,0,0.32111656665802,0,0.2602335810661316,0,0.3354737460613251,0,0.4078472852706909,0,0.15128479897975922,0,0.12361913919448853,0,0.5443952083587646,0,0.5918086171150208
02927,calibration,1,0.9957082271575928,0,0.007697741501033306,0,0.7433130145072937,0,0.1064794510602951,0,0.039026640355587006,0,0.007422876078635454,0,0.03907772898674011,1,0.9981379508972168,0,0.0031521974597126245,0,0.189772367477417
02983,calibration,0,0.23063574731349945,1,0.527116596698761,0,0.776421308517456,0,0.8382298350334167,0,0.4786476194858551,1,0.4176912307739258,0,0.19420354068279266,0,0.15755702555179596,0,0.18909218907356262,0,0.49273353815078735
03000,test,0,0.5039697885513306,0,0.17877933382987976,0,0.7699282169342041,0,0.7067617774009705,1,0.6069065928459167,0,0.37375199794769287,0,0.13708806037902832,0,0.4321615695953369,0,0.13960015773773193,1,0.5125600695610046
03010,calibration,0,0.09283681958913803,0,0.055874913930892944,1,0.9539903402328491,1,0.9872624278068542,0,0.09908094257116318,0,0.09152021259069443,0,0.020699508488178253,0,0.0540003627538681,0,0.032247912138700485,0,0.2685968279838562
03045,calibration,0,0.45211008191108704,0,0.666493833065033,0,0.5234211087226868,0,0.4328768849372864,0,0.22069211304187775,0,0.2898159325122833,0,0.4652772843837738,1,0.28248435258865356,0,0.6035006046295166,0,0.8134251832962036
03055,calibration,0,0.18363262712955475,0,0.48535066843032837,0,0.7516902685165405,0,0.7661998867988586,0,0.963681697845459,1,0.39813289046287537,0,0.08139844983816147,0,0.20998182892799377,0,0.11095675826072693,0,0.19242164492607117
03078,calibration,0,0.3604312539100647,0,0.4809536039829254,0,0.5328619480133057,0,0.5392579436302185,1,0.537653923034668,0,0.5589325428009033,0,0.1473589390516281,0,0.4023287296295166,0,0.5276812314987183,0,0.6317672729492188
03101,test,1,0.04280640557408333,1,0.7749574184417725,0,0.025519657880067825,0,0.004853459540754557,0,0.02975788526237011,0,0.00537859508767724,0,0.9897973537445068,0,0.008772928267717361,0,0.2466488480567932,0,0.3226240873336792
03113,test,0,0.12874269485473633,1,0.11880288273096085,0,0.5518590807914734,0,0.004227512516081333,0,0.9218980073928833,0,0.0072019356302917,0,0.6147690415382385,0,0.011710506863892078,0,0.017972419038414955,1,0.6965115666389465
03127,calibration,1,0.6412771940231323,0,0.34266984462738037,0,0.5587090849876404,0,0.553689181804657,0,0.5820640325546265,0,0.5686333179473877,0,0.2611178159713745,0,0.42346808314323425,0,0.05823543295264244,0,0.43189987540245056
03135,test,1,0.24534690380096436,0,0.2688809931278229,0,0.5434682965278625,0,0.5495909452438354,0,0.7768917679786682,0,0.7061838507652283,0,0.3607136011123657,0,0.3060610890388489,0,0.23406356573104858,0,0.6041706800460815
03142,test,0,0.9945576190948486,0,0.014366735704243183,0,0.9953137636184692,0,0.9933668971061707,0,0.01899084821343422,1,0.011292406357824802,0,0.0011800403008237481,0,0.5158119797706604,0,0.003464193781837821,1,0.012317674234509468
03195,calibration,0,0.1696280688047409,1,0.7238889932632446,0,0.2661398649215698,0,0.29702436923980713,0,0.31928062438964844,0,0.4072803258895874,0,0.2333264797925949,0,0.4172377288341522,1,0.5517640709877014,0,0.5640589594841003
03196,test,0,0.46294257044792175,0,0.4378229081630707,1,0.5379486083984375,0,0.5325415730476379,0,0.24034573137760162,0,0.8903313875198364,0,0.2487659901380539,0,0.5362817049026489,0,0.25600239634513855,0,0.41812747716903687
03202,test,0,0.4101026654243469,0,0.46785154938697815,0,0.705615222454071,0,0.7545053362846375,1,0.7858981490135193,0,0.5217564105987549,0,0.21356989443302155,0,0.3181026875972748,0,0.4962616264820099,0,0.6240218877792358
03210,test,0,0.34444165229797363,0,0.08523227274417877,1,0.9343414306640625,1,0.982559323310852,0,0.24335117638111115,0,0.072109155356884,0,0.03092007339000702,0,0.12730982899665833,0,0.020438356325030327,0,0.2381964772939682
03219,test,0,0.36367067694664,0,0.36909329891204834,0,0.2921231687068939,0,0.18591861426830292,0,0.25965800881385803,0,0.45334506034851074,1,0.7189717888832092,0,0.061692044138908386,0,0.04462869465351105,0,0.2754329741001129
03238,test,0,0.1086583361029625,1,0.1506906896829605,1,0.9363643527030945,1,0.9866489768028259,0,0.2890879809856415,0,0.07260989397764206,0,0.028299076482653618,0,0.07735256105661392,0,0.018902882933616638,0,0.06352435797452927
03249,test,1,0.6770311594009399,0,0.2141338735818863,0,0.6086766123771667,0,0.5568966865539551,1,0.346978098154068,0,0.23887021839618683,0,0.2292085438966751,0,0.16775813698768616,0,0.11836250126361847,0,0.4373864233493805
03265,calibration,1,0.8870282173156738,0,0.12727566063404083,0,0.7615429162979126,0,0.48738792538642883,0,0.3069153428077698,0,0.2520275413990021,0,0.08915068209171295,0,0.705597460269928,0,0.051132939755916595,1,0.30649706721305847
03267,test,0,0.04862135276198387,0,0.5514423251152039,0,0.5661766529083252,0,0.46858254075050354,0,0.21337257325649261,1,0.9916539192199707,0,0.019368112087249756,0,0.1098751351237297,0,0.03749673441052437,0,0.027295595034956932
03272,test,0,0.3800918757915497,1,0.36863094568252563,0,0.6347976922988892,0,0.5262199640274048,0,0.6445678472518921,1,0.401235967874527,0,0.1937406063079834,0,0.397474467754364,0,0.3344990313053131,0,0.6147525906562805
03290,test,0,0.13663069903850555,1,0.9589247107505798,0,0.4640995264053345,0,0.6954794526100159,1,0.4690784513950348,0,0.24282535910606384,0,0.09984970092773438,0,0.0536792017519474,0,0.01753470115363598,0,0.0421782061457634
03326,test,0,0.22638608515262604,0,0.05946776270866394,0,0.9650578498840332,0,0.7808137536048889,0,0.1076175794005394,1,0.3776603639125824,0,0.010160839185118675,0,0.19846607744693756,0,0.028258830308914185,0,0.16901849210262299
03353,test,0,0.8631893396377563,0,0.1457304060459137,0,0.9345480799674988,0,0.7017012238502502,0,0.36260107159614563,0,0.40766799449920654,0,0.12610022723674774,0,0.8229970335960388,0,0.1858641356229782,1,0.33556240797042847
03378,test,0,0.4268191456794739,0,0.4738858640193939,0,0.6177053451538086,0,0.8490809202194214,0,0.6654295325279236,1,0.5266838669776917,0,0.17041917145252228,0,0.2804611623287201,0,0.19565929472446442,0,0.36667779088020325
03383,calibration,0,0.4997331202030182,0,0.22573944926261902,0,0.5809916853904724,0,0.5958330035209656,0,0.3755226135253906,1,0.5483177304267883,0,0.33135199546813965,0,0.4814961850643158,0,0.20616120100021362,0,0.6280149817466736
03387,calibration,1,0.9147530198097229,0,0.17721174657344818,0,0.4990900158882141,0,0.5001027584075928,0,0.19794797897338867,0,0.35085296630859375,0,0.4757829010486603,0,0.5041650533676147,0,0.14912348985671997,0,0.5005642175674438
03436,test,0,0.004859898239374161,0,0.08081508427858353,0,0.5686537027359009,0,0.12913846969604492,0,0.19122205674648285,1,0.9897500872612,0,0.0018499292200431228,0,0.005897900555282831,0,0.0066818855702877045,0,0.06295929849147797
03449,calibration,0,0.5976714491844177,0,0.09649895876646042,0,0.7735936045646667,0,0.29805994033813477,0,0.15586021542549133,0,0.4476812481880188,0,0.23684054613113403,0,0.5437778830528259,0,0.10580284148454666,1,0.4604877233505249
03465,calibration,0,0.041993822902441025,0,0.047667961567640305,1,0.9935804605484009,0,0.12364661693572998,0,0.6283347010612488,0,0.38065698742866516,0,0.004626396577805281,0,0.15176896750926971,0,0.029526812955737114,1,0.009883228689432144
03476,test,0,0.03459116816520691,0,0.9541516900062561,0,0.44012004137039185,0,0.1952635496854782,0,0.19860348105430603,1,0.6497422456741333,0,0.024743525311350822,0,0.013887117616832256,0,0.05725004896521568,0,0.7003964781761169
03483,test,0,0.8728411793708801,0,0.32481202483177185,0,0.7408298254013062,0,0.615098774433136,0,0.26622655987739563,0,0.48533985018730164,0,0.20181569457054138,0,0.5400723814964294,0,0.25789666175842285,1,0.494514524936676
03486,test,0,0.9962844848632812,0,0.26256242394447327,0,0.9863417744636536,0,0.6326050758361816,0,0.003217320656403899,0,0.08301573991775513,0,0.004446661099791527,0,0.9651031494140625,0,0.009678256697952747,1,0.16848550736904144
03503,test,1,0.4143972098827362,1,0.494184285402298,0,0.3859240710735321,0,0.3342951536178589,0,0.29828426241874695,0,0.6992003321647644,0,0.252634733915329,0,0.40529462695121765,0,0.14457517862319946,0,0.6101073622703552
03505,test,0,0.045136936008930206,0,0.9135627150535583,0,0.22754256427288055,1,0.15134179592132568,0,0.16328215599060059,1,0.21868883073329926,0,0.045934781432151794,0,0.05919833108782768,0,0.22102445363998413,0,0.2874182164669037
03517,calibration,0,0.700118899345398,0,0.645546555519104,1,0.9079742431640625,1,0.8465901017189026,0,0.7405369877815247,0,0.6248862743377686,0,0.0840911865234375,0,0.5283028483390808,0,0.06855438649654388,0,0.07106738537549973
03528,calibration,1,0.38778290152549744,0,0.38032540678977966,0,0.4655316174030304,0,0.31665608286857605,1,0.6404872536659241,0,0.9272665977478027,0,0.19114358723163605,0,0.20702911913394928,0,0.16749796271324158,0,0.3952150344848633
03529,test,0,0.8937559127807617,0,0.12427833676338196,0,0.9864700436592102,0,0.915208101272583,0,0.2132641226053238,1,0.02858097292482853,0,0.02143075503408909,0,0.6049739122390747,0,0.03527921065688133,0,0.1707077920436859
03530,test,0,0.0923314243555069,0,0.5295636653900146,1,0.760466992855072,1,0.43562403321266174,0,0.8709129095077515,0,0.4704388678073883,0,0.031510815024375916,0,0.1346825510263443,0,0.22651776671409607,0,0.172272726893425
03539,calibration,0,0.07324446737766266,0,0.03448585793375969,1,0.999210000038147,1,0.9997873902320862,0,0.025824816897511482,0,0.011157437227666378,0,0.0011349584674462676,0,0.014918986707925797,0,0.004058082588016987,0,0.14785532653331757
03636,test,0,0.010840112343430519,0,0.009900985285639763,0,0.027271471917629242,0,0.006337455939501524,1,0.006408802233636379,0,0.007831675000488758,0,0.005641606170684099,0,0.0024174959398806095,0,0.0005354545428417623,0,0.997623860836029
03638,test,1,0.4704386591911316,0,0.35120701789855957,0,0.2688680589199066,0,0.21367880702018738,0,0.1941979080438614,0,0.2081872671842575,0,0.3399012088775635,0,0.9332479238510132,0,0.07928561419248581,0,0.6487716436386108
03685,test,1,0.6083050966262817,0,0.45433056354522705,0,0.5492157340049744,0,0.6012548208236694,0,0.46605274081230164,0,0.5331525206565857,0,0.4198876917362213,0,0.6289556622505188,0,0.4097418785095215,0,0.7213884592056274
03731,test,0,0.14956247806549072,0,0.2592445909976959,0,0.4735754132270813,0,0.2864333987236023,0,0.19784818589687347,1,0.45210060477256775,0,0.11155906319618225,0,0.14096514880657196,0,0.17487016320228577,0,0.8845415115356445
03755,test,0,0.6389310956001282,0,0.20225630700588226,0,0.805144190788269,0,0.42962878942489624,0,0.4383262097835541,0,0.6460086107254028,0,0.17675746977329254,0,0.8857254385948181,1,0.278169721364975,0,0.35830211639404297
03821,test,0,0.02696933038532734,1,0.6803128123283386,0,0.03216347098350525,0,0.009258066304028034,0,0.06214528903365135,0,0.06583140045404434,0,0.043634653091430664,0,0.05791031941771507,1,0.9764012694358826,0,0.12498369812965393
03828,calibration,0,0.26130762696266174,1,0.34414801001548767,0,0.36314451694488525,0,0.3865680992603302,0,0.15645389258861542,0,0.1624385118484497,0,0.09785579890012741,0,0.08242782950401306,0,0.14405705034732819,0,0.90943443775177
03867,test,0,0.3872564136981964,0,0.5159776210784912,1,0.6556354761123657,1,0.6354945302009583,0,0.5325921773910522,0,0.34538543224334717,0,0.2667917311191559,0,0.2576763331890106,0,0.2919374108314514,0,0.6841138005256653
03869,test,0,0.32937172055244446,0,0.5319533944129944,1,0.6853905916213989,1,0.6189666986465454,0,0.518156886100769,0,0.479469895362854,0,0.19485975801944733,0,0.25548815727233887,0,0.29322734475135803,0,0.6247463822364807
03884,calibration,0,0.3782791197299957,0,0.11615139245986938,0,0.8849917054176331,0,0.9646373391151428,0,0.6704962253570557,1,0.1728416383266449,0,0.04154582321643829,0,0.2650164067745209,0,0.041814908385276794,0,0.2733055055141449
03924,calibration,0,0.5030361413955688,0,0.5208929777145386,0,0.5845088362693787,0,0.5662664771080017,0,0.541435718536377,1,0.5740487575531006,0,0.38835573196411133,0,0.4374415874481201,0,0.4170892834663391,0,0.7729455232620239
03996,calibration,0,0.26646676659584045,0,0.3753378689289093,0,0.6618087887763977,0,0.44710299372673035,0,0.08839897811412811,1,0.21044662594795227,0,0.22479021549224854,0,0.13903415203094482,0,0.23925018310546875,0,0.779381513595581
04002,test,0,0.0534701868891716,1,0.49449703097343445,0,0.09465429931879044,0,0.07292141765356064,0,0.1072024405002594,0,0.05904283747076988,1,0.2449370175600052,0,0.047042760998010635,0,0.857233464717865,0,0.6410321593284607
04004,test,1,0.32565903663635254,0,0.36862289905548096,0,0.34655243158340454,0,0.2619209885597229,0,0.12152358889579773,0,0.194448322057724,0,0.5184890031814575,1,0.42269188165664673,0,0.40285933017730713,0,0.5070708990097046
04010,test,0,0.38480645418167114,0,0.46873143315315247,0,0.5278068780899048,0,0.5532292723655701,0,0.39686182141304016,0,0.5996038317680359,0,0.23236438632011414,0,0.3929233253002167,0,0.3978126347064972,1,0.6685392260551453
04081,test,0,0.1158810406923294,0,0.8165122866630554,0,0.10393577069044113,0,0.08744927495718002,1,0.10982941091060638,0,0.11097575724124908,0,0.15561360120773315,0,0.03518228232860565,0,0.3906819820404053,1,0.6948702931404114
04107,calibration,0,0.6865434050559998,0,0.34633004665374756,0,0.7664625644683838,0,0.5445572137832642,1,0.914854884147644,0,0.27055150270462036,0,0.08447523415088654,0,0.3073635995388031,0,0.14317724108695984,1,0.39798757433891296
04111,calibration,1,0.6947813630104065,0,0.06624721735715866,1,0.6605813503265381,1,0.6042717099189758,0,0.7426726818084717,1,0.0807887464761734,0,0.3613092601299286,0,0.10484969615936279,0,0.01083693653345108,0,0.0446409247815609
04112,calibration,0,0.4437226951122284,0,0.4272668957710266,0,0.4662173092365265,1,0.575941264629364,0,0.3642415404319763,0,0.4794813096523285,0,0.3417884409427643,0,0.3471945524215698,0,0.34872743487358093,0,0.7949811220169067
04135,calibration,0,0.09536927193403244,0,0.05840151011943817,1,0.9894595146179199,1,0.05807136744260788,0,0.9982825517654419,0,0.007022796664386988,0,0.035478733479976654,0,0.0866122618317604,0,0.0007116724154911935,0,0.00824048463255167
04146,calibration,0,0.24111095070838928,0,0.22886872291564941,1,0.7675231099128723,1,0.9048235416412354,0,0.7125628590583801,0,0.2359033226966858,0,0.11712130159139633,0,0.2081601470708847,0,0.20668841898441315,0,0.4486103951931
04167,calibration,0,0.4892682135105133,0,0.415181428194046,0,0.528937578201294,0,0.5315744876861572,0,0.2671089768409729,0,0.5414158701896667,0,0.2645779252052307,0,0.28514352440834045,0,0.4021170437335968,1,0.745128870010376
04270,test,0,0.0035086912102997303,0,0.9969209432601929,0,0.033005353063344955,0,0.034340325742959976,0,0.007271439302712679,0,0.009999041445553303,0,0.0155581533908844,1,0.0052580805495381355,0,0.011690044775605202,0,0.02577359974384308
04313,test,0,0.0791424959897995,1,0.048999957740306854,1,0.9844089150428772,1,0.9399707317352295,0,0.22055748105049133,0,0.06605062633752823,0,0.023548640310764313,0,0.026228878647089005,0,0.021738849580287933,0,0.1330031454563141
04338,calibration,0,0.1843283623456955,0,0.15180855989456177,1,0.898219645023346,1,0.8898157477378845,0,0.39253631234169006,0,0.30319973826408386,0,0.03902432322502136,0,0.156144380569458,0,0.0372457280755043,0,0.2391941100358963
04359,test,0,0.524312436580658,0,0.2468419075012207,0,0.4652930200099945,0,0.4563196003437042,0,0.3843905031681061,0,0.3834001123905182,1,0.5383788347244263,0,0.243412047624588,0,0.331000953912735,0,0.6353207230567932
04366,test,0,0.2657274901866913,1,0.6849451661109924,0,0.12229540944099426,0,0.08441071957349777,0,0.06565342098474503,0,0.07999442517757416,0,0.3305732309818268,0,0.07985319942235947,1,0.9584060311317444,0,0.4611121118068695
04375,calibration,1,0.9185247421264648,0,0.08227594196796417,0,0.1943235993385315,0,0.214988112449646,0,0.03882160410284996,0,0.4287375211715698,0,0.08627433329820633,0,0.6014099717140198,0,0.029812101274728775,0,0.6473814249038696
04465,test,0,0.05572357401251793,0,0.13729502260684967,0,0.8817387223243713,0,0.6874488592147827,0,0.5842441916465759,1,0.8402121067047119,0,0.013913607224822044,0,0.1215263083577156,0,0.0850253477692604,0,0.10984985530376434
04496,test,0,0.08585163950920105,1,0.7559108734130859,0,0.2669454514980316,0,0.24029064178466797,0,0.18049079179763794,1,0.20777074992656708,0,0.04405677691102028,0,0.02458932064473629,0,0.05925527960062027,0,0.9080601334571838
04499,calibration,0,0.1934209018945694,1,0.20172825455665588,1,0.9425513744354248,1,0.9741621017456055,0,0.30052024126052856,0,0.16484220325946808,0,0.06740264594554901,0,0.07498388737440109,0,0.016153881326317787,0,0.19582688808441162
04568,test,0,0.12949180603027344,0,0.24315454065799713,1,0.8546043038368225,0,0.6623682975769043,0,0.39738574624061584,1,0.5247504115104675,0,0.07487337291240692,0,0.1511482298374176,0,0.09649772197008133,0,0.7298652529716492
04592,calibration,1,0.3767220675945282,0,0.770694375038147,0,0.03552642837166786,0,0.021241052076220512,0,0.02649437077343464,0,0.02707073464989662,0,0.03945291042327881,1,0.0061644623056054115,0,0.9784603714942932,0,0.623877227306366
04605,calibration,0,0.4733794629573822,0,0.4117308557033539,0,0.5024675726890564,0,0.4102499186992645,0,0.39017820358276367,0,0.7204004526138306,0,0.23946857452392578,0,0.41220298409461975,0,0.26978111267089844,1,0.5988718867301941
04626,calibration,0,0.259823203086853,0,0.43347251415252686,1,0.7727470993995667,0,0.716582715511322,0,0.6630237102508545,1,0.6544313430786133,0,0.20182840526103973,0,0.2276858240365982,0,0.2239726483821869,0,0.3954363465309143
04630,calibration,0,0.8480362296104431,0,0.10224411636590958,0,0.8893997073173523,0,0.8487271070480347,0,0.6234875917434692,1,0.30592289566993713,0,0.07307849824428558,0,0.6789154410362244,0,0.05685209855437279,0,0.23798619210720062
04661,calibration,1,0.9696785807609558,1,0.09756831079721451,0,0.8986464142799377,0,0.7810086607933044,0,0.09184983372688293,0,0.10969465970993042,0,0.05474294722080231,0,0.610541820526123,0,0.042402513325214386,1,0.10012134164571762
04670,test,0,0.4703857898712158,0,0.7912786602973938,0,0.6495928764343262,0,0.7353400588035583,1,0.7130927443504333,0,0.6591929793357849,0,0.23426206409931183,0,0.4904557466506958,0,0.37472546100616455,0,0.2860368490219116
04673,test,0,0.02297494001686573,0,0.8773602247238159,0,0.017948416993021965,0,0.0027347994036972523,0,0.006166364531964064,0,0.010868673212826252,0,0.011682892218232155,1,0.0015477231936529279,0,0.7779585719108582,0,0.4702427089214325
04676,calibration,0,0.14478811621665955,0,0.7378134727478027,0,0.5153509378433228,1,0.5858541131019592,0,0.5256386995315552,0,0.267005056142807,0,0.11219540238380432,0,0.1360090672969818,0,0.34352627396583557,0,0.4342867434024811
04692,calibration,0,0.08709970861673355,0,0.8558617830276489,1,0.026004254817962646,1,0.008900491520762444,0,0.4558641016483307,0,0.02032633312046528,0,0.5692681670188904,0,0.02874668687582016,0,0.9253376722335815,0,0.201776385307312
04701,test,0,0.9506999850273132,0,0.13379114866256714,1,0.9905577898025513,1,0.9634848833084106,0,0.0956110879778862,0,0.25054416060447693,0,0.029046371579170227,0,0.6858096718788147,0,0.038915567100048065,0,0.15162110328674316
04749,calibration,0,0.36580657958984375,1,0.5202614068984985,1,0.6080896854400635,1,0.6724604964256287,0,0.492404043674469,0,0.6845815181732178,0,0.22960034012794495,0,0.2299271821975708,0,0.3108486235141754,0,0.621115505695343
04827,test,1,0.9564621448516846,0,0.05654284730553627,0,0.8034091591835022,0,0.8378235697746277,0,0.42039138078689575,0,0.0975465476512909,0,0.06967292726039886,0,0.04138391464948654,0,0.011196334846317768,0,0.047254811972379684
04830,calibration,1,0.7081423997879028,1,0.25978752970695496,0,0.38042670488357544,0,0.18065977096557617,0,0.14382801949977875,0,0.5222246646881104,0,0.4491673409938812,0,0.6306264400482178,0,0.1237695962190628,1,0.3940146565437317
04850,test,0,0.25126343965530396,0,0.3530450165271759,1,0.7700253129005432,1,0.7182950973510742,0,0.9330011010169983,0,0.38538625836372375,0,0.12079451233148575,0,0.1906864196062088,0,0.2603861391544342,0,0.43934908509254456
04857,calibration,1,0.3233761787414551,0,0.2654048204421997,0,0.7573462724685669,0,0.45258989930152893,1,0.9716953635215759,0,0.4278630316257477,0,0.16481001675128937,0,0.3353119492530823,0,0.2598119378089905,0,0.4401484429836273
04886,calibration,0,0.3172887861728668,0,0.31812116503715515,0,0.7461735606193542,0,0.6566634774208069,1,0.5906776189804077,0,0.3106672763824463,0,0.09257577359676361,0,0.22074609994888306,0,0.26102951169013977,0,0.680816650390625
04891,test,0,0.4341752529144287,0,0.2526860535144806,0,0.633825421333313,0,0.4313771724700928,0,0.26776978373527527,0,0.6676679849624634,0,0.2004576325416565,1,0.6453300714492798,0,0.2478025257587433,0,0.5954732298851013
04899,calibration,0,0.9599893689155579,0,0.17429646849632263,0,0.27760306000709534,0,0.19318091869354248,0,0.03941388055682182,1,0.9646598696708679,0,0.16349655389785767,0,0.6328088641166687,0,0.017013030126690865,0,0.0557623989880085
04920,calibration,0,0.6351759433746338,0,0.40579330921173096,0,0.5153993368148804,0,0.6676764488220215,0,0.5689114928245544,1,0.4692377746105194,0,0.3527882695198059,0,0.37271013855934143,0,0.23087196052074432,0,0.6221093535423279
04946,test,0,0.7003595232963562,0,0.19531257450580597,0,0.4643304646015167,0,0.3368494212627411,0,0.06933566182851791,0,0.35242360830307007,0,0.1999078243970871,1,0.7562270164489746,0,0.07293033599853516,0,0.593197226524353
04986,calibration,0,0.4718930125236511,0,0.4272352159023285,0,0.5035921931266785,0,0.4434487819671631,0,0.27416765689849854,0,0.6834487915039062,0,0.24200880527496338,0,0.35368186235427856,0,0.2971190810203552,1,0.7249627709388733
04990,test,0,0.3894440531730652,0,0.3825872540473938,0,0.7249155044555664,0,0.851536750793457,0,0.8197594881057739,0,0.32796356081962585,0,0.14620278775691986,1,0.3858961760997772,0,0.16188651323318481,0,0.47188371419906616
04991,test,0,0.19307056069374084,0,0.622797429561615,0,0.3861720860004425,0,0.3053496479988098,1,0.5121384859085083,1,0.40069103240966797,0,0.12691135704517365,0,0.1538981944322586,0,0.3590065538883209,0,0.6293759346008301
04993,calibration,0,0.22094866633415222,0,0.547488808631897,1,0.35117384791374207,1,0.4397575855255127,0,0.15137836337089539,0,0.9907920360565186,0,0.057799194008111954,0,0.07414955645799637,0,0.01913801208138466,0,0.06876163184642792
04995,test,0,0.4163042902946472,0,0.26296091079711914,0,0.4949681758880615,0,0.474229633808136,0,0.37622982263565063,0,0.49399709701538086,0,0.3115704655647278,0,0.3475872576236725,0,0.31535038352012634,1,0.7167125940322876
04996,calibration,0,0.3737946152687073,0,0.04694194719195366,0,0.938727617263794,1,0.9924801588058472,0,0.14842239022254944,0,0.0583035871386528,0,0.018278809264302254,0,0.17232076823711395,0,0.017835602164268494,0,0.24571074545383453
04999,calibration,0,0.49091142416000366,1,0.5441827178001404,0,0.6594207286834717,0,0.5732186436653137,0,0.7433460354804993,0,0.37336498498916626,0,0.3057263493537903,0,0.45860639214515686,1,0.5301114916801453,0,0.7004087567329407
05018,test,0,0.35557761788368225,0,0.29146796464920044,1,0.85727858543396,1,0.8982512950897217,0,0.8269292712211609,0,0.40900132060050964,0,0.10098154097795486,0,0.3361860513687134,0,0.10819003731012344,0,0.27917954325675964
05034,test,0,0.4648587107658386,0,0.3874311149120331,0,0.6276885271072388,0,0.5757316946983337,0,0.3393652141094208,0,0.44290658831596375,1,0.24282954633235931,0,0.3397904932498932,0,0.31798049807548523,1,0.6555036902427673
05043,test,0,0.9018576145172119,0,0.11640533804893494,0,0.7903520464897156,0,0.8559863567352295,0,0.5925162434577942,0,0.16868402063846588,1,0.18031872808933258,0,0.1423928141593933,0,0.075157031416893,0,0.18300381302833557
05052,test,0,0.6449687480926514,0,0.5427410006523132,0,0.9651675224304199,0,0.9151668548583984,0,0.47580793499946594,0,0.7123718857765198,0,0.07259080559015274,0,0.693761944770813,0,0.2904731333255768,1,0.1873778998851776
05059,test,0,0.14177817106246948,0,0.23642487823963165,0,0.39044082164764404,0,0.1370745599269867,0,0.047302547842264175,0,0.16035781800746918,0,0.046397220343351364,0,0.07883080840110779,0,0.4505861699581146,1,0.5919765830039978
05062,test,0,0.3621681034564972,0,0.714377760887146,1,0.8199082016944885,1,0.6911543607711792,0,0.8456535935401917,0,0.8975635170936584,0,0.07586634904146194,0,0.1981952041387558,0,0.15382172167301178,1,0.08916870504617691
05070,test,1,0.7651416063308716,1,0.11575586348772049,0,0.7137904763221741,0,0.46186214685440063,0,0.19880561530590057,0,0.36909711360931396,0,0.3093433678150177,0,0.8417765498161316,0,0.15072838962078094,1,0.3656816780567169
05072,calibration,0,0.19485725462436676,0,0.8777642846107483,0,0.6406573057174683,0,0.4898873269557953,0,0.4003559350967407,1,0.11073120683431625,0,0.025957893580198288,0,0.15501518547534943,0,0.11510875076055527,0,0.2231893390417099
05093,test,0,0.011103704571723938,1,0.8660438656806946,0,0.005512312985956669,0,0.0020209699869155884,0,0.11077237874269485,0,0.019762376323342323,0,0.005127677693963051,0,0.0020907639991492033,1,0.9596045017242432,0,0.09604653716087341
05145,test,0,0.5239320397377014,0,0.4406961500644684,0,0.172624409198761,0,0.12363944202661514,0,0.10941968113183975,0,0.1770574003458023,1,0.6125592589378357,0,0.1706053465604782,0,0.3209155201911926,0,0.4773789942264557
05259,calibration,0,0.16830255091190338,1,0.7730615735054016,0,0.12444239109754562,0,0.0861193835735321,0,0.07386233657598495,0,0.05918378755450249,0,0.6480384469032288,0,0.05469295755028725,1,0.3559209406375885,0,0.5297711491584778
05278,calibration,0,0.8978571891784668,0,0.04453339800238609,0,0.9360359311103821,0,0.491999089717865,0,0.1568535715341568,1,0.4555465877056122,0,0.04056816175580025,0,0.8847131729125977,0,0.037168554961681366,0,0.10702460259199142
05297,test,1,0.9845395684242249,0,0.08259425312280655,1,0.9960916638374329,0,0.9301454424858093,0,0.2648695707321167,0,0.06988663226366043,0,0.03963448479771614,0,0.7727290987968445,0,0.04695058614015579,1,0.08756455034017563
05306,test,0,0.1796889454126358,0,0.8691908717155457,0,0.15048861503601074,0,0.06147048622369766,0,0.10731685906648636,0,0.06820059567689896,0,0.19433166086673737,1,0.022461889311671257,0,0.8294780850410461,0,0.6147714257240295
05314,test,0,0.062250733375549316,0,0.03718171268701553,1,0.9946668148040771,1,0.3296184837818146,0,0.5469480752944946,0,0.1490301489830017,0,0.022212401032447815,0,0.02648990787565708,0,0.03963177651166916,0,0.07509484142065048
05334,test,0,0.08187630772590637,0,0.01703736186027527,0,0.18826009333133698,1,0.05473474785685539,0,0.9993543028831482,0,0.03907123953104019,0,0.039576780050992966,0,0.00782860815525055,0,0.0015329717425629497,0,0.0884605273604393
05343,test,1,0.3919297158718109,1,0.3536945581436157,0,0.7397645115852356,0,0.7649503946304321,0,0.893613874912262,0,0.40292853116989136,0,0.11423859745264053,0,0.2618093192577362,0,0.2265876829624176,1,0.4194723963737488
05366,calibration,0,0.7498061656951904,0,0.11251407861709595,0,0.9913267493247986,0,0.9580619931221008,1,0.17375123500823975,0,0.07001785933971405,0,0.011933539062738419,1,0.5149195790290833,0,0.0738128274679184,0,0.2854682207107544
05439,calibration,0,0.10611072182655334,0,0.0692380741238594,1,0.21946097910404205,0,0.25535619258880615,0,0.06630489230155945,0,0.05540008842945099,0,0.025685826316475868,0,0.027049845084547997,0,0.007510118652135134,0,0.9830448627471924
05444,calibration,0,0.08619622141122818,1,0.5760438442230225,0,0.5900895595550537,0,0.4336758852005005,0,0.5282950401306152,0,0.5945374965667725,0,0.026702823117375374,0,0.04377567023038864,0,0.09583794325590134,0,0.22752158343791962
05470,test,0,0.11360648274421692,1,0.8389429450035095,0,0.0366382822394371,0,0.036674048751592636,0,0.0771646648645401,0,0.038633912801742554,1,0.916951596736908,0,0.03951568901538849,0,0.8389236330986023,0,0.4598812758922577
05476,test,0,0.2781655490398407,0,0.18551863729953766,0,0.8661536574363708,0,0.8433799743652344,1,0.8644949793815613,0,0.40819093585014343,0,0.06859590113162994,0,0.2863646149635315,0,0.08802454173564911,0,0.23120160400867462
05513,calibration,0,0.7196148633956909,0,0.3388354182243347,0,0.6305432319641113,0,0.6925688982009888,0,0.6674328446388245,0,0.28020867705345154,1,0.2379012405872345,0,0.34595823287963867,0,0.10721570253372192,0,0.36565378308296204
05520,test,0,0.3129280209541321,0,0.3457656502723694,0,0.6967185735702515,0,0.620602548122406,0,0.8560146689414978,1,0.4367101490497589,0,0.21830137073993683,0,0.2968093752861023,0,0.3445318043231964,0,0.5954117774963379
05538,test,0,0.32989200949668884,0,0.2179463803768158,0,0.7130889892578125,0,0.7049062252044678,1,0.7355667948722839,0,0.27935636043548584,0,0.09459243714809418,0,0.3764441907405853,0,0.2986774444580078,0,0.5660600662231445
05546,test,0,0.9999881982803345,0,0.006920098792761564,1,0.9999570846557617,1,0.9990471005439758,0,4.457552859093994e-05,0,0.0003755422367248684,0,0.002031309064477682,0,0.47613340616226196,0,0.0053801159374415874,1,0.0010582887334749103
05594,calibration,1,0.2098216414451599,1,0.43225523829460144,0,0.8644479513168335,0,0.814428448677063,1,0.9093899726867676,0,0.6214876174926758,0,0.08986873179674149,0,0.19792440533638,0,0.13281872868537903,0,0.19354920089244843
05602,calibration,0,0.6796694993972778,0,0.13415680825710297,0,0.24560369551181793,0,0.07723250240087509,0,0.007378533948212862,0,0.009028658270835876,1,0.9624183773994446,0,0.042738161981105804,0,0.0065928129479289055,0,0.019884588196873665
05667,test,0,0.9641866683959961,0,0.016288841143250465,0,0.6321890950202942,0,0.6729973554611206,0,0.8791905045509338,0,0.08925487846136093,1,0.058997657150030136,0,0.03676266223192215,0,0.004557816311717033,0,0.017000539228320122
05698,calibration,1,0.9923413991928101,0,0.014189470559358597,0,0.6976020932197571,0,0.7435882687568665,0,0.18036982417106628,1,0.03558766096830368,0,0.036091357469558716,0,0.2026737481355667,0,0.0033092708326876163,0,0.021497907117009163
05709,test,0,0.0014466921566054225,1,0.9974955916404724,0,0.06535754352807999,0,0.023296959698200226,1,0.32405075430870056,0,0.003923188894987106,0,0.0032756421715021133,0,0.0019087028922513127,0,0.005022093653678894,0,0.005022231489419937
05729,test,0,0.22607746720314026,0,0.36403465270996094,0,0.8906593918800354,1,0.09665149450302124,0,0.32062286138534546,0,0.3668132424354553,0,0.10682536661624908,0,0.17072108387947083,0,0.23178820312023163,0,0.30575498938560486
05736,calibration,0,0.2051050066947937,0,0.46703842282295227,0,0.4378851652145386,0,0.39348918199539185,0,0.22273702919483185,1,0.6159679889678955,0,0.09952133893966675,0,0.4135957956314087,0,0.2851150929927826,1,0.56768399477005
05755,test,0,0.285305380821228,0,0.45153480768203735,0,0.35388216376304626,0,0.3701726496219635,0,0.3186497986316681,0,0.29723256826400757,0,0.12005386501550674,1,0.14290344715118408,0,0.2227262407541275,0,0.6975061297416687
05769,test,1,0.497905969619751,0,0.4157603085041046,1,0.6224244236946106,1,0.5426988005638123,0,0.5639287233352661,0,0.5361316204071045,0,0.3838074505329132,0,0.42573899030685425,0,0.3738638162612915,0,0.6960093379020691
05801,calibration,0,0.9490597248077393,0,0.11177697777748108,0,0.8253387212753296,0,0.3379698097705841,0,0.03036017343401909,0,0.18496744334697723,0,0.04832937940955162,0,0.9739892482757568,0,0.03493034467101097,1,0.3360699415206909
05821,test,0,0.8882018327713013,0,0.08656932413578033,1,0.936965823173523,1,0.9012759923934937,0,0.4041542708873749,0,0.11591313779354095,0,0.06985029578208923,0,0.5273438692092896,0,0.05012479051947594,1,0.22446948289871216
05833,calibration,0,0.0010204415302723646,0,0.7754694819450378,0,0.16043321788311005,0,0.05437152087688446,0,0.061640795320272446,1,0.951846182346344,0,0.0005970732308924198,0,0.005927651654928923,0,0.0076817721128463745,0,0.017789844423532486
05848,test,0,0.4157857894897461,0,0.5295661091804504,0,0.7491580843925476,0,0.6274327039718628,0,0.7481458187103271,1,0.6704577803611755,0,0.21061693131923676,0,0.3926753103733063,0,0.1610543131828308,0,0.2628489136695862
05862,calibration,0,0.04133053496479988,0,0.6238680481910706,0,0.6054362654685974,0,0.7079947590827942,0,0.36119675636291504,0,0.17969569563865662,0,0.030336963012814522,1,0.13733071088790894,0,0.07103618234395981,0,0.302062451839447
05872,test,0,0.3039371371269226,0,0.412232905626297,0,0.3095691204071045,0,0.23504230380058289,0,0.07940638810396194,0,0.12429158389568329,0,0.09021651744842529,0,0.05873652920126915,0,0.13973507285118103,1,0.9193108081817627
05874,calibration,0,0.4634670913219452,0,0.16331805288791656,0,0.1879328042268753,0,0.23867467045783997,0,0.04709836095571518,0,0.31864121556282043,0,0.254201203584671,0,0.8532818555831909,1,0.15167273581027985,0,0.7612527012825012
05885,calibration,0,0.1428028792142868,1,0.3565174639225006,0,0.9975493550300598,0,0.987179696559906,1,0.9954408407211304,0,0.17074450850486755,0,0.00023727485677227378,0,0.09610669314861298,0,0.0004827431694138795,0,0.00017724551435094327
05889,calibration,0,0.455032616853714,1,0.5043673515319824,0,0.45803356170654297,0,0.5123147368431091,0,0.4913986921310425,0,0.5432767271995544,1,0.41366511583328247,0,0.34893009066581726,0,0.4577188491821289,0,0.7196068167686462
05891,calibration,1,0.008274789899587631,1,0.8926352262496948,0,0.004054216668009758,0,0.00152967416215688,0,0.036790963262319565,0,0.004755353555083275,0,0.6304802894592285,0,0.01110246405005455,1,0.964974582195282,0,0.10481331497430801
05941,calibration,0,0.29282110929489136,0,0.3246089518070221,0,0.573853075504303,1,0.4930487275123596,0,0.5963380932807922,0,0.7248213887214661,0,0.38008344173431396,0,0.40420660376548767,0,0.27130815386772156,0,0.6115532517433167
05949,calibration,0,0.3897750973701477,0,0.4161047339439392,0,0.7093664407730103,1,0.6673819422721863,0,0.8169045448303223,0,0.4639895558357239,0,0.2724709212779999,0,0.3362986445426941,0,0.31821882724761963,0,0.6096059083938599
05950,calibration,0,0.033530473709106445,0,0.13224226236343384,0,0.747342586517334,0,0.23985806107521057,1,0.5456255078315735,0,0.9269230365753174,0,0.013137761503458023,0,0.06789245456457138,0,0.05291173979640007,0,0.10867585986852646
05982,calibration,0,0.123365119099617,0,0.5377955436706543,0,0.7630230784416199,1,0.8643440008163452,0,0.9895870685577393,0,0.24097290635108948,0,0.02195659838616848,0,0.20221765339374542,0,0.08572613447904587,0,0.08624695241451263
06021,calibration,0,0.7641165852546692,0,0.1851174384355545,0,0.8213747143745422,0,0.773999035358429,0,0.13547010719776154,0,0.1692439466714859,0,0.1097400113940239,0,0.6528568863868713,0,0.20652730762958527,1,0.6875125169754028
06058,test,0,0.5668203830718994,0,0.1694047749042511,0,0.2662276029586792,0,0.20841464400291443,0,0.03214225172996521,1,0.21294069290161133,0,0.18230241537094116,0,0.5986270308494568,0,0.14925134181976318,0,0.9087381362915039
06065,calibration,1,0.5418728590011597,0,0.38602733612060547,0,0.9424127340316772,0,0.9404236078262329,0,0.692422091960907,1,0.7232987284660339,0,0.02302839607000351,0,0.1994454562664032,0,0.012821660377085209,0,0.019938664510846138
06106,calibration,0,0.7359805703163147,0,0.239289328455925,1,0.4884587526321411,1,0.4324735403060913,0,0.18371184170246124,0,0.13129962980747223,0,0.21585974097251892,0,0.22620627284049988,0,0.23724322021007538,0,0.7091612815856934
06130,test,0,0.04251893237233162,0,0.021875634789466858,0,0.9787592887878418,0,0.9599541425704956,1,0.6260724067687988,0,0.2731829583644867,0,0.0002520208654459566,0,0.011293466202914715,0,0.0015119265299290419,0,0.0068937563337385654
06197,test,1,0.999860405921936,1,0.005883215926587582,1,0.9917954802513123,1,0.9787458181381226,0,0.004527677316218615,0,0.021494872868061066,0,0.0023433419410139322,0,0.630498468875885,0,0.0030435521621257067,0,0.006217446178197861
06211,test,0,0.4710811972618103,0,0.16114556789398193,0,0.3194943964481354,0,0.23931024968624115,0,0.29994437098503113,0,0.17385421693325043,1,0.8238658905029297,0,0.1367393136024475,0,0.08912147581577301,0,0.3037104904651642
06212,test,0,0.012512068264186382,1,0.9762572050094604,0,0.0019113998860120773,0,0.00032621147693134844,0,0.00335866236127913,0,0.0005966633907519281,0,0.08122207969427109,0,0.00017099404067266732,1,0.9940937161445618,0,0.5356069803237915
06252,test,0,0.007295919582247734,0,0.01741747185587883,0,0.35615938901901245,0,0.04289370775222778,0,0.0728876069188118,1,0.9990676045417786,0,0.001997542567551136,0,0.0042633372358977795,0,0.001794923678971827,0,0.020715797320008278
06254,test,0,0.2314535528421402,1,0.3360278904438019,0,0.6751461625099182,0,0.6543556451797485,0,0.5096703767776489,0,0.4800129234790802,0,0.11305521428585052,0,0.20566383004188538,0,0.2734563648700714,1,0.6850972175598145
06302,calibration,0,0.38199126720428467,0,0.38531994819641113,0,0.6742560267448425,0,0.7148419618606567,0,0.6288242936134338,0,0.8043287396430969,0,0.15431345999240875,1,0.3717147409915924,0,0.33793801069259644,0,0.47040310502052307
06325,calibration,0,0.3168307840824127,0,0.28351303935050964,0,0.14096523821353912,0,0.07427304238080978,0,0.1283302903175354,0,0.3543727397918701,0,0.1744266003370285,1,0.6605943441390991,0,0.020167483016848564,0,0.3865741789340973
06332,test,0,0.021766891703009605,0,0.06054053455591202,0,0.006467827595770359,0,0.0037935348227620125,0,0.02987322397530079,0,0.017086967825889587,0,0.007257715333253145,0,0.003232409246265888,0,0.47777777910232544,1,0.9218405485153198
06353,test,1,0.17776893079280853,0,0.19438442587852478,1,0.5896458029747009,1,0.753016471862793,0,0.4085599184036255,0,0.7208263278007507,0,0.13124729692935944,0,0.32188278436660767,0,0.11269307881593704,0,0.33144697546958923
06366,calibration,0,0.4135172665119171,0,0.3042726516723633,0,0.6622478365898132,0,0.7164204120635986,0,0.6960409283638,1,0.4437614977359772,0,0.22784729301929474,0,0.3700730800628662,0,0.2879396080970764,0,0.5928763151168823
06389,calibration,0,0.28863784670829773,0,0.3502439558506012,1,0.7507963180541992,0,0.6305346488952637,0,0.7547082901000977,1,0.551918089389801,0,0.15944412350654602,0,0.2047336995601654,0,0.2707960605621338,0,0.5809292793273926
06417,test,0,0.7314882278442383,0,0.36549144983291626,0,0.6416560411453247,0,0.4357851445674896,0,0.6104376912117004,0,0.39008331298828125,1,0.31332942843437195,0,0.3960171639919281,0,0.034058235585689545,0,0.05794677510857582
06445,test,0,0.030421653762459755,0,0.03703725337982178,0,0.9947746396064758,0,0.4001700282096863,1,0.9138123989105225,0,0.1145864948630333,0,0.008423023857176304,0,0.032615311443805695,0,0.020569786429405212,0,0.017608776688575745
06450,test,0,0.5929110646247864,0,0.3044096827507019,0,0.7858830690383911,0,0.3740595281124115,0,0.9422464370727539,0,0.5053994059562683,1,0.17589710652828217,0,0.25495821237564087,0,0.28960058093070984,0,0.052744392305612564
06506,calibration,0,0.32873857021331787,0,0.2519065737724304,0,0.5812586545944214,0,0.27244532108306885,0,0.11601005494594574,0,0.2754204273223877,0,0.09581226110458374,1,0.7251561284065247,0,0.18677110970020294,0,0.4971165955066681
06545,test,0,0.4614637494087219,0,0.23804862797260284,0,0.7513435482978821,0,0.7083127498626709,0,0.5750268697738647,0,0.5248695015907288,1,0.18461376428604126,1,0.13444961607456207,0,0.14219047129154205,0,0.47219541668891907
06552,test,0,0.42245355248451233,1,0.5728403925895691,0,0.1758599579334259,0,0.13318805396556854,0,0.5485112071037292,0,0.16428320109844208,0,0.6746705174446106,0,0.1910524219274521,1,0.6134108304977417,0,0.39008471369743347
06557,test,0,0.07306696474552155,0,0.8881941437721252,0,0.10019003599882126,0,0.05483861640095711,0,0.16916438937187195,0,0.10130723565816879,0,0.03962654247879982,1,0.02068455144762993,0,0.8563352823257446,0,0.32317373156547546
06595,test,1,0.29745396971702576,0,0.5523204207420349,0,0.3289119303226471,0,0.3663676083087921,0,0.2989629805088043,0,0.37660303711891174,0,0.3275190591812134,1,0.2949109971523285,0,0.5852552652359009,0,0.7303929328918457
06628,calibration,1,0.7119887471199036,0,0.23505286872386932,0,0.7011146545410156,0,0.6668394207954407,1,0.20907235145568848,0,0.4032500386238098,0,0.1737394779920578,0,0.40215492248535156,0,0.17143960297107697,0,0.5631641149520874
06704,test,1,0.26079249382019043,0,0.7660083770751953,0,0.5287249684333801,0,0.4163256585597992,0,0.24233709275722504,1,0.5069842338562012,0,0.14532585442066193,0,0.1583097279071808,0,0.22452515363693237,0,0.7568539977073669
06708,test,0,0.10366702824831009,1,0.5503511428833008,0,0.720805287361145,0,0.3172212541103363,1,0.7267577648162842,0,0.33173486590385437,0,0.07639949023723602,0,0.18139830231666565,0,0.3133397698402405,0,0.3091176152229309
06762,test,0,0.5280529260635376,0,0.5603846907615662,0,0.5445815324783325,0,0.45444393157958984,0,0.3307875096797943,0,0.522889256477356,0,0.23383575677871704,0,0.42829421162605286,0,0.25863397121429443,1,0.6934653520584106
06767,test,1,0.45837172865867615,0,0.4464736580848694,0,0.6210260987281799,0,0.49405980110168457,0,0.4201076030731201,1,0.5787560939788818,0,0.42264410853385925,0,0.5155778527259827,0,0.25478124618530273,0,0.5591188073158264
06827,test,0,0.4208223819732666,0,0.06628681719303131,0,0.01432745810598135,0,0.013668280094861984,0,0.009515867568552494,0,0.008955086581408978,1,0.9921042919158936,0,0.38678696751594543,0,0.13537494838237762,0,0.09691042453050613
06891,calibration,0,0.3638128340244293,0,0.48936209082603455,0,0.5090562701225281,0,0.5358282923698425,0,0.42626988887786865,0,0.4915750324726105,0,0.3466110825538635,1,0.3799610137939453,0,0.4149034321308136,0,0.7599729299545288
06915,test,0,0.14542444050312042,0,0.35516786575317383,0,0.8455865979194641,0,0.5254125595092773,0,0.6008811593055725,1,0.847341001033783,0,0.06908658146858215,0,0.1178952232003212,0,0.1737368106842041,0,0.28363820910453796
06965,test,0,0.24112644791603088,0,0.3095349371433258,0,0.7721841931343079,0,0.8594199419021606,1,0.5377036333084106,0,0.32863977551460266,0,0.16021625697612762,0,0.19560939073562622,0,0.1692497879266739,0,0.38043442368507385
07024,calibration,0,0.6327493786811829,0,0.16571487486362457,0,0.6960940957069397,0,0.8677600622177124,1,0.7916444540023804,0,0.19674751162528992,0,0.1166863813996315,0,0.3107689619064331,0,0.035724181681871414,0,0.19984596967697144
07036,test,0,0.42176398634910583,0,0.46963557600975037,0,0.6392978429794312,0,0.5764185190200806,0,0.33303144574165344,0,0.3054907023906708,0,0.28365615010261536,0,0.14779601991176605,0,0.3830469250679016,1,0.7050848603248596
07081,calibration,0,0.4818930923938751,1,0.4943305253982544,0,0.5849162340164185,0,0.7125791311264038,0,0.6386644244194031,1,0.47776731848716736,0,0.3348541557788849,0,0.3094593584537506,0,0.26497355103492737,0,0.646969199180603
07160,calibration,0,0.4236171245574951,0,0.8393949866294861,0,0.5584170818328857,0,0.5301810503005981,0,0.6247071623802185,1,0.6933684349060059,0,0.22691039741039276,0,0.23367780447006226,0,0.44801175594329834,0,0.40009453892707825
07165,calibration,1,0.5149052739143372,0,0.4361938536167145,0,0.5738792419433594,0,0.5262771248817444,0,0.1801125556230545,0,0.496581494808197,0,0.42406773567199707,1,0.3509749174118042,0,0.35411137342453003,0,0.7726242542266846
07177,test,0,0.8912909030914307,0,0.06628864258527756,0,0.0012528288643807173,0,0.0023668252397328615,0,0.002258376916870475,0,0.0008117507095448673,1,0.30961745977401733,0,0.007890800945460796,0,0.9834466576576233,0,0.7238807678222656
07189,test,0,0.3885902762413025,1,0.8228405117988586,0,0.3618539273738861,0,0.32549792528152466,0,0.446033775806427,0,0.4012982249259949,0,0.46421992778778076,0,0.2305511236190796,0,0.748278021812439,1,0.49519380927085876
07199,calibration,0,0.11563511937856674,1,0.16041631996631622,0,0.9987847208976746,0,0.9819355010986328,1,0.5190687775611877,0,0.030079908668994904,0,0.0011060696560889482,0,0.04973822087049484,0,0.006214916240423918,0,0.0056183529086411
07226,test,0,0.4598004221916199,0,0.22152234613895416,0,0.5313966274261475,0,0.5440574884414673,0,0.6518033742904663,0,0.513054370880127,0,0.2809654772281647,0,0.42908164858818054,0,0.1168012022972107,1,0.6376807689666748
07255,test,1,0.136076882481575,1,0.701472282409668,0,0.18215717375278473,0,0.07082514464855194,0,0.11981986463069916,0,0.13457874953746796,0,0.8871874809265137,0,0.12082565575838089,0,0.12320753931999207,1,0.5402612686157227
07260,calibration,0,0.0020687810610979795,1,0.9744865298271179,0,0.003915113862603903,0,0.0013314936077222228,0,0.4517381191253662,0,0.0012619530316442251,0,0.015276722609996796,0,0.0001466034009354189,1,0.0729379877448082,0,0.09649009257555008
07306,calibration,1,0.425098180770874,0,0.47284388542175293,0,0.5370001792907715,0,0.42092278599739075,0,0.3382502794265747,0,0.6019141674041748,0,0.2985402047634125,1,0.3614843487739563,0,0.41322362422943115,0,0.8145204186439514
07325,calibration,1,0.5248724222183228,0,0.4470994174480438,0,0.5039771795272827,0,0.5584385991096497,0,0.2553068995475769,0,0.4841020703315735,0,0.3268933892250061,1,0.5776374936103821,0,0.2863905727863312,0,0.7810320854187012
07473,calibration,0,0.2208319753408432,0,0.42991364002227783,0,0.7022462487220764,0,0.4725440740585327,0,0.8718754053115845,1,0.3034955859184265,0,0.11535583436489105,0,0.1327727735042572,0,0.35655373334884644,0,0.6882909536361694
07492,calibration,0,0.20824015140533447,0,0.5784242153167725,0,0.7546705007553101,0,0.7747317552566528,0,0.5036629438400269,1,0.7789405584335327,0,0.1982307732105255,0,0.2915588319301605,0,0.21586370468139648,0,0.21666622161865234
07500,test,0,0.7963937520980835,0,0.23672200739383698,0,0.2776530981063843,0,0.16986916959285736,0,0.04700333997607231,0,0.40591466426849365,1,0.23931150138378143,0,0.6928593516349792,0,0.09954291582107544,0,0.6410640478134155
07518,test,1,0.06608214229345322,0,0.7721049189567566,0,0.0005149723147042096,0,0.0005563746090047061,0,0.0007871726411394775,0,0.0002500243717804551,0,0.6129999160766602,0,0.0020700041204690933,1,0.9998294115066528,1,0.14365066587924957
07584,test,1,0.22126272320747375,0,0.8351001739501953,0,0.3752380907535553,0,0.29226595163345337,1,0.4067057967185974,0,0.383253276348114,0,0.35476329922676086,0,0.13065257668495178,0,0.6384588479995728,0,0.7155691981315613
07595,test,0,0.3910761773586273,0,0.3498484790325165,0,0.5647538304328918,0,0.597128689289093,1,0.35922130942344666,0,0.6363888382911682,0,0.21610358357429504,0,0.3000684380531311,0,0.21885602176189423,0,0.5750425457954407
07598,test,0,0.9732084274291992,0,0.12140359729528427,0,0.9986969828605652,0,0.9914665222167969,0,0.036998264491558075,0,0.12747113406658173,0,0.017275605350732803,0,0.898459792137146,0,0.02860514260828495,1,0.12264236062765121
07660,test,0,0.7751549482345581,1,0.13185791671276093,0,0.21270045638084412,0,0.06296683102846146,0,0.030473612248897552,0,0.014530007727444172,1,0.9280203580856323,0,0.025288483127951622,0,0.009901437908411026,0,0.008143055252730846
07686,test,0,0.13888096809387207,1,0.5396369695663452,0,0.1254601925611496,0,0.07390283048152924,0,0.10539022833108902,0,0.1806691437959671,1,0.19723965227603912,0,0.07794170081615448,0,0.7940441370010376,1,0.7277304530143738
07688,test,0,0.09057208150625229,0,0.2058963179588318,1,0.8216081857681274,1,0.8451367616653442,0,0.7635894417762756,1,0.7945308089256287,0,0.03076401725411415,0,0.08924977481365204,0,0.043360091745853424,0,0.08055712282657623
07692,calibration,0,0.7434443235397339,0,0.16555602848529816,0,0.9629587531089783,0,0.9567356109619141,0,0.1561059057712555,0,0.05419692024588585,1,0.031962595880031586,0,0.13764669001102448,0,0.05347485840320587,0,0.34667664766311646
07703,test,1,0.328640341758728,0,0.4711131751537323,0,0.12940971553325653,0,0.11470317095518112,0,0.07954581826925278,0,0.1439732313156128,0,0.3566953241825104,1,0.23198635876178741,0,0.719132661819458,0,0.7697438597679138
07728,test,0,0.671600878238678,0,0.319871187210083,0,0.35962995886802673,0,0.3460489809513092,0,0.3492838442325592,0,0.4452965259552002,1,0.5767424702644348,0,0.1916441172361374,0,0.18631042540073395,0,0.6295479536056519
07743,calibration,0,0.3900691568851471,0,0.3583943247795105,0,0.6202540993690491,0,0.7622721791267395,1,0.48863932490348816,0,0.5164744257926941,0,0.2253415584564209,0,0.29549646377563477,0,0.22525766491889954,0,0.6114470362663269
07753,test,0,0.29096800088882446,0,0.32420244812965393,0,0.33909010887145996,0,0.38212987780570984,0,0.22640936076641083,0,0.675557553768158,1,0.3036670982837677,0,0.3600917160511017,0,0.10225243121385574,0,0.5796738862991333
07763,calibration,0,0.33403879404067993,0,0.43288347125053406,0,0.6486590504646301,0,0.6694995760917664,0,0.6462811827659607,0,0.5429906249046326,0,0.21024885773658752,1,0.334466814994812,0,0.4113420844078064,0,0.7218427062034607
07816,test,0,0.330504834651947,0,0.22281348705291748,0,0.5519614219665527,0,0.4521771967411041,0,0.4285602867603302,0,0.8204089999198914,0,0.12333627045154572,0,0.2564898431301117,0,0.127823144197464,1,0.43830054998397827
07826,calibration,0,0.14165697991847992,0,0.7830412983894348,0,0.1743394285440445,0,0.09670550376176834,0,0.1454308032989502,0,0.08513959497213364,1,0.7474786639213562,0,0.05457412451505661,0,0.30460891127586365,0,0.4215622544288635
07876,test,0,0.025517337024211884,0,0.8122725486755371,1,0.17177042365074158,1,0.07002367824316025,0,0.07844008505344391,0,0.11874488741159439,0,0.01831907033920288,0,0.0240329522639513,0,0.655994176864624,1,0.2949312925338745
07939,test,0,0.07037313282489777,0,0.25380274653434753,0,0.8009272217750549,0,0.41229531168937683,0,0.9477971792221069,1,0.8771764039993286,0,0.013077707029879093,0,0.03470316156744957,0,0.05986069142818451,0,0.11234541982412338
07987,calibration,0,0.04868657514452934,1,0.6414961814880371,0,0.1248382031917572,0,0.02614196389913559,1,0.9633049964904785,0,0.006908373907208443,0,0.23254066705703735,0,0.006409081630408764,0,0.054101381450891495,0,0.042251769453287125
07997,calibration,0,0.30812129378318787,0,0.6178900003433228,0,0.8772431015968323,0,0.7643535137176514,0,0.7762084603309631,0,0.4981052875518799,0,0.167873814702034,0,0.17005406320095062,0,0.3004373013973236,1,0.3377435803413391
08013,test,0,0.1550544798374176,0,0.6830189824104309,0,0.4006941020488739,1,0.46552324295043945,0,0.8205077052116394,0,0.33085373044013977,0,0.11217663437128067,1,0.3376954197883606,0,0.6547558903694153,0,0.3832974135875702
08048,test,0,0.43063172698020935,1,0.5519790053367615,0,0.5375509262084961,0,0.5363258123397827,0,0.3578141927719116,0,0.4368862807750702,0,0.3285697102546692,0,0.28712406754493713,0,0.46898284554481506,0,0.7511874437332153
08129,test,0,0.23424330353736877,0,0.7735579013824463,0,0.24527594447135925,0,0.15325960516929626,0,0.04744410142302513,0,0.06577552855014801,0,0.85018390417099,1,0.12060568481683731,0,0.11435376852750778,0,0.4729674756526947
08135,test,0,0.43330276012420654,0,0.3853466510772705,0,0.6727588772773743,0,0.8150930404663086,0,0.7427068948745728,1,0.4324139654636383,0,0.2263530045747757,0,0.44895291328430176,0,0.30517804622650146,0,0.6771771311759949
08139,calibration,0,0.026261785998940468,0,0.9738143086433411,0,0.14267133176326752,0,0.05871405079960823,1,0.8056111335754395,0,0.06482917815446854,0,0.08986818790435791,0,0.007455779239535332,0,0.19639764726161957,0,0.044196560978889465
08152,calibration,0,0.4427800476551056,0,0.23652540147304535,1,0.8457939624786377,0,0.9102623462677002,0,0.6278186440467834,1,0.4216070771217346,0,0.11329431086778641,0,0.22145457565784454,0,0.08275929093360901,0,0.4473526179790497
08157,test,0,0.13956941664218903,1,0.584650456905365,0,0.07753048092126846,0,0.04549816623330116,0,0.07187483459711075,0,0.03617499768733978,1,0.9576683640480042,0,0.08124881237745285,0,0.35081857442855835,0,0.7426172494888306
08231,test,0,0.17898976802825928,0,0.4248559772968292,0,0.8090600371360779,0,0.7057747840881348,1,0.9839494824409485,0,0.42922189831733704,0,0.06210979074239731,0,0.15341879427433014,0,0.2417231649160385,0,0.2176019698381424
08241,calibration,1,0.44105032086372375,1,0.45163825154304504,1,0.7200688719749451,1,0.831833004951477,0,0.8544881939888,1,0.45443812012672424,0,0.15334710478782654,0,0.33884283900260925,0,0.25366896390914917,0,0.638566255569458
08251,test,0,0.4094066619873047,0,0.44124168157577515,0,0.6761430501937866,0,0.41332265734672546,0,0.1462162286043167,0,0.3327961266040802,0,0.19238270819187164,0,0.3083568811416626,0,0.32550927996635437,1,0.74885493516922
08259,calibration,0,0.5157322883605957,0,0.1316266506910324,1,0.9903145432472229,1,0.9960806965827942,0,0.020844776183366776,1,0.018932553008198738,0,0.019036931917071342,0,0.33336278796195984,0,0.023827852681279182,1,0.3376340866088867
08272,test,0,0.26333799958229065,0,0.45433688163757324,0,0.621627926826477,0,0.5268645286560059,0,0.7549571990966797,0,0.5248947143554688,0,0.19985894858837128,0,0.2487684041261673,0,0.48339787125587463,1,0.6516547203063965
08283,calibration,0,0.9950789213180542,0,8.685863690516271e-07,0,1.0,0,0.9999953508377075,1,0.00044197426177561283,0,8.958249964052811e-05,0,3.16495925289928e-06,0,0.011310734786093235,0,0.00012617066386155784,0,6.469240815931698e-06
08323,calibration,0,0.0020992103964090347,0,0.9854215383529663,0,0.053657881915569305,0,0.012905891053378582,1,0.9269605278968811,0,0.012920266017317772,0,0.012013048864901066,0,0.0036708973348140717,0,0.10592643171548843,0,0.0029659236315637827
08401,test,1,0.9986459612846375,0,0.04172610491514206,0,0.4441251754760742,0,0.44968971610069275,1,0.46484002470970154,0,0.02895103022456169,0,0.012513971887528896,0,0.0076896632090210915,0,0.0012558671878650784,0,0.0025452987756580114
08487,test,0,0.9870373010635376,0,0.005593764130026102,1,0.9995645880699158,0,0.999362051486969,1,0.033143896609544754,0,0.012832988984882832,0,0.0028397429268807173,0,0.46651536226272583,0,0.019877759739756584,1,0.03403877839446068
08635,calibration,0,4.826461719176223e-08,0,0.9999797344207764,0,3.803412982961163e-05,0,1.685181268840097e-05,0,2.6393836378701963e-05,0,1.920438080560416e-06,0,6.1613313846464735e-06,0,5.112391843198338e-09,0,2.5033607016666792e-05,1,0.0457712858915329
08672,calibration,0,0.15655851364135742,1,0.8850864768028259,0,0.2956331670284271,0,0.20918771624565125,0,0.10346926748752594,0,0.14269417524337769,1,0.747518002986908,0,0.10416944324970245,0,0.14754235744476318,0,0.6440224647521973
08746,test,0,0.1711050420999527,0,0.49117666482925415,1,0.6743220686912537,0,0.46112388372421265,0,0.7893564105033875,1,0.41689833998680115,0,0.07423623651266098,0,0.12353041023015976,0,0.4122995436191559,1,0.6552506685256958
08749,test,0,0.285825252532959,0,0.2187449187040329,0,0.07141473889350891,0,0.06696145981550217,0,0.048556141555309296,0,0.06479085981845856,1,0.93788743019104,0,0.286730021238327,0,0.15807786583900452,0,0.8827098608016968
08787,test,0,0.2140318751335144,0,0.29302579164505005,0,0.5862297415733337,0,0.2919459939002991,1,0.30791518092155457,0,0.972744345664978,0,0.07663445919752121,0,0.11214718967676163,0,0.09742605686187744,0,0.3313930630683899
08792,test,0,0.035037510097026825,1,0.8414472341537476,0,0.008437065407633781,0,0.0058097573928534985,0,0.026090821251273155,0,0.006200037896633148,1,0.436701238155365,0,0.009484278969466686,0,0.9980642199516296,0,0.08396013081073761
08799,test,1,0.9185529947280884,0,0.4908834993839264,0,0.38978493213653564,0,0.2826661467552185,0,0.28649577498435974,0,0.13843949139118195,0,0.5880130529403687,0,0.1720646768808365,0,0.18085774779319763,1,0.2725474536418915
08877,test,0,0.35539311170578003,0,0.6794294118881226,0,0.40639594197273254,0,0.3739919364452362,0,0.2543438971042633,0,0.40005314350128174,0,0.23378302156925201,0,0.2501925826072693,0,0.6247326731681824,1,0.6540802121162415
08888,test,0,0.27117207646369934,1,0.06846974790096283,0,0.4125797748565674,0,0.3771153390407562,0,0.1432466208934784,0,0.9635414481163025,0,0.1131884902715683,0,0.21513165533542633,1,0.0727619156241417,0,0.5394692420959473
08889,test,0,0.46478939056396484,0,0.7068625688552856,0,0.1582135111093521,0,0.10258852690458298,0,0.10402273386716843,0,0.14868630468845367,0,0.711747407913208,0,0.05181746184825897,0,0.5703327655792236,1,0.7889080047607422
08911,test,0,0.34570083022117615,0,0.504910409450531,0,0.5893276929855347,1,0.4825877845287323,0,0.31960752606391907,0,0.3711208701133728,0,0.24332833290100098,0,0.19151362776756287,0,0.3496446907520294,1,0.733535647392273
08985,test,0,0.7230095267295837,1,0.8495102524757385,0,0.10410093516111374,0,0.09498386830091476,0,0.12562820315361023,0,0.16426575183868408,1,0.6725266575813293,0,0.05876690521836281,0,0.7460752129554749,0,0.851499617099762
08994,test,0,0.9916784763336182,1,0.13330906629562378,0,0.015376606956124306,0,0.008783649653196335,0,0.0012430660426616669,0,0.12241428345441818,0,0.0006717283395119011,0,0.02284485101699829,0,0.001267850399017334,1,0.8950130343437195
08996,test,0,0.5640007853507996,1,0.7637064456939697,0,0.24458648264408112,0,0.13601204752922058,0,0.17044052481651306,0,0.2332642823457718,0,0.261707603931427,0,0.05482262000441551,0,0.7155434489250183,1,0.7292230129241943
09015,test,0,0.49179741740226746,0,0.5713907480239868,0,0.4984302520751953,0,0.5476474165916443,0,0.6025559306144714,0,0.5461356043815613,1,0.3815383017063141,0,0.37212708592414856,0,0.4592192769050598,0,0.7792955636978149
09026,calibration,0,0.580488383769989,0,0.18198254704475403,0,0.29301732778549194,0,0.39310944080352783,0,0.23141241073608398,0,0.49207204580307007,0,0.42042142152786255,0,0.20430724322795868,0,0.28462153673171997,1,0.6757969260215759
09030,test,0,0.6855566501617432,0,0.22716157138347626,0,0.4567352533340454,0,0.5281999111175537,0,0.41949698328971863,0,0.5274157524108887,1,0.4773915708065033,0,0.38079097867012024,0,0.20932438969612122,0,0.7149866223335266
09070,test,0,0.09891264140605927,0,0.3515506386756897,0,0.276914119720459,0,0.20154540240764618,0,0.02620435319840908,0,0.055930741131305695,0,0.03331972286105156,0,0.013936215080320835,0,0.027374906465411186,1,0.9509630799293518
09100,test,0,0.18853427469730377,1,0.30100077390670776,0,0.4773391783237457,0,0.27163165807724,0,0.45737364888191223,0,0.8713892102241516,0,0.07128163427114487,0,0.08895796537399292,1,0.1686112880706787,0,0.5425201058387756
09101,test,0,0.3474717140197754,0,0.3754574656486511,0,0.49552610516548157,0,0.37864503264427185,1,0.37334200739860535,0,0.7873141765594482,0,0.22382178902626038,0,0.2475505769252777,0,0.33358269929885864,0,0.5502766966819763
09136,test,0,0.037292685359716415,0,0.3755580186843872,0,0.8719149231910706,1,0.489088773727417,0,0.12905944883823395,1,0.11651362478733063,0,0.17406822741031647,0,0.021239906549453735,0,0.11936291307210922,0,0.10051579028367996
09265,test,0,0.277555376291275,0,0.28516823053359985,0,0.9872204065322876,0,0.1366160809993744,0,0.9035378694534302,0,0.4935916066169739,1,0.09390231221914291,0,0.18760953843593597,0,0.10730971395969391,0,0.15370754897594452
09293,calibration,0,0.6464773416519165,0,0.39639148116111755,0,0.07363311201334,0,0.07142172753810883,0,0.04325520619750023,0,0.06973840296268463,0,0.920383870601654,0,0.16217075288295746,1,0.7278785109519958,0,0.8416032195091248
09306,test,0,0.580566942691803,1,0.6402086615562439,0,0.44590407609939575,0,0.4383525848388672,0,0.4056662321090698,0,0.34484344720840454,0,0.3331160247325897,0,0.1976792812347412,0,0.6557096838951111,1,0.845243513584137
09317,test,0,0.17648349702358246,0,0.7152064442634583,0,0.39286333322525024,0,0.3670634925365448,0,0.614704430103302,0,0.41283664107322693,0,0.13664057850837708,1,0.13782760500907898,0,0.42483243346214294,0,0.5886220932006836
09383,test,0,0.1532653421163559,0,0.5407018065452576,0,0.8323430418968201,0,0.8266456127166748,1,0.9215437173843384,0,0.349235475063324,0,0.023878781124949455,0,0.17096728086471558,0,0.2671392560005188,0,0.1546175181865692
09416,test,0,0.40017762780189514,0,0.2980666756629944,0,0.7395167946815491,0,0.4712752401828766,0,0.8718411326408386,0,0.18294835090637207,1,0.10414651036262512,0,0.3487076163291931,0,0.17884595692157745,0,0.32169151306152344
09494,test,1,0.7129372358322144,1,0.23262669146060944,0,0.24642698466777802,0,0.14647676050662994,0,0.069377101957798,0,0.2876494526863098,0,0.7143738865852356,0,0.5793658494949341,0,0.18877370655536652,1,0.4294726848602295
09507,test,0,0.9871800541877747,0,0.11490631848573685,0,0.024984117597341537,0,0.03655845671892166,0,0.00592842698097229,0,0.04645663499832153,1,0.15876342356204987,0,0.3700271248817444,0,0.5878821611404419,0,0.8617148399353027
09519,calibration,0,0.46543511748313904,0,0.11845498532056808,0,0.42836952209472656,0,0.2590409517288208,0,0.1067669689655304,0,0.36780861020088196,1,0.2260163575410843,0,0.656817615032196,0,0.1395653784275055,0,0.6715074777603149
09543,test,0,0.009326753206551075,1,0.876653790473938,0,0.07850727438926697,0,0.04667748883366585,1,0.11382588744163513,0,0.3803292214870453,0,0.01992526277899742,0,0.18779194355010986,0,0.9326332211494446,0,0.08346818387508392
09545,test,0,0.3193542957305908,1,0.8151208162307739,0,0.2107754647731781,0,0.09902417659759521,0,0.1840807944536209,0,0.1507710963487625,0,0.4626714289188385,0,0.051674745976924896,0,0.45242416858673096,1,0.7860351800918579
09575,calibration,0,0.016151947900652885,0,0.09949419647455215,0,0.12417565286159515,0,0.02407730557024479,1,0.23678871989250183,0,0.9945418238639832,0,0.00169936113525182,0,0.01542122196406126,0,0.0427270345389843,0,0.02415739744901657
09713,test,0,0.2215730994939804,1,0.251421183347702,1,0.9924985766410828,1,0.9969660639762878,0,0.9931409955024719,0,0.008066728711128235,0,0.0017867949791252613,0,0.11385078728199005,0,0.0010882781352847815,1,0.003973667975515127
09834,calibration,1,0.9995378255844116,0,0.15768550336360931,0,0.9821949601173401,0,0.960999071598053,1,0.010044409893453121,0,0.013280547223985195,0,0.0052208686247467995,0,0.211081400513649,0,0.005453877151012421,0,0.010648752562701702
09887,calibration,0,0.5280641317367554,0,0.37629008293151855,0,0.8078631162643433,0,0.9136337041854858,1,0.6828175187110901,0,0.34500932693481445,0,0.09225861728191376,0,0.41285640001296997,0,0.182986781001091,1,0.3980318009853363
09915,calibration,1,0.47381696105003357,1,0.3585198223590851,0,0.29107773303985596,0,0.21228744089603424,1,0.2711740732192993,0,0.2803429663181305,0,0.8345641493797302,0,0.06633700430393219,0,0.018390940502285957,0,0.0532393641769886
09933,calibration,0,0.1561836302280426,0,0.6568697690963745,0,0.5193629264831543,0,0.562035322189331,0,0.664998471736908,0,0.26127520203590393,0,0.24277622997760773,1,0.2744911313056946,0,0.5275446772575378,0,0.3768893778324127
09935,calibration,0,0.8016589879989624,0,0.3258811831474304,0,0.39408034086227417,0,0.5269272327423096,1,0.2711959481239319,0,0.2716902494430542,0,0.2960401177406311,0,0.1673724353313446,0,0.20758743584156036,0,0.6627321243286133
10012,test,0,0.3673360049724579,1,0.7249050140380859,0,0.0180384311825037,0,0.015516367740929127,0,0.005731028970330954,0,0.0032467658165842295,0,0.10966496169567108,0,0.005299835931509733,0,0.9914251565933228,1,0.8326943516731262
10045,calibration,0,0.634253740310669,0,0.2715815305709839,0,0.656834065914154,0,0.6634794473648071,0,0.2390149086713791,0,0.29120078682899475,0,0.15449948608875275,0,0.4849046468734741,0,0.15529699623584747,1,0.5542052388191223
10051,test,0,0.8735019564628601,1,0.4051412045955658,0,0.021951185539364815,0,0.005129373632371426,0,0.003956955391913652,1,0.24591472744941711,1,0.7975555658340454,0,0.016948305070400238,0,0.14362728595733643,0,0.5635868310928345
10070,test,0,0.45473363995552063,0,0.5489010214805603,1,0.6934697031974792,1,0.7049914002418518,0,0.6903508305549622,0,0.6187979578971863,0,0.31217315793037415,1,0.38429951667785645,0,0.513359785079956,0,0.7158114910125732
10173,test,0,0.08174189180135727,0,0.7166560888290405,0,0.32951658964157104,0,0.06090061739087105,0,0.5204007029533386,0,0.023890197277069092,0,0.034368909895420074,0,0.019161466509103775,0,0.44507914781570435,1,0.05880678445100784
10310,test,0,0.44042330980300903,0,0.4474622905254364,0,0.5116216540336609,0,0.6061268448829651,1,0.6374015808105469,0,0.49072757363319397,0,0.3314637243747711,0,0.2978801727294922,0,0.3229917585849762,0,0.6884526610374451
10343,test,1,0.0036189488600939512,0,0.9778203964233398,0,0.015588718466460705,0,0.003331991145387292,0,0.005546865053474903,0,0.003222102764993906,0,0.9979926347732544,1,0.009288535453379154,0,0.03358474001288414,0,0.060454148799180984
10347,test,1,0.5845122337341309,0,0.4423118531703949,0,0.2160954624414444,0,0.29759788513183594,0,0.14322711527347565,0,0.1441352665424347,0,0.8323678970336914,0,0.4283614754676819,1,0.43397435545921326,0,0.8104972839355469
10353,calibration,0,0.07034341245889664,0,0.1271149218082428,0,0.8837503790855408,0,0.9864717125892639,1,0.9739453792572021,0,0.04097164422273636,0,0.016353584825992584,0,0.1515577882528305,0,0.022223645821213722,0,0.0925910621881485
10450,test,0,0.2735920548439026,0,0.40405187010765076,0,0.6327543258666992,0,0.5485686659812927,0,0.5511512756347656,0,0.7358960509300232,0,0.13014018535614014,1,0.32392561435699463,0,0.3473967909812927,0,0.599733293056488
10517,calibration,0,0.3275052309036255,0,0.4954814612865448,0,0.7442651391029358,0,0.7483653426170349,1,0.8640049695968628,0,0.5260461568832397,0,0.19651615619659424,0,0.2810424864292145,0,0.39650869369506836,0,0.6237503886222839
10529,calibration,0,0.03628973290324211,0,0.2179890125989914,1,0.6914132237434387,0,0.8108075857162476,1,0.9983440637588501,0,0.029089275747537613,0,0.0362970344722271,0,0.08901260793209076,0,0.01842888444662094,0,0.16138547658920288
10548,test,0,0.6493977308273315,0,0.2113727629184723,0,0.5097114443778992,0,0.46178150177001953,0,0.6768840551376343,0,0.29043814539909363,1,0.45525169372558594,0,0.43598446249961853,0,0.07894036173820496,0,0.2601286470890045
10565,calibration,0,0.3319949507713318,0,0.50328528881073,0,0.489982932806015,0,0.5268641114234924,0,0.2799021005630493,0,0.48654499650001526,0,0.2837180197238922,0,0.3049985468387604,0,0.34328746795654297,1,0.7670366168022156
10646,test,0,0.889955997467041,1,0.481384813785553,0,0.07257825136184692,0,0.08283954113721848,0,0.03345223888754845,0,0.031768880784511566,1,0.560056746006012,0,0.04081221669912338,0,0.9233862161636353,0,0.9165204167366028
10695,test,0,0.4753851294517517,0,0.39296576380729675,0,0.5383345484733582,0,0.5353406071662903,0,0.42614197731018066,0,0.735477864742279,0,0.2643141746520996,0,0.3579200506210327,0,0.2688187062740326,1,0.6564509272575378
10707,test,0,0.591808021068573,1,0.5198026895523071,0,0.05962379276752472,0,0.05956104397773743,0,0.17307934165000916,0,0.014594224281609058,1,0.8503791689872742,0,0.04602685570716858,0,0.8786078095436096,0,0.5754366517066956
10725,calibration,0,0.32548993825912476,1,0.6238142848014832,0,0.4238656163215637,0,0.512435257434845,0,0.45861586928367615,0,0.43539196252822876,0,0.3117462396621704,0,0.3412269055843353,1,0.4937637150287628,0,0.5927518606185913
10807,test,0,0.7103099226951599,1,0.44520604610443115,0,0.08957752585411072,0,0.02084028534591198,0,0.051910195499658585,0,0.03811691328883171,1,0.9974289536476135,0,0.38008999824523926,0,0.06280890852212906,0,0.2589006721973419
10837,test,0,0.24661658704280853,0,0.04392343387007713,1,0.9936552047729492,1,0.9973630309104919,0,0.014158475212752819,0,0.020409321412444115,1,0.02212555706501007,0,0.03294657543301582,0,0.021493272855877876,0,0.3695240914821625
10852,test,0,0.05394985154271126,1,0.41359275579452515,0,0.9482857584953308,0,0.32513749599456787,0,0.8267150521278381,0,0.2845085859298706,0,0.019922899082303047,0,0.047320738434791565,1,0.12462864071130753,0,0.14741623401641846
10878,test,0,0.9992096424102783,1,0.09107153862714767,0,0.9758980870246887,0,0.7576357126235962,0,0.0035714812111109495,0,0.03996703401207924,1,0.2882048189640045,0,0.962270975112915,0,0.055989399552345276,0,0.13273316621780396
10888,test,0,0.8482384085655212,1,0.21805785596370697,0,0.41026362776756287,0,0.2948661148548126,0,0.08208099752664566,0,0.20303548872470856,1,0.817202091217041,0,0.6047677993774414,0,0.41893309354782104,0,0.5985395908355713
10931,calibration,0,0.8247582316398621,0,0.2524270713329315,1,0.41424110531806946,0,0.5811600089073181,0,0.3529282212257385,0,0.3953554630279541,0,0.31931760907173157,0,0.45059266686439514,0,0.08919007331132889,1,0.5347621440887451
10934,calibration,0,0.32460710406303406,0,0.659787654876709,0,0.9064152240753174,0,0.8023213148117065,1,0.8581492304801941,0,0.5847454071044922,0,0.0915268212556839,0,0.19876688718795776,0,0.1187867596745491,0,0.1314588487148285
10961,test,1,0.3990253508090973,0,0.3516204059123993,0,0.8463460803031921,0,0.5041820406913757,0,0.8965973854064941,0,0.7180653810501099,0,0.11947686225175858,1,0.3348986804485321,0,0.20249629020690918,0,0.21117007732391357
11047,test,0,0.8542141318321228,1,0.9566271305084229,0,0.09693800657987595,0,0.03463691473007202,0,0.013877789489924908,0,0.14488865435123444,1,0.1363726109266281,0,0.31816187500953674,0,0.011956647969782352,0,0.26587334275245667
11066,calibration,1,0.947288453578949,1,0.06625119596719742,0,0.773263156414032,0,0.6159512400627136,0,0.08967132866382599,0,0.2876638174057007,0,0.2208445966243744,0,0.6783918738365173,1,0.0647810623049736,0,0.2295234203338623
11071,test,0,0.4249247908592224,0,0.9334650635719299,0,0.5938579440116882,0,0.41448813676834106,0,0.6335281729698181,0,0.7359626293182373,0,0.36093345284461975,1,0.2380971908569336,0,0.5686570405960083,0,0.7152391076087952
11094,test,0,0.7559030055999756,0,0.060896679759025574,0,0.9324507713317871,0,0.6070604920387268,1,0.4554740786552429,0,0.282026082277298,0,0.07218163460493088,0,0.6693204045295715,0,0.06502620875835419,0,0.3007220923900604
11110,test,0,0.8670591115951538,1,0.5632380843162537,1,0.9885469675064087,0,0.98159259557724,0,0.681755542755127,0,0.14263589680194855,1,0.010827657766640186,0,0.7733659744262695,0,0.014871940016746521,0,0.01375564094632864
11133,calibration,0,0.1885790079832077,0,0.6373961567878723,0,0.6990448236465454,0,0.4644686281681061,1,0.9681792259216309,0,0.4061242640018463,0,0.0572311133146286,0,0.10284897685050964,0,0.3521888554096222,0,0.3395419716835022
11186,calibration,0,0.4763015806674957,0,0.17599442601203918,0,0.5427303910255432,0,0.500734806060791,0,0.5085828900337219,0,0.3176778256893158,0,0.15276481211185455,1,0.3110637664794922,0,0.2659432590007782,0,0.6013743281364441
11237,calibration,0,0.07088340818881989,1,0.8483423590660095,0,0.0021141364704817533,0,0.0012611763086169958,0,0.005229558330029249,0,0.002584864618256688,1,0.0576491542160511,0,0.00528360391035676,0,0.9998664855957031,0,0.21528248488903046
11335,test,0,0.0011838085483759642,0,0.9972984194755554,0,0.01930171810090542,0,0.0032219039276242256,1,0.9917152523994446,0,0.0003111217520199716,0,0.03314852714538574,0,0.00030316555057652295,0,0.0005526774912141263,0,0.007106296252459288
11457,test,0,0.518973171710968,0,0.19067277014255524,0,0.5204192399978638,0,0.5867655873298645,0,0.5703390836715698,0,0.5237615704536438,0,0.24151894450187683,0,0.3651955723762512,1,0.16020269691944122,0,0.5891368985176086
11495,test,0,0.18563401699066162,0,0.2370164394378662,0,0.525287389755249,0,0.2738107740879059,0,0.16038833558559418,0,0.12871946394443512,0,0.06728655844926834,0,0.03575814142823219,0,0.04902784898877144,1,0.9043951630592346
11498,test,0,0.007624214980751276,1,0.992712140083313,0,0.00034246707218699157,0,0.00016353734827134758,0,0.0037356915418058634,0,0.00012003845040453598,1,0.802060067653656,0,0.00017578764527570456,0,0.9993898868560791,0,0.021040964871644974
11500,test,0,0.3122292757034302,1,0.588532567024231,0,0.11016425490379333,0,0.15792174637317657,0,0.05494651570916176,0,0.06929780542850494,0,0.10227858275175095,0,0.14126861095428467,0,0.9311527609825134,0,0.40277424454689026
11527,test,0,0.012700500898063183,0,0.6450278759002686,0,0.007432367652654648,0,0.0031790712382644415,0,0.014512339606881142,0,0.01750986836850643,0,0.00635548634454608,0,0.016479594632983208,1,0.9987875819206238,0,0.06418302655220032
11542,test,0,0.002938787220045924,1,0.9825528860092163,0,0.02276856079697609,0,0.009280088357627392,0,0.16304858028888702,0,0.0784865990281105,0,0.004342373926192522,0,0.00312310503795743,0,0.9273147583007812,1,0.019010605290532112
11591,calibration,0,0.30301040410995483,0,0.34632912278175354,0,0.808429479598999,0,0.8934447169303894,1,0.9029980301856995,0,0.6424388289451599,0,0.052761510014534,0,0.24438869953155518,0,0.060990456491708755,0,0.12123750150203705
11680,calibration,0,0.0020213450770825148,0,0.8654184341430664,0,1.1108920261904132e-05,0,1.4850953448330984e-05,0,0.00027344885165803134,0,1.0597693290037569e-05,1,0.9926117062568665,0,0.00019326071196701378,0,0.9997937083244324,0,0.17536865174770355
11766,test,0,0.1600073128938675,0,0.2870706021785736,0,0.9169219136238098,0,0.35688939690589905,1,0.6874574422836304,0,0.6247770190238953,0,0.06872445344924927,0,0.19191186130046844,0,0.2434968650341034,0,0.2753725051879883
11998,test,1,0.7756969332695007,0,0.11649403721094131,0,0.9024831652641296,0,0.9085717797279358,0,0.2189416140317917,0,0.11145921796560287,0,0.06512600928544998,1,0.21705295145511627,0,0.044366419315338135,0,0.32058319449424744
12035,calibration,0,0.621497631072998,0,0.3245728611946106,0,0.48892661929130554,0,0.4254551827907562,1,0.2834429144859314,0,0.569447934627533,0,0.3770916163921356,1,0.37048405408859253,0,0.3875212073326111,0,0.681171715259552
12137,calibration,0,0.39963504672050476,0,0.3509642779827118,0,0.19947968423366547,0,0.14832153916358948,0,0.05036740005016327,0,0.2207661271095276,0,0.24802164733409882,1,0.4519624710083008,0,0.42751413583755493,0,0.7067388296127319
12153,calibration,0,0.11737469583749771,0,0.22771649062633514,0,0.8804016709327698,0,0.11187397688627243,0,0.14958150684833527,0,0.895149290561676,0,0.036608338356018066,1,0.15654520690441132,0,0.08259956538677216,0,0.35115987062454224
12236,test,0,0.9490378499031067,0,0.04938218742609024,0,0.03514065220952034,0,0.04178681597113609,0,0.019720977172255516,0,0.04397835582494736,0,0.0016661459812894464,0,0.004561636131256819,0,0.010481704957783222,1,0.940400242805481
12279,test,0,0.993444561958313,0,0.0716036707162857,0,0.9999176263809204,0,0.9925286769866943,1,0.09664780646562576,0,0.011631223373115063,0,0.0016425132052972913,0,0.9118629097938538,0,0.008016725070774555,0,0.01615336537361145
12433,calibration,0,0.4802737832069397,0,0.3554231524467468,0,0.5760387778282166,0,0.5990581512451172,1,0.3943462669849396,0,0.5838921666145325,0,0.42187803983688354,1,0.42035940289497375,0,0.35565298795700073,0,0.6660315990447998
12593,test,0,0.2865679860115051,1,0.567166805267334,0,0.4795673191547394,0,0.245423823595047,1,0.28091928362846375,0,0.23196443915367126,0,0.11134154349565506,0,0.24199165403842926,0,0.5638130307197571,1,0.4352107644081116
12692,calibration,0,0.13142690062522888,0,0.3019651770591736,1,0.6268617510795593,0,0.35892778635025024,0,0.6625889539718628,0,0.7304537892341614,0,0.030482711270451546,0,0.05840270221233368,0,0.17724807560443878,1,0.39687466621398926
12740,calibration,0,0.43411409854888916,1,0.29290905594825745,0,0.39173761010169983,0,0.3134414851665497,0,0.6264932155609131,0,0.40848496556282043,0,0.23853562772274017,0,0.24449625611305237,1,0.28506818413734436,0,0.6882649660110474
12857,calibration,0,0.13451410830020905,0,0.3104275166988373,0,0.9380965828895569,0,0.9275846481323242,0,0.2672567069530487,0,0.33569401502609253,0,0.0803932249546051,1,0.09364232420921326,0,0.04756169766187668,0,0.5134262442588806
12872,test,0,0.2356608510017395,0,0.8825756311416626,0,0.3027326166629791,0,0.21175867319107056,0,0.24923929572105408,1,0.15863779187202454,0,0.3670041561126709,0,0.053235962986946106,0,0.37625667452812195,0,0.6140942573547363
12984,calibration,0,0.46772685647010803,0,0.28115496039390564,0,0.6437357664108276,0,0.6396620273590088,0,0.12974537909030914,0,0.5058205723762512,0,0.3117997348308563,0,0.43503767251968384,0,0.2899422347545624,1,0.7891716361045837
13050,test,0,0.16341963410377502,0,0.06618848443031311,0,0.9972698092460632,0,0.917927622795105,0,0.7956675887107849,0,0.215589702129364,0,0.009418273344635963,1,0.30379828810691833,0,0.05667988955974579,0,0.04363297298550606
13110,calibration,0,0.8036237359046936,0,0.0004662568389903754,0,0.9802118539810181,0,0.9653455018997192,0,0.12865670025348663,0,0.06390731781721115,0,0.0001999467349378392,0,0.02291852980852127,0,0.0001433238066965714,1,0.006535124499350786
13174,calibration,0,0.6840416789054871,0,0.1361842304468155,0,0.09945523738861084,0,0.08345233649015427,0,0.20240971446037292,0,0.02952897734940052,1,0.91822350025177,0,0.01305604912340641,0,0.12820923328399658,0,0.043019894510507584
13218,calibration,0,0.5276396870613098,1,0.5232228636741638,0,0.6759740114212036,0,0.6520981788635254,0,0.7937566041946411,0,0.7236296534538269,0,0.15826204419136047,0,0.46617066860198975,0,0.4148409366607666,0,0.4919079840183258
13222,test,0,0.12246400862932205,0,0.7956262230873108,0,0.9404401779174805,1,0.9600003957748413,0,0.4088800251483917,0,0.22684617340564728,0,0.10854547470808029,0,0.1574564278125763,0,0.05677235499024391,1,0.2044803947210312
13228,test,0,0.37688833475112915,1,0.4182649552822113,0,0.2670639455318451,0,0.16383011639118195,0,0.11226644366979599,0,0.1594572216272354,1,0.3038032352924347,0,0.21993112564086914,0,0.17457373440265656,0,0.8796727061271667
13246,test,1,0.7447032332420349,1,0.8225936889648438,0,0.31855228543281555,0,0.14827555418014526,0,0.22785115242004395,0,0.45258858799934387,0,0.22540687024593353,0,0.41517066955566406,0,0.12659384310245514,1,0.6109282374382019
13247,test,0,0.09238668531179428,0,0.40160009264945984,1,0.9723605513572693,1,0.9963622689247131,0,0.258436381816864,0,0.06023537740111351,0,0.03597034886479378,0,0.0540984682738781,0,0.014039401896297932,0,0.02646150067448616
13278,test,0,0.7158703804016113,0,0.13586711883544922,0,0.7164741158485413,0,0.5606148838996887,0,0.3435908257961273,0,0.32144755125045776,0,0.09449069201946259,0,0.537747323513031,0,0.10033950954675674,1,0.502541184425354
13301,calibration,0,0.300893098115921,0,0.37410929799079895,0,0.702377438545227,0,0.8486928939819336,1,0.8127611875534058,0,0.40540674328804016,0,0.15697811543941498,0,0.3152958154678345,0,0.3600103259086609,1,0.573855459690094
13369,test,0,0.35187828540802,0,0.3812340199947357,0,0.8196061253547668,0,0.8862940073013306,1,0.9696401357650757,0,0.18002893030643463,0,0.0724744126200676,0,0.2806975841522217,0,0.11765860766172409,1,0.4182629883289337
13439,test,0,0.1810980588197708,0,0.6177520155906677,0,0.624772310256958,0,0.2412824183702469,0,0.5201330184936523,0,0.6179295182228088,0,0.12422998994588852,1,0.36255747079849243,0,0.5253846645355225,0,0.25475597381591797
13444,calibration,0,0.05640055984258652,0,0.07826923578977585,1,0.32804062962532043,0,0.23581042885780334,0,0.03266745060682297,0,0.0267439316958189,0,0.029081182554364204,0,0.012254509143531322,0,0.00966502632945776,0,0.9846674799919128
13515,test,1,0.6926409602165222,1,0.476023405790329,0,0.4514463543891907,0,0.4149644374847412,0,0.25385183095932007,0,0.5531684160232544,0,0.29096484184265137,0,0.4027286767959595,0,0.23658370971679688,1,0.6619184613227844
13665,test,0,0.03990524262189865,0,0.06930433958768845,0,0.12958884239196777,0,0.04518439620733261,0,0.017631657421588898,0,0.011206992901861668,0,0.019180407747626305,0,0.003663610899820924,0,0.004009961616247892,1,0.9945945143699646
13913,test,0,0.3442979156970978,1,0.5440118312835693,0,0.46053630113601685,0,0.3583693504333496,0,0.212847501039505,0,0.4530121386051178,0,0.24459658563137054,0,0.35457518696784973,1,0.5021549463272095,0,0.6393673419952393
13931,test,0,0.9517011642456055,0,0.05884760990738869,0,0.20948028564453125,0,0.09550834447145462,0,0.038585830479860306,0,0.2080461084842682,0,0.232492595911026,1,0.9953267574310303,0,0.023654470220208168,0,0.3922979235649109
13956,calibration,1,0.989586591720581,0,0.07550907880067825,0,0.9885866045951843,0,0.9231212735176086,0,0.07516691833734512,0,0.0661294236779213,0,0.03244318813085556,0,0.5807497501373291,0,0.011490825563669205,0,0.044894468039274216
14116,calibration,0,0.4758518636226654,0,0.5020478963851929,0,0.5657064318656921,0,0.5809623003005981,0,0.4317636489868164,0,0.4760070741176605,0,0.32782912254333496,0,0.42060017585754395,0,0.4541851878166199,1,0.7555510997772217
14194,test,0,0.46822935342788696,0,0.7173299789428711,0,0.796219527721405,0,0.759907603263855,0,0.25094446539878845,0,0.41246891021728516,0,0.12682846188545227,0,0.4560912847518921,1,0.38077807426452637,0,0.4393174350261688
14260,calibration,0,0.24063000082969666,0,0.11115369200706482,1,0.6550402641296387,1,0.22323985397815704,0,0.2428017407655716,0,0.9577111005783081,0,0.07737710326910019,0,0.2105301171541214,0,0.06822103261947632,1,0.27959519624710083
14336,test,1,0.9650549292564392,1,0.29747679829597473,0,0.6150811910629272,0,0.4458041191101074,0,0.06381743401288986,0,0.13695816695690155,0,0.05941436067223549,0,0.10891087353229523,0,0.02465664967894554,1,0.03959830850362778
14354,test,1,0.4870435297489166,0,0.32585233449935913,0,0.05733904615044594,0,0.05020039901137352,0,0.02849193662405014,0,0.01918068900704384,0,0.9788584113121033,0,0.009510898031294346,0,0.04100384935736656,1,0.040399372577667236
14364,calibration,0,0.27787894010543823,0,0.4851330816745758,0,0.7503803968429565,0,0.7280634045600891,1,0.8720199465751648,0,0.32202044129371643,0,0.2182929515838623,0,0.22303901612758636,0,0.36757177114486694,1,0.58786541223526
14406,calibration,0,0.7100562453269958,1,0.29027336835861206,0,0.6440473794937134,0,0.6147515177726746,0,0.21934939920902252,0,0.6627246737480164,1,0.13626448810100555,0,0.5562911629676819,0,0.0889614075422287,0,0.4958636164665222
14451,calibration,0,0.13875722885131836,0,0.9532238245010376,0,0.0027696480974555016,0,0.0013815778074786067,0,0.008247564546763897,0,0.000674956536386162,1,0.9848068952560425,0,0.000927985121961683,0,0.9678781628608704,0,0.2851966321468353
14490,test,0,0.9787517189979553,0,0.2099471539258957,1,0.06003670021891594,0,0.017486432567238808,0,0.14564228057861328,0,0.016785811632871628,0,0.003245973028242588,0,0.696083128452301,0,0.0045697870664298534,1,0.15485092997550964
14491,calibration,0,0.986578643321991,0,0.039353035390377045,0,0.009563297033309937,0,0.02131291851401329,0,0.004771158564835787,0,0.006789397913962603,1,0.6333341002464294,0,0.05483187362551689,0,0.644634485244751,0,0.5599710941314697
14576,test,0,0.5877949595451355,0,0.8104294538497925,0,0.21610164642333984,0,0.09344759583473206,0,0.1543048471212387,0,0.15406887233257294,1,0.6843224763870239,0,0.03325749561190605,0,0.13260211050510406,1,0.4983777105808258
14582,test,0,0.0020804437808692455,1,0.437050998210907,0,0.0002644107153173536,0,0.00010656464291969314,0,0.017667239531874657,0,0.004131542518734932,0,0.0030641567427664995,0,0.0006772167980670929,1,0.9994161128997803,0,0.026387158781290054
14644,calibration,1,0.38180288672447205,0,0.26105669140815735,0,0.585091769695282,0,0.3133224844932556,0,0.15299442410469055,0,0.9190734624862671,0,0.18509650230407715,1,0.260392427444458,0,0.1569327712059021,0,0.4731917977333069
14650,test,0,0.6541640758514404,0,0.2379922717809677,0,0.8472879528999329,0,0.7174849510192871,0,0.1649133265018463,0,0.5694972276687622,0,0.15859416127204895,0,0.676091194152832,0,0.1846768856048584,1,0.4839577376842499
14677,test,0,0.430331826210022,0,0.34132254123687744,0,0.28208041191101074,0,0.17713595926761627,0,0.7676863074302673,0,0.12552820146083832,1,0.8122698664665222,0,0.12234120815992355,0,0.06268476694822311,0,0.09283513575792313
14707,calibration,0,0.16120651364326477,0,0.2984905540943146,0,0.8725779056549072,0,0.9715877771377563,0,0.05619990453124046,0,0.07707850635051727,0,0.05561966821551323,0,0.0325765460729599,0,0.052664611488580704,1,0.2270585149526596
14729,test,0,0.9987962245941162,1,0.01093620341271162,1,0.999929666519165,1,0.9960691928863525,0,0.010965388268232346,0,0.02571983076632023,0,0.0032461765222251415,0,0.9420614838600159,0,0.05549241229891777,1,0.026589293032884598
14787,calibration,0,0.6099085807800293,1,0.2335430383682251,0,0.02336154505610466,0,0.01322255376726389,0,0.00834929384291172,0,0.017362553626298904,1,0.9796063303947449,0,0.11965849250555038,0,0.03420766443014145,0,0.2585788071155548
14815,test,0,0.20243120193481445,0,0.10599106550216675,0,0.10889140516519547,0,0.12331914156675339,0,0.04634200036525726,0,0.040979400277137756,0,0.022475017234683037,0,0.010976527817547321,0,0.013992253690958023,1,0.9847842454910278
14829,test,0,0.7855768799781799,0,0.20626212656497955,0,0.5796948075294495,0,0.5607207417488098,0,0.335232138633728,0,0.4001307487487793,1,0.6597280502319336,0,0.7170950770378113,0,0.3990090489387512,0,0.695464015007019
14847,test,0,0.7200737595558167,0,0.2338126003742218,0,0.34620848298072815,0,0.46933120489120483,0,0.20286864042282104,0,0.38736701011657715,1,0.8209354281425476,0,0.6219481825828552,0,0.3239182233810425,0,0.7123899459838867
14927,calibration,0,0.38031378388404846,0,0.296162873506546,1,0.5326403975486755,0,0.5390939712524414,0,0.17441751062870026,0,0.7150450348854065,0,0.2358834445476532,0,0.3033296763896942,0,0.20246829092502594,1,0.6552137732505798
15010,test,1,0.9766772985458374,0,0.1781952679157257,0,0.010176471434533596,0,0.0063337101601064205,0,0.00442498829215765,0,0.008600544184446335,0,0.13728421926498413,0,0.0011662173783406615,0,0.5843149423599243,1,0.6858230233192444
15132,calibration,0,0.7747204303741455,0,0.17365367710590363,0,0.34557944536209106,0,0.4348142445087433,0,0.07428214699029922,0,0.41635188460350037,0,0.13187117874622345,1,0.19918343424797058,0,0.14717967808246613,0,0.8630906939506531
15246,calibration,0,0.30746370553970337,0,0.7378779649734497,0,0.9978109002113342,0,0.998839795589447,1,0.0847591906785965,0,0.2039661705493927,0,0.02994932234287262,1,0.1777426153421402,0,0.02574315294623375,0,0.12891820073127747
15368,test,0,0.14367081224918365,0,0.5081143379211426,0,0.7022708654403687,0,0.4432133734226227,1,0.6743434071540833,0,0.41156214475631714,0,0.06401967257261276,0,0.2507209777832031,0,0.28916171193122864,0,0.29895099997520447
15470,calibration,0,0.7527322769165039,0,0.44035574793815613,0,0.3834740221500397,0,0.3685298562049866,0,0.09654835611581802,0,0.3653714954853058,0,0.2731432020664215,0,0.21342413127422333,0,0.5597201585769653,1,0.8672696948051453
15501,test,0,0.22226795554161072,0,0.21733815968036652,0,0.47595927119255066,0,0.262168824672699,0,0.31539690494537354,0,0.4110024571418762,0,0.14197778701782227,1,0.20137040317058563,0,0.14522114396095276,0,0.8533090353012085
15577,test,0,0.17780359089374542,0,0.7822691202163696,1,0.30627018213272095,0,0.32913947105407715,0,0.15403656661510468,0,0.1560998111963272,0,0.1880219727754593,0,0.09769515693187714,0,0.377600759267807,1,0.8331584930419922
15603,calibration,1,0.49025142192840576,0,0.44428521394729614,0,0.26131588220596313,0,0.22903089225292206,0,0.1840030550956726,0,0.12649796903133392,0,0.6717851758003235,0,0.07882228493690491,0,0.1460738331079483,0,0.26882246136665344
15718,calibration,0,0.40715137124061584,1,0.9999736547470093,0,0.0015522061148658395,0,0.0006383603904396296,0,0.00046611748985014856,0,0.0003056506684515625,0,0.000872547912877053,0,0.00026232533855363727,0,0.0014454293996095657,1,0.034794483333826065
15731,calibration,0,0.3381268382072449,0,0.6101428866386414,0,0.4798063039779663,0,0.2915579080581665,0,0.03548062592744827,0,0.3072851896286011,1,0.07911970466375351,0,0.3000938594341278,0,0.055243778973817825,0,0.31046727299690247
15838,calibration,0,0.4064188599586487,1,0.48762601613998413,0,0.6132934093475342,0,0.6157637238502502,0,0.4666951298713684,0,0.7247926592826843,0,0.24586012959480286,0,0.4051268398761749,0,0.2733389139175415,0,0.6211211681365967
15871,test,0,0.17273764312267303,0,0.32064616680145264,1,0.7497504353523254,1,0.6539337038993835,0,0.35416507720947266,0,0.42203062772750854,0,0.10231918096542358,1,0.06724356859922409,0,0.12782125174999237,0,0.3817875385284424
16148,calibration,0,0.44112715125083923,0,0.621893048286438,0,0.43514686822891235,0,0.30730319023132324,0,0.35614195466041565,0,0.3280154764652252,0,0.21719810366630554,1,0.1886170208454132,0,0.440018892288208,0,0.8200886249542236
16175,test,1,0.2851092517375946,1,0.459166944026947,0,0.4994700849056244,0,0.33018553256988525,0,0.27284860610961914,0,0.8018915057182312,0,0.288578599691391,0,0.38784438371658325,1,0.15789641439914703,0,0.5259561538696289
16271,test,1,0.6173248887062073,1,0.4288884699344635,0,0.4958024024963379,0,0.48570212721824646,0,0.34569311141967773,0,0.4940052330493927,0,0.4271199107170105,0,0.4115617573261261,0,0.5444438457489014,0,0.7449794411659241
16345,test,0,0.9999899864196777,1,0.06615946441888809,0,0.0035236594267189503,0,0.004900671076029539,0,0.0007055252208374441,0,0.003118358086794615,1,5.12357109982986e-05,0,0.012243472039699554,0,0.0010726276086643338,0,0.04576858878135681
16366,test,0,0.3931361138820648,0,0.12313846498727798,1,0.9926344752311707,1,0.9971559047698975,0,0.4213925004005432,0,0.015775615349411964,0,0.005363216623663902,0,0.25991758704185486,0,0.013994175009429455,1,0.04114200919866562
16406,test,0,3.1031586900098773e-07,0,0.9999774694442749,0,8.338744009961374e-06,0,3.4446597965143155e-06,0,0.009657684713602066,0,3.895112604368478e-05,0,0.00037613033782690763,0,2.773497044472606e-06,1,0.9993420243263245,0,1.8524806364439428e-05
16427,test,0,0.546272873878479,0,0.35341566801071167,0,0.5619540214538574,0,0.5404132604598999,0,0.2302895486354828,0,0.4306201636791229,0,0.2797161042690277,1,0.46686068177223206,0,0.2700285017490387,0,0.6554784774780273
16486,test,0,0.9511836171150208,0,0.29378917813301086,0,0.2568933367729187,0,0.19442437589168549,0,0.09509313106536865,0,0.23403650522232056,1,0.12542663514614105,0,0.25071457028388977,0,0.05275360867381096,0,0.2546745836734772
16559,test,0,0.45675161480903625,0,0.4077283442020416,1,0.6584834456443787,0,0.7227278351783752,0,0.5845018029212952,0,0.6503016948699951,0,0.30622774362564087,1,0.3182026743888855,0,0.36771830916404724,0,0.6992956399917603
16666,calibration,0,0.6244624853134155,0,0.08742807805538177,0,0.04552004858851433,0,0.024353666231036186,0,0.013270590454339981,0,0.017472142353653908,1,0.9725958108901978,0,0.036375027149915695,0,0.10638893395662308,0,0.07735449820756912
16725,calibration,0,0.9451104998588562,0,0.006795989815145731,0,0.27309462428092957,0,0.19153648614883423,0,0.17490454018115997,0,0.007862797006964684,1,0.8081200122833252,0,0.014905201271176338,0,0.004394222050905228,0,0.00581614812836051
16761,calibration,0,0.01950882561504841,0,0.9364694952964783,0,0.27922993898391724,0,0.17801177501678467,0,0.43149346113204956,0,0.28157180547714233,0,0.010409694164991379,0,0.03482263907790184,1,0.12697336077690125,0,0.06275367736816406
16880,calibration,1,0.5080214738845825,0,0.3752727806568146,0,0.7534660696983337,0,0.6520116925239563,0,0.7181547284126282,0,0.5007993578910828,0,0.17376583814620972,1,0.24880719184875488,0,0.08021494001150131,0,0.21536073088645935
16965,test,0,0.45884591341018677,0,0.2784281075000763,0,0.8261818885803223,0,0.7307971715927124,0,0.5260351300239563,0,0.3934316635131836,0,0.14714111387729645,1,0.33353516459465027,0,0.14294147491455078,1,0.4380670487880707
17254,test,1,0.3056454062461853,0,0.5912388563156128,0,0.31378233432769775,0,0.403754323720932,0,0.23998336493968964,0,0.37113016843795776,0,0.44529905915260315,1,0.516693651676178,0,0.36616984009742737,0,0.7022258043289185
17303,calibration,1,0.2666931450366974,0,0.528170645236969,0,0.011254739947617054,0,0.005147680640220642,0,0.05389109253883362,0,0.001809589914046228,0,0.9977313876152039,0,0.017960481345653534,1,0.37132152915000916,0,0.41257619857788086
17503,test,0,0.0004597978258971125,0,0.9405094385147095,0,0.008921240456402302,0,0.0002454588538967073,0,0.06729336827993393,0,0.021928731352090836,0,0.0008449845481663942,1,0.0009426461183466017,0,0.8901876211166382,0,0.011217803694307804
17582,test,1,0.965679407119751,0,0.11712130159139633,0,0.8154997229576111,0,0.770831823348999,1,0.3788706958293915,0,0.15053781867027283,0,0.15431299805641174,1,0.6922124028205872,0,0.029584527015686035,0,0.15544599294662476
17940,test,0,0.9604669809341431,0,0.903669536113739,0,0.06090546399354935,0,0.024946238845586777,0,0.022780556231737137,0,0.44784533977508545,0,0.07337483763694763,1,0.013729355297982693,0,0.17937351763248444,0,0.9833706617355347
17961,test,0,0.4653482735157013,0,0.613189160823822,0,0.5703096389770508,0,0.5339294075965881,0,0.4802698791027069,0,0.5488821268081665,0,0.3748131990432739,1,0.40531522035598755,0,0.38187044858932495,0,0.682397723197937
18339,test,0,0.0021396127995103598,0,0.9999754428863525,0,0.013709631748497486,0,0.009240382350981236,0,0.007332236506044865,0,0.002980786142870784,0,0.022168831899762154,1,0.0005665249191224575,0,0.0034814286045730114,0,0.012117247097194195
18345,test,0,0.5743123292922974,0,0.25732946395874023,0,0.48717841506004333,0,0.5247035026550293,0,0.17517352104187012,0,0.3256140947341919,0,0.5245753526687622,0,0.39102989435195923,1,0.3798515200614929,0,0.6771811842918396
18413,calibration,0,0.4562460780143738,0,0.4876265227794647,0,0.7124062776565552,0,0.7449584603309631,0,0.3988330662250519,0,0.41441047191619873,0,0.2428485006093979,0,0.3240993618965149,1,0.325208455324173,0,0.7132501602172852
18421,test,1,0.8726952075958252,0,0.050354134291410446,0,0.6273191571235657,0,0.5024779438972473,0,0.1402708739042282,0,0.312529593706131,0,0.40058520436286926,1,0.8520686030387878,0,0.08496486395597458,0,0.456621378660202
18539,test,1,0.3567684292793274,0,0.48229649662971497,0,0.2959267497062683,0,0.2315826714038849,0,0.21740692853927612,0,0.4505949318408966,0,0.573742687702179,1,0.13387979567050934,0,0.09843076765537262,0,0.7058303952217102
18542,test,0,0.5170297026634216,0,0.4456981420516968,0,0.5651537775993347,0,0.36973512172698975,0,0.37570852041244507,0,0.750319242477417,0,0.2677842676639557,1,0.31489914655685425,0,0.2699969708919525,0,0.6373750567436218
18711,test,0,0.28302332758903503,0,0.8529066443443298,1,0.942870557308197,1,0.8680502772331238,0,0.5282989740371704,0,0.22996091842651367,0,0.05776051804423332,1,0.2146293818950653,0,0.17664162814617157,0,0.12764357030391693
18746,calibration,0,0.020490584895014763,0,0.7773568630218506,1,0.9737159609794617,1,0.9871687889099121,0,0.04505717009305954,0,0.04481472447514534,0,0.04432887211441994,0,0.03390759974718094,0,0.011227523908019066,1,0.14261065423488617
18769,calibration,0,0.03729289025068283,0,0.49658459424972534,0,0.04156525060534477,0,0.016720062121748924,0,0.1697109043598175,0,0.1287320852279663,0,0.05525071546435356,0,0.03125758096575737,0,0.8536220788955688,1,0.511440634727478
18775,calibration,0,0.8618408441543579,0,0.16181768476963043,0,0.2394230216741562,0,0.11849099397659302,0,0.03305630013346672,0,0.3440294861793518,0,0.23002111911773682,1,0.9271177649497986,0,0.0327998585999012,0,0.5560883283615112
19067,calibration,0,0.010720760561525822,1,0.7386183142662048,0,0.005380939692258835,0,0.0103384368121624,0,0.014055615290999413,0,0.021478161215782166,0,0.035398077219724655,0,0.3385310769081116,1,0.9992753863334656,0,0.04814858362078667
19068,calibration,0,0.02525811828672886,0,0.019641993567347527,0,0.013247420080006123,0,0.003515418153256178,0,0.001205809530802071,0,0.0023155680391937494,0,0.0033041618298739195,0,0.0003893198736477643,0,0.0003871549270115793,1,0.9990952014923096
19082,test,0,0.41930168867111206,0,0.8112252950668335,0,0.24859678745269775,0,0.13503099977970123,0,0.2097516506910324,0,0.10740763694047928,0,0.7477431893348694,1,0.04748164489865303,0,0.5167357325553894,0,0.7410721778869629
19146,test,0,0.0924668237566948,1,0.6890238523483276,0,0.1482422947883606,0,0.1383579820394516,0,0.32085371017456055,0,0.13920295238494873,0,0.1072399914264679,0,0.4439898729324341,1,0.6961313486099243,0,0.2581302523612976
19167,calibration,1,0.826496422290802,0,0.23126447200775146,0,0.14069361984729767,0,0.14666037261486053,0,0.05333160236477852,0,0.1592746376991272,0,0.39684155583381653,1,0.24521592259407043,0,0.5223146080970764,0,0.6493526697158813
19341,test,0,0.4238784909248352,0,0.4391721189022064,0,0.5388144850730896,0,0.5037044286727905,0,0.45692193508148193,0,0.6215838193893433,1,0.279100239276886,1,0.37564870715141296,0,0.21651674807071686,0,0.5072318315505981
20050,test,1,0.5321416258811951,0,0.4116986095905304,0,0.538182258605957,0,0.5907659530639648,0,0.3197309672832489,0,0.5709428191184998,0,0.3436339199542999,0,0.5097576379776001,0,0.22229048609733582,0,0.6766771674156189
20144,calibration,0,0.9043310284614563,0,0.20031659305095673,0,0.17389307916164398,0,0.23705989122390747,0,0.04901241511106491,0,0.20227137207984924,0,0.4059253931045532,0,0.5131126046180725,1,0.4493688941001892,0,0.9175235033035278
20147,test,0,0.011619317345321178,1,0.9947157502174377,0,0.057223960757255554,0,0.037281762808561325,0,0.0907338336110115,0,0.02264682948589325,0,0.11072223633527756,0,0.015546887181699276,1,0.0380428209900856,1,0.04202660918235779
20339,calibration,0,0.13376884162425995,0,0.7632583975791931,0,0.16210150718688965,0,0.0999210998415947,0,0.32119786739349365,0,0.24902303516864777,0,0.04764798656105995,0,0.04573759809136391,1,0.8242899775505066,1,0.27086660265922546
20391,test,0,0.0015763877891004086,1,0.8931401371955872,0,0.0018529968801885843,0,0.000415227870689705,0,0.005190170835703611,0,0.0027663984801620245,0,0.004452867433428764,0,0.0013825504574924707,1,0.999656081199646,0,0.019640881568193436
20536,test,0,0.48549163341522217,0,0.7762811183929443,0,0.46568089723587036,0,0.46574267745018005,0,0.3674331605434418,0,0.5660815238952637,0,0.24247542023658752,0,0.2837008833885193,1,0.45872190594673157,0,0.7282153367996216
20592,test,0,0.00729734543710947,1,0.8209564089775085,0,0.01438063196837902,0,0.0029490888118743896,0,0.026130452752113342,0,0.016688896343111992,0,0.07395605742931366,0,0.011419679969549179,1,0.9917450547218323,1,0.06475389748811722
20600,calibration,0,0.12987245619297028,0,0.1232960969209671,0,0.31251779198646545,0,0.05486636981368065,0,0.6128898859024048,0,0.8311486840248108,0,0.06027979776263237,0,0.046785250306129456,1,0.030937986448407173,0,0.19049997627735138
20655,calibration,0,0.11620030552148819,1,0.7451176047325134,0,0.18069833517074585,0,0.19226568937301636,0,0.18966224789619446,0,0.4136179983615875,0,0.10714009404182434,0,0.36285582184791565,1,0.907346785068512,0,0.3855651915073395
20830,test,0,0.0013527179835364223,1,0.8478697538375854,0,0.002025121357291937,0,0.00039842381374910474,0,0.008850332349538803,0,0.00786710623651743,0,0.005747191607952118,0,0.0019462493946775794,1,0.9994469285011292,0,0.023964576423168182
20919,calibration,0,0.33058276772499084,0,0.5619019865989685,0,0.26439815759658813,0,0.15749238431453705,0,0.18978597223758698,0,0.512316107749939,0,0.27608761191368103,0,0.2518032491207123,1,0.4958480894565582,0,0.538905143737793
20941,calibration,1,0.3774666488170624,0,0.5187271237373352,0,0.6555415391921997,0,0.5765036940574646,0,0.6605813503265381,0,0.43201491236686707,0,0.30874744057655334,0,0.4065416157245636,1,0.3636228144168854,0,0.6487063765525818
20977,calibration,0,0.5273565053939819,0,0.5321565270423889,0,0.7964176535606384,0,0.7190665006637573,0,0.15046805143356323,0,0.20802924036979675,0,0.1356121301651001,0,0.42265433073043823,1,0.3136915862560272,0,0.5991343259811401
21002,calibration,0,0.191950723528862,0,0.6203076243400574,0,0.2823605537414551,0,0.35466331243515015,0,0.14751781523227692,0,0.3475213646888733,0,0.2108570784330368,0,0.43008965253829956,1,0.454326331615448,0,0.5003498196601868
21208,test,0,0.743278980255127,0,0.13357873260974884,0,0.2930210530757904,0,0.09189307689666748,0,0.041689176112413406,0,0.08327821642160416,0,0.1117401123046875,0,0.9978145360946655,1,0.050663676112890244,0,0.16409514844417572
21243,test,1,0.4053477644920349,0,0.4453679025173187,0,0.47497400641441345,0,0.42810317873954773,0,0.36101213097572327,0,0.4946199059486389,0,0.5940874814987183,0,0.30522269010543823,0,0.2979651689529419,0,0.5794016718864441
21533,test,0,0.49647215008735657,1,0.45221683382987976,0,0.6244338154792786,0,0.5580626130104065,0,0.35127297043800354,0,0.3100273311138153,0,0.324496328830719,0,0.20793968439102173,0,0.32685941457748413,0,0.6202578544616699
21628,calibration,0,0.5653111934661865,0,0.4451896846294403,0,0.2325858324766159,0,0.17420358955860138,0,0.17617246508598328,0,0.11594951897859573,0,0.33601340651512146,0,0.44919976592063904,1,0.3328476846218109,0,0.4253843426704407
21658,calibration,0,0.1865585744380951,0,0.47339123487472534,0,0.10265181958675385,0,0.0599258616566658,0,0.20707552134990692,0,0.1550295501947403,0,0.1435437649488449,0,0.36252015829086304,1,0.7358327507972717,0,0.30034908652305603
21671,calibration,0,0.5678096413612366,1,0.6136559247970581,0,0.5781932473182678,0,0.5670899748802185,0,0.6367923021316528,0,0.6065332889556885,0,0.2965725064277649,0,0.373049795627594,1,0.5109579563140869,0,0.7438164353370667
21748,test,0,0.30822351574897766,0,0.48788198828697205,1,0.9120169878005981,1,0.9393245577812195,0,0.782555103302002,0,0.5787758231163025,0,0.058987680822610855,0,0.450722873210907,0,0.09518695622682571,0,0.12240476161241531
21766,test,0,0.2594126760959625,0,0.1746092140674591,1,0.901945948600769,1,0.9696937203407288,0,0.4628244638442993,0,0.24175900220870972,0,0.06224358081817627,0,0.21778176724910736,0,0.04700714349746704,0,0.15496620535850525
21781,test,0,0.15213683247566223,0,0.09635131806135178,1,0.9773913621902466,1,0.9907355904579163,0,0.29484984278678894,0,0.13556882739067078,0,0.014913268387317657,0,0.11569883674383163,0,0.022444427013397217,0,0.0961962640285492
