record_id,split,label,true,score,threshold,predicted
00102,test,IMI,0,0.3049107789993286,0.37337324023246765,0
00135,test,IMI,0,0.2299790382385254,0.37337324023246765,0
00164,test,IMI,0,0.4224466383457184,0.37337324023246765,1
00182,test,IMI,0,0.14791597425937653,0.37337324023246765,0
00191,test,IMI,0,0.42119327187538147,0.37337324023246765,1
00257,test,IMI,1,0.8742659687995911,0.37337324023246765,1
00258,test,IMI,1,0.4344533681869507,0.37337324023246765,1
00294,test,IMI,0,0.025464236736297607,0.37337324023246765,0
00311,test,IMI,0,0.11156580597162247,0.37337324023246765,0
00383,test,IMI,1,0.6430872678756714,0.37337324023246765,1
00386,test,IMI,0,0.296002060174942,0.37337324023246765,0
00413,test,IMI,0,0.35637757182121277,0.37337324023246765,0
00429,test,IMI,1,0.5295776128768921,0.37337324023246765,1
00486,test,IMI,1,0.5354328751564026,0.37337324023246765,1
00524,test,IMI,0,0.18488505482673645,0.37337324023246765,0
00534,test,IMI,0,0.24813556671142578,0.37337324023246765,0
00544,test,IMI,1,0.5414029955863953,0.37337324023246765,1
00550,test,IMI,0,0.05912419408559799,0.37337324023246765,0
00551,test,IMI,0,0.18432188034057617,0.37337324023246765,0
00556,test,IMI,0,0.9911076426506042,0.37337324023246765,1
00563,test,IMI,1,0.9637832045555115,0.37337324023246765,1
00604,test,IMI,1,0.46848782896995544,0.37337324023246765,1
00623,test,IMI,0,0.08896511793136597,0.37337324023246765,0
00685,test,IMI,1,0.08422233909368515,0.37337324023246765,0
00704,test,IMI,0,0.09895613044500351,0.37337324023246765,0
00706,test,IMI,1,0.9671267867088318,0.37337324023246765,1
00728,test,IMI,1,0.6158033609390259,0.37337324023246765,1
00743,test,IMI,0,0.8102068901062012,0.37337324023246765,1
00750,test,IMI,0,0.3900406062602997,0.37337324023246765,1
00756,test,IMI,0,0.8687556385993958,0.37337324023246765,1
00757,test,IMI,0,0.17505261301994324,0.37337324023246765,0
00766,test,IMI,0,0.6514164805412292,0.37337324023246765,1
00800,test,IMI,0,0.2517785131931305,0.37337324023246765,0
00833,test,IMI,0,0.054468754678964615,0.37337324023246765,0
00840,test,IMI,0,0.33305034041404724,0.37337324023246765,0
00854,test,IMI,0,0.4436172544956207,0.37337324023246765,1
00861,test,IMI,0,0.42001816630363464,0.37337324023246765,1
00882,test,IMI,0,0.1427164226770401,0.37337324023246765,0
00894,test,IMI,0,0.20626398921012878,0.37337324023246765,0
00955,test,IMI,0,0.7597521543502808,0.37337324023246765,1
00959,test,IMI,0,0.44306954741477966,0.37337324023246765,1
00978,test,IMI,1,0.4340455234050751,0.37337324023246765,1
00998,test,IMI,0,0.9210624694824219,0.37337324023246765,1
01006,test,IMI,0,0.42075857520103455,0.37337324023246765,1
01014,test,IMI,0,0.31457844376564026,0.37337324023246765,0
01033,test,IMI,0,0.20206104218959808,0.37337324023246765,0
01048,test,IMI,0,0.15309128165245056,0.37337324023246765,0
01050,test,IMI,0,0.1506812870502472,0.37337324023246765,0
01056,test,IMI,0,0.1407155692577362,0.37337324023246765,0
01059,test,IMI,0,0.9893736243247986,0.37337324023246765,1
01105,test,IMI,0,0.4485517740249634,0.37337324023246765,1
01134,test,IMI,0,0.10432354360818863,0.37337324023246765,0
01153,test,IMI,1,0.12165818363428116,0.37337324023246765,0
01155,test,IMI,1,0.967217743396759,0.37337324023246765,1
01159,test,IMI,0,0.41663846373558044,0.37337324023246765,1
01171,test,IMI,0,0.47878795862197876,0.37337324023246765,1
01180,test,IMI,0,0.07820405811071396,0.37337324023246765,0
01183,test,IMI,0,0.6209923028945923,0.37337324023246765,1
01187,test,IMI,0,0.9656749963760376,0.37337324023246765,1
01189,test,IMI,0,0.3265022933483124,0.37337324023246765,0
01202,test,IMI,0,0.775639533996582,0.37337324023246765,1
01239,test,IMI,0,0.46590253710746765,0.37337324023246765,1
01278,test,IMI,0,0.27876943349838257,0.37337324023246765,0
01371,test,IMI,0,0.3153783082962036,0.37337324023246765,0
01387,test,IMI,1,0.0805930346250534,0.37337324023246765,0
01392,test,IMI,0,0.45934349298477173,0.37337324023246765,1
01433,test,IMI,0,0.13321168720722198,0.37337324023246765,0
01447,test,IMI,0,0.5128369927406311,0.37337324023246765,1
01456,test,IMI,0,0.08502078056335449,0.37337324023246765,0
01463,test,IMI,0,0.03188342601060867,0.37337324023246765,0
01469,test,IMI,0,0.48477962613105774,0.37337324023246765,1
01482,test,IMI,0,0.32467809319496155,0.37337324023246765,0
01525,test,IMI,1,0.9968006610870361,0.37337324023246765,1
01549,test,IMI,1,0.9999415874481201,0.37337324023246765,1
01588,test,IMI,1,0.6253806948661804,0.37337324023246765,1
01590,test,IMI,0,0.0676008015871048,0.37337324023246765,0
01684,test,IMI,0,0.0611419640481472,0.37337324023246765,0
01696,test,IMI,1,0.9922130703926086,0.37337324023246765,1
01719,test,IMI,0,0.2321549952030182,0.37337324023246765,0
01721,test,IMI,0,0.22429968416690826,0.37337324023246765,0
01747,test,IMI,1,0.9852240085601807,0.37337324023246765,1
01756,test,IMI,0,0.5827749967575073,0.37337324023246765,1
01765,test,IMI,0,0.47896048426628113,0.37337324023246765,1
01777,test,IMI,0,0.02232499234378338,0.37337324023246765,0
01797,test,IMI,0,0.10731038451194763,0.37337324023246765,0
01805,test,IMI,0,0.02379634976387024,0.37337324023246765,0
01855,test,IMI,0,0.8572756052017212,0.37337324023246765,1
01863,test,IMI,0,0.5996497273445129,0.37337324023246765,1
01939,test,IMI,0,0.49012964963912964,0.37337324023246765,1
01948,test,IMI,1,0.4598991274833679,0.37337324023246765,1
02042,test,IMI,0,0.48233097791671753,0.37337324023246765,1
02047,test,IMI,1,0.7947086691856384,0.37337324023246765,1
02062,test,IMI,0,0.2351318746805191,0.37337324023246765,0
02082,test,IMI,0,0.48039546608924866,0.37337324023246765,1
02103,test,IMI,0,0.2900812029838562,0.37337324023246765,0
02113,test,IMI,0,0.5843461751937866,0.37337324023246765,1
02118,test,IMI,0,0.12371212989091873,0.37337324023246765,0
02120,test,IMI,0,0.02285114675760269,0.37337324023246765,0
02148,test,IMI,0,0.04757941886782646,0.37337324023246765,0
02150,test,IMI,0,0.7971326112747192,0.37337324023246765,1
02165,test,IMI,0,0.13451741635799408,0.37337324023246765,0
02188,test,IMI,1,0.9199948906898499,0.37337324023246765,1
02202,test,IMI,1,0.7229478359222412,0.37337324023246765,1
02206,test,IMI,1,0.9942597150802612,0.37337324023246765,1
02221,test,IMI,0,0.8448821902275085,0.37337324023246765,1
02227,test,IMI,1,0.05589355155825615,0.37337324023246765,0
02243,test,IMI,1,0.03352871164679527,0.37337324023246765,0
02253,test,IMI,0,0.016775451600551605,0.37337324023246765,0
02276,test,IMI,0,0.03206940367817879,0.37337324023246765,0
02291,test,IMI,0,0.43606486916542053,0.37337324023246765,1
02317,test,IMI,0,0.4158991575241089,0.37337324023246765,1
02323,test,IMI,0,0.10506235808134079,0.37337324023246765,0
02340,test,IMI,1,0.3690786361694336,0.37337324023246765,0
02359,test,IMI,1,0.2923034727573395,0.37337324023246765,0
02401,test,IMI,0,0.33174726366996765,0.37337324023246765,0
02411,test,IMI,0,0.21873344480991364,0.37337324023246765,0
02412,test,IMI,0,0.0734737366437912,0.37337324023246765,0
02428,test,IMI,0,0.564071774482727,0.37337324023246765,1
02459,test,IMI,1,0.9301967024803162,0.37337324023246765,1
02466,test,IMI,0,0.3863086700439453,0.37337324023246765,1
02487,test,IMI,0,0.05187718942761421,0.37337324023246765,0
02492,test,IMI,0,0.3717383146286011,0.37337324023246765,0
02516,test,IMI,0,0.5469704270362854,0.37337324023246765,1
02520,test,IMI,0,0.29324692487716675,0.37337324023246765,0
02525,test,IMI,1,0.41172677278518677,0.37337324023246765,1
02544,test,IMI,0,0.00906768161803484,0.37337324023246765,0
02552,test,IMI,0,0.2739567160606384,0.37337324023246765,0
02565,test,IMI,0,0.4108692705631256,0.37337324023246765,1
02576,test,IMI,0,0.023005926981568336,0.37337324023246765,0
02585,test,IMI,1,0.9925997257232666,0.37337324023246765,1
02588,test,IMI,0,0.6255275011062622,0.37337324023246765,1
02598,test,IMI,0,0.16678689420223236,0.37337324023246765,0
02602,test,IMI,0,0.03135772421956062,0.37337324023246765,0
02606,test,IMI,1,0.4342102110385895,0.37337324023246765,1
02627,test,IMI,1,0.9176725149154663,0.37337324023246765,1
02681,test,IMI,0,0.05059732496738434,0.37337324023246765,0
02684,test,IMI,0,0.5157140493392944,0.37337324023246765,1
02709,test,IMI,1,0.36250343918800354,0.37337324023246765,0
02724,test,IMI,0,0.46936923265457153,0.37337324023246765,1
02735,test,IMI,0,0.623913049697876,0.37337324023246765,1
02761,test,IMI,1,0.5854829549789429,0.37337324023246765,1
02788,test,IMI,0,0.32434141635894775,0.37337324023246765,0
02792,test,IMI,1,0.4783148169517517,0.37337324023246765,1
02846,test,IMI,0,0.11726531386375427,0.37337324023246765,0
02879,test,IMI,1,0.3577147126197815,0.37337324023246765,0
02924,test,IMI,0,0.17302124202251434,0.37337324023246765,0
03000,test,IMI,0,0.5039697885513306,0.37337324023246765,1
03101,test,IMI,1,0.04280640557408333,0.37337324023246765,0
03113,test,IMI,0,0.12874269485473633,0.37337324023246765,0
03135,test,IMI,1,0.24534690380096436,0.37337324023246765,0
03142,test,IMI,0,0.9945576190948486,0.37337324023246765,1
03196,test,IMI,0,0.46294257044792175,0.37337324023246765,1
03202,test,IMI,0,0.4101026654243469,0.37337324023246765,1
03210,test,IMI,0,0.34444165229797363,0.37337324023246765,0
03219,test,IMI,0,0.36367067694664,0.37337324023246765,0
03238,test,IMI,0,0.1086583361029625,0.37337324023246765,0
03249,test,IMI,1,0.6770311594009399,0.37337324023246765,1
03267,test,IMI,0,0.04862135276198387,0.37337324023246765,0
03272,test,IMI,0,0.3800918757915497,0.37337324023246765,1
03290,test,IMI,0,0.13663069903850555,0.37337324023246765,0
03326,test,IMI,0,0.22638608515262604,0.37337324023246765,0
03353,test,IMI,0,0.8631893396377563,0.37337324023246765,1
03378,test,IMI,0,0.4268191456794739,0.37337324023246765,1
03436,test,IMI,0,0.004859898239374161,0.37337324023246765,0
03476,test,IMI,0,0.03459116816520691,0.37337324023246765,0
03483,test,IMI,0,0.8728411793708801,0.37337324023246765,1
03486,test,IMI,0,0.9962844848632812,0.37337324023246765,1
03503,test,IMI,1,0.4143972098827362,0.37337324023246765,1
03505,test,IMI,0,0.045136936008930206,0.37337324023246765,0
03529,test,IMI,0,0.8937559127807617,0.37337324023246765,1
03530,test,IMI,0,0.0923314243555069,0.37337324023246765,0
03636,test,IMI,0,0.010840112343430519,0.37337324023246765,0
03638,test,IMI,1,0.4704386591911316,0.37337324023246765,1
03685,test,IMI,1,0.6083050966262817,0.37337324023246765,1
03731,test,IMI,0,0.14956247806549072,0.37337324023246765,0
03755,test,IMI,0,0.6389310956001282,0.37337324023246765,1
03821,test,IMI,0,0.02696933038532734,0.37337324023246765,0
03867,test,IMI,0,0.3872564136981964,0.37337324023246765,1
03869,test,IMI,0,0.32937172055244446,0.37337324023246765,0
04002,test,IMI,0,0.0534701868891716,0.37337324023246765,0
04004,test,IMI,1,0.32565903663635254,0.37337324023246765,0
04010,test,IMI,0,0.38480645418167114,0.37337324023246765,1
04081,test,IMI,0,0.1158810406923294,0.37337324023246765,0
04270,test,IMI,0,0.0035086912102997303,0.37337324023246765,0
04313,test,IMI,0,0.0791424959897995,0.37337324023246765,0
04359,test,IMI,0,0.524312436580658,0.37337324023246765,1
04366,test,IMI,0,0.2657274901866913,0.37337324023246765,0
04465,test,IMI,0,0.05572357401251793,0.37337324023246765,0
04496,test,IMI,0,0.08585163950920105,0.37337324023246765,0
04568,test,IMI,0,0.12949180603027344,0.37337324023246765,0
04670,test,IMI,0,0.4703857898712158,0.37337324023246765,1
04673,test,IMI,0,0.02297494001686573,0.37337324023246765,0
04701,test,IMI,0,0.9506999850273132,0.37337324023246765,1
04827,test,IMI,1,0.9564621448516846,0.37337324023246765,1
04850,test,IMI,0,0.25126343965530396,0.37337324023246765,0
04891,test,IMI,0,0.4341752529144287,0.37337324023246765,1
04946,test,IMI,0,0.7003595232963562,0.37337324023246765,1
04990,test,IMI,0,0.3894440531730652,0.37337324023246765,1
04991,test,IMI,0,0.19307056069374084,0.37337324023246765,0
04995,test,IMI,0,0.4163042902946472,0.37337324023246765,1
05018,test,IMI,0,0.35557761788368225,0.37337324023246765,0
05034,test,IMI,0,0.4648587107658386,0.37337324023246765,1
05043,test,IMI,0,0.9018576145172119,0.37337324023246765,1
05052,test,IMI,0,0.6449687480926514,0.37337324023246765,1
05059,test,IMI,0,0.14177817106246948,0.37337324023246765,0
05062,test,IMI,0,0.3621681034564972,0.37337324023246765,0
05070,test,IMI,1,0.7651416063308716,0.37337324023246765,1
05093,test,IMI,0,0.011103704571723938,0.37337324023246765,0
05145,test,IMI,0,0.5239320397377014,0.37337324023246765,1
05297,test,IMI,1,0.9845395684242249,0.37337324023246765,1
05306,test,IMI,0,0.1796889454126358,0.37337324023246765,0
05314,test,IMI,0,0.062250733375549316,0.37337324023246765,0
05334,test,IMI,0,0.08187630772590637,0.37337324023246765,0
05343,test,IMI,1,0.3919297158718109,0.37337324023246765,1
05470,test,IMI,0,0.11360648274421692,0.37337324023246765,0
05476,test,IMI,0,0.2781655490398407,0.37337324023246765,0
05520,test,IMI,0,0.3129280209541321,0.37337324023246765,0
05538,test,IMI,0,0.32989200949668884,0.37337324023246765,0
05546,test,IMI,0,0.9999881982803345,0.37337324023246765,1
05667,test,IMI,0,0.9641866683959961,0.37337324023246765,1
05709,test,IMI,0,0.0014466921566054225,0.37337324023246765,0
05729,test,IMI,0,0.22607746720314026,0.37337324023246765,0
05755,test,IMI,0,0.285305380821228,0.37337324023246765,0
05769,test,IMI,1,0.497905969619751,0.37337324023246765,1
05821,test,IMI,0,0.8882018327713013,0.37337324023246765,1
05848,test,IMI,0,0.4157857894897461,0.37337324023246765,1
05872,test,IMI,0,0.3039371371269226,0.37337324023246765,0
06058,test,IMI,0,0.5668203830718994,0.37337324023246765,1
06130,test,IMI,0,0.04251893237233162,0.37337324023246765,0
06197,test,IMI,1,0.999860405921936,0.37337324023246765,1
06211,test,IMI,0,0.4710811972618103,0.37337324023246765,1
06212,test,IMI,0,0.012512068264186382,0.37337324023246765,0
06252,test,IMI,0,0.007295919582247734,0.37337324023246765,0
06254,test,IMI,0,0.2314535528421402,0.37337324023246765,0
06332,test,IMI,0,0.021766891703009605,0.37337324023246765,0
06353,test,IMI,1,0.17776893079280853,0.37337324023246765,0
06417,test,IMI,0,0.7314882278442383,0.37337324023246765,1
06445,test,IMI,0,0.030421653762459755,0.37337324023246765,0
06450,test,IMI,0,0.5929110646247864,0.37337324023246765,1
06545,test,IMI,0,0.4614637494087219,0.37337324023246765,1
06552,test,IMI,0,0.42245355248451233,0.37337324023246765,1
06557,test,IMI,0,0.07306696474552155,0.37337324023246765,0
06595,test,IMI,1,0.29745396971702576,0.37337324023246765,0
06704,test,IMI,1,0.26079249382019043,0.37337324023246765,0
06708,test,IMI,0,0.10366702824831009,0.37337324023246765,0
06762,test,IMI,0,0.5280529260635376,0.37337324023246765,1
06767,test,IMI,1,0.45837172865867615,0.37337324023246765,1
06827,test,IMI,0,0.4208223819732666,0.37337324023246765,1
06915,test,IMI,0,0.14542444050312042,0.37337324023246765,0
06965,test,IMI,0,0.24112644791603088,0.37337324023246765,0
07036,test,IMI,0,0.42176398634910583,0.37337324023246765,1
07177,test,IMI,0,0.8912909030914307,0.37337324023246765,1
07189,test,IMI,0,0.3885902762413025,0.37337324023246765,1
07226,test,IMI,0,0.4598004221916199,0.37337324023246765,1
07255,test,IMI,1,0.136076882481575,0.37337324023246765,0
07500,test,IMI,0,0.7963937520980835,0.37337324023246765,1
07518,test,IMI,1,0.06608214229345322,0.37337324023246765,0
07584,test,IMI,1,0.22126272320747375,0.37337324023246765,0
07595,test,IMI,0,0.3910761773586273,0.37337324023246765,1
07598,test,IMI,0,0.9732084274291992,0.37337324023246765,1
07660,test,IMI,0,0.7751549482345581,0.37337324023246765,1
07686,test,IMI,0,0.13888096809387207,0.37337324023246765,0
07688,test,IMI,0,0.09057208150625229,0.37337324023246765,0
07703,test,IMI,1,0.328640341758728,0.37337324023246765,0
07728,test,IMI,0,0.671600878238678,0.37337324023246765,1
07753,test,IMI,0,0.29096800088882446,0.37337324023246765,0
07816,test,IMI,0,0.330504834651947,0.37337324023246765,0
07876,test,IMI,0,0.025517337024211884,0.37337324023246765,0
07939,test,IMI,0,0.07037313282489777,0.37337324023246765,0
08013,test,IMI,0,0.1550544798374176,0.37337324023246765,0
08048,test,IMI,0,0.43063172698020935,0.37337324023246765,1
08129,test,IMI,0,0.23424330353736877,0.37337324023246765,0
08135,test,IMI,0,0.43330276012420654,0.37337324023246765,1
08157,test,IMI,0,0.13956941664218903,0.37337324023246765,0
08231,test,IMI,0,0.17898976802825928,0.37337324023246765,0
08251,test,IMI,0,0.4094066619873047,0.37337324023246765,1
08272,test,IMI,0,0.26333799958229065,0.37337324023246765,0
08401,test,IMI,1,0.9986459612846375,0.37337324023246765,1
08487,test,IMI,0,0.9870373010635376,0.37337324023246765,1
08746,test,IMI,0,0.1711050420999527,0.37337324023246765,0
08749,test,IMI,0,0.285825252532959,0.37337324023246765,0
08787,test,IMI,0,0.2140318751335144,0.37337324023246765,0
08792,test,IMI,0,0.035037510097026825,0.37337324023246765,0
08799,test,IMI,1,0.9185529947280884,0.37337324023246765,1
08877,test,IMI,0,0.35539311170578003,0.37337324023246765,0
08888,test,IMI,0,0.27117207646369934,0.37337324023246765,0
08889,test,IMI,0,0.46478939056396484,0.37337324023246765,1
08911,test,IMI,0,0.34570083022117615,0.37337324023246765,0
08985,test,IMI,0,0.7230095267295837,0.37337324023246765,1
08994,test,IMI,0,0.9916784763336182,0.37337324023246765,1
08996,test,IMI,0,0.5640007853507996,0.37337324023246765,1
09015,test,IMI,0,0.49179741740226746,0.37337324023246765,1
09030,test,IMI,0,0.6855566501617432,0.37337324023246765,1
09070,test,IMI,0,0.09891264140605927,0.37337324023246765,0
09100,test,IMI,0,0.18853427469730377,0.37337324023246765,0
09101,test,IMI,0,0.3474717140197754,0.37337324023246765,0
09136,test,IMI,0,0.037292685359716415,0.37337324023246765,0
09265,test,IMI,0,0.277555376291275,0.37337324023246765,0
09306,test,IMI,0,0.580566942691803,0.37337324023246765,1
09317,test,IMI,0,0.17648349702358246,0.37337324023246765,0
09383,test,IMI,0,0.1532653421163559,0.37337324023246765,0
09416,test,IMI,0,0.40017762780189514,0.37337324023246765,1
09494,test,IMI,1,0.7129372358322144,0.37337324023246765,1
09507,test,IMI,0,0.9871800541877747,0.37337324023246765,1
09543,test,IMI,0,0.009326753206551075,0.37337324023246765,0
09545,test,IMI,0,0.3193542957305908,0.37337324023246765,0
09713,test,IMI,0,0.2215730994939804,0.37337324023246765,0
10012,test,IMI,0,0.3673360049724579,0.37337324023246765,0
10051,test,IMI,0,0.8735019564628601,0.37337324023246765,1
10070,test,IMI,0,0.45473363995552063,0.37337324023246765,1
10173,test,IMI,0,0.08174189180135727,0.37337324023246765,0
10310,test,IMI,0,0.44042330980300903,0.37337324023246765,1
10343,test,IMI,1,0.0036189488600939512,0.37337324023246765,0
10347,test,IMI,1,0.5845122337341309,0.37337324023246765,1
10450,test,IMI,0,0.2735920548439026,0.37337324023246765,0
10548,test,IMI,0,0.6493977308273315,0.37337324023246765,1
10646,test,IMI,0,0.889955997467041,0.37337324023246765,1
10695,test,IMI,0,0.4753851294517517,0.37337324023246765,1
10707,test,IMI,0,0.591808021068573,0.37337324023246765,1
10807,test,IMI,0,0.7103099226951599,0.37337324023246765,1
10837,test,IMI,0,0.24661658704280853,0.37337324023246765,0
10852,test,IMI,0,0.05394985154271126,0.37337324023246765,0
10878,test,IMI,0,0.9992096424102783,0.37337324023246765,1
10888,test,IMI,0,0.8482384085655212,0.37337324023246765,1
10961,test,IMI,1,0.3990253508090973,0.37337324023246765,1
11047,test,IMI,0,0.8542141318321228,0.37337324023246765,1
11071,test,IMI,0,0.4249247908592224,0.37337324023246765,1
11094,test,IMI,0,0.7559030055999756,0.37337324023246765,1
11110,test,IMI,0,0.8670591115951538,0.37337324023246765,1
11335,test,IMI,0,0.0011838085483759642,0.37337324023246765,0
11457,test,IMI,0,0.518973171710968,0.37337324023246765,1
11495,test,IMI,0,0.18563401699066162,0.37337324023246765,0
11498,test,IMI,0,0.007624214980751276,0.37337324023246765,0
11500,test,IMI,0,0.3122292757034302,0.37337324023246765,0
11527,test,IMI,0,0.012700500898063183,0.37337324023246765,0
11542,test,IMI,0,0.002938787220045924,0.37337324023246765,0
11766,test,IMI,0,0.1600073128938675,0.37337324023246765,0
11998,test,IMI,1,0.7756969332695007,0.37337324023246765,1
12236,test,IMI,0,0.9490378499031067,0.37337324023246765,1
12279,test,IMI,0,0.993444561958313,0.37337324023246765,1
12593,test,IMI,0,0.2865679860115051,0.37337324023246765,0
12872,test,IMI,0,0.2356608510017395,0.37337324023246765,0
13050,test,IMI,0,0.16341963410377502,0.37337324023246765,0
13222,test,IMI,0,0.12246400862932205,0.37337324023246765,0
13228,test,IMI,0,0.37688833475112915,0.37337324023246765,1
13246,test,IMI,1,0.7447032332420349,0.37337324023246765,1
13247,test,IMI,0,0.09238668531179428,0.37337324023246765,0
13278,test,IMI,0,0.7158703804016113,0.37337324023246765,1
13369,test,IMI,0,0.35187828540802,0.37337324023246765,0
13439,test,IMI,0,0.1810980588197708,0.37337324023246765,0
13515,test,IMI,1,0.6926409602165222,0.37337324023246765,1
13665,test,IMI,0,0.03990524262189865,0.37337324023246765,0
13913,test,IMI,0,0.3442979156970978,0.37337324023246765,0
13931,test,IMI,0,0.9517011642456055,0.37337324023246765,1
14194,test,IMI,0,0.46822935342788696,0.37337324023246765,1
14336,test,IMI,1,0.9650549292564392,0.37337324023246765,1
14354,test,IMI,1,0.4870435297489166,0.37337324023246765,1
14490,test,IMI,0,0.9787517189979553,0.37337324023246765,1
14576,test,IMI,0,0.5877949595451355,0.37337324023246765,1
14582,test,IMI,0,0.0020804437808692455,0.37337324023246765,0
14650,test,IMI,0,0.6541640758514404,0.37337324023246765,1
14677,test,IMI,0,0.430331826210022,0.37337324023246765,1
14729,test,IMI,0,0.9987962245941162,0.37337324023246765,1
14815,test,IMI,0,0.20243120193481445,0.37337324023246765,0
14829,test,IMI,0,0.7855768799781799,0.37337324023246765,1
14847,test,IMI,0,0.7200737595558167,0.37337324023246765,1
15010,test,IMI,1,0.9766772985458374,0.37337324023246765,1
15368,test,IMI,0,0.14367081224918365,0.37337324023246765,0
15501,test,IMI,0,0.22226795554161072,0.37337324023246765,0
15577,test,IMI,0,0.17780359089374542,0.37337324023246765,0
15871,test,IMI,0,0.17273764312267303,0.37337324023246765,0
16175,test,IMI,1,0.2851092517375946,0.37337324023246765,0
16271,test,IMI,1,0.6173248887062073,0.37337324023246765,1
16345,test,IMI,0,0.9999899864196777,0.37337324023246765,1
16366,test,IMI,0,0.3931361138820648,0.37337324023246765,1
16406,test,IMI,0,3.1031586900098773e-07,0.37337324023246765,0
16427,test,IMI,0,0.546272873878479,0.37337324023246765,1
16486,test,IMI,0,0.9511836171150208,0.37337324023246765,1
16559,test,IMI,0,0.45675161480903625,0.37337324023246765,1
16965,test,IMI,0,0.45884591341018677,0.37337324023246765,1
17254,test,IMI,1,0.3056454062461853,0.37337324023246765,0
17503,test,IMI,0,0.0004597978258971125,0.37337324023246765,0
17582,test,IMI,1,0.965679407119751,0.37337324023246765,1
17940,test,IMI,0,0.9604669809341431,0.37337324023246765,1
17961,test,IMI,0,0.4653482735157013,0.37337324023246765,1
18339,test,IMI,0,0.0021396127995103598,0.37337324023246765,0
18345,test,IMI,0,0.5743123292922974,0.37337324023246765,1
18421,test,IMI,1,0.8726952075958252,0.37337324023246765,1
18539,test,IMI,1,0.3567684292793274,0.37337324023246765,0
18542,test,IMI,0,0.5170297026634216,0.37337324023246765,1
18711,test,IMI,0,0.28302332758903503,0.37337324023246765,0
19082,test,IMI,0,0.41930168867111206,0.37337324023246765,1
19146,test,IMI,0,0.0924668237566948,0.37337324023246765,0
19341,test,IMI,0,0.4238784909248352,0.37337324023246765,1
20050,test,IMI,1,0.5321416258811951,0.37337324023246765,1
20147,test,IMI,0,0.011619317345321178,0.37337324023246765,0
20391,test,IMI,0,0.0015763877891004086,0.37337324023246765,0
20536,test,IMI,0,0.48549163341522217,0.37337324023246765,1
20592,test,IMI,0,0.00729734543710947,0.37337324023246765,0
20830,test,IMI,0,0.0013527179835364223,0.37337324023246765,0
21208,test,IMI,0,0.743278980255127,0.37337324023246765,1
21243,test,IMI,1,0.4053477644920349,0.37337324023246765,1
21533,test,IMI,0,0.49647215008735657,0.37337324023246765,1
21748,test,IMI,0,0.30822351574897766,0.37337324023246765,0
21766,test,IMI,0,0.2594126760959625,0.37337324023246765,0
21781,test,IMI,0,0.15213683247566223,0.37337324023246765,0
00102,test,ALMI,0,0.052882008254528046,0.4493688941001892,0
00135,test,ALMI,0,0.2761476933956146,0.4493688941001892,0
00164,test,ALMI,0,0.18023675680160522,0.4493688941001892,0
00182,test,ALMI,0,0.9887214303016663,0.4493688941001892,1
00191,test,ALMI,0,0.3919730484485626,0.4493688941001892,0
00257,test,ALMI,0,0.01315335649996996,0.4493688941001892,0
00258,test,ALMI,0,0.1267881691455841,0.4493688941001892,0
00294,test,ALMI,0,0.04712546244263649,0.4493688941001892,0
00311,test,ALMI,0,0.13421441614627838,0.4493688941001892,0
00383,test,ALMI,0,0.11885536462068558,0.4493688941001892,0
00386,test,ALMI,0,0.3823605477809906,0.4493688941001892,0
00413,test,ALMI,0,0.1325172632932663,0.4493688941001892,0
00429,test,ALMI,0,0.056886229664087296,0.4493688941001892,0
00486,test,ALMI,0,0.19208650290966034,0.4493688941001892,0
00524,test,ALMI,0,0.23082248866558075,0.4493688941001892,0
00534,test,ALMI,0,0.23674790561199188,0.4493688941001892,0
00544,test,ALMI,0,0.396743506193161,0.4493688941001892,0
00550,test,ALMI,0,0.24776475131511688,0.4493688941001892,0
00551,test,ALMI,0,0.1662169247865677,0.4493688941001892,0
00556,test,ALMI,0,0.06771765649318695,0.4493688941001892,0
00563,test,ALMI,0,0.05624482408165932,0.4493688941001892,0
00604,test,ALMI,0,0.20448894798755646,0.4493688941001892,0
00623,test,ALMI,1,0.8588035702705383,0.4493688941001892,1
00685,test,ALMI,0,0.06523747742176056,0.4493688941001892,0
00704,test,ALMI,0,0.01263817586004734,0.4493688941001892,0
00706,test,ALMI,0,0.038412418216466904,0.4493688941001892,0
00728,test,ALMI,0,0.1558939665555954,0.4493688941001892,0
00743,test,ALMI,0,0.007670845836400986,0.4493688941001892,0
00750,test,ALMI,0,0.22097617387771606,0.4493688941001892,0
00756,test,ALMI,0,0.05920020118355751,0.4493688941001892,0
00757,test,ALMI,0,0.0014719230821356177,0.4493688941001892,0
00766,test,ALMI,0,0.009859152138233185,0.4493688941001892,0
00800,test,ALMI,1,0.9369748830795288,0.4493688941001892,1
00833,test,ALMI,0,0.07434440404176712,0.4493688941001892,0
00840,test,ALMI,0,0.3322526514530182,0.4493688941001892,0
00854,test,ALMI,0,0.3157632052898407,0.4493688941001892,0
00861,test,ALMI,0,0.3725031912326813,0.4493688941001892,0
00882,test,ALMI,0,0.27066901326179504,0.4493688941001892,0
00894,test,ALMI,0,0.3389148712158203,0.4493688941001892,0
00955,test,ALMI,0,0.1839396357536316,0.4493688941001892,0
00959,test,ALMI,0,0.44259577989578247,0.4493688941001892,0
00978,test,ALMI,0,0.251252681016922,0.4493688941001892,0
00998,test,ALMI,0,0.050905365496873856,0.4493688941001892,0
01006,test,ALMI,0,0.23408572375774384,0.4493688941001892,0
01014,test,ALMI,0,0.26114383339881897,0.4493688941001892,0
01033,test,ALMI,0,0.06153149902820587,0.4493688941001892,0
01048,test,ALMI,0,0.004193995147943497,0.4493688941001892,0
01050,test,ALMI,0,0.11085700243711472,0.4493688941001892,0
01056,test,ALMI,0,0.29966047406196594,0.4493688941001892,0
01059,test,ALMI,0,0.19886396825313568,0.4493688941001892,0
01105,test,ALMI,0,0.7238575220108032,0.4493688941001892,1
01134,test,ALMI,0,0.04085589945316315,0.4493688941001892,0
01153,test,ALMI,0,0.023821912705898285,0.4493688941001892,0
01155,test,ALMI,0,0.009524545632302761,0.4493688941001892,0
01159,test,ALMI,0,0.3785540461540222,0.4493688941001892,0
01171,test,ALMI,0,0.04200051724910736,0.4493688941001892,0
01180,test,ALMI,1,0.500104546546936,0.4493688941001892,1
01183,test,ALMI,0,0.21072058379650116,0.4493688941001892,0
01187,test,ALMI,0,0.05832616984844208,0.4493688941001892,0
01189,test,ALMI,0,0.47886404395103455,0.4493688941001892,1
01202,test,ALMI,0,0.017437011003494263,0.4493688941001892,0
01239,test,ALMI,1,0.7068015336990356,0.4493688941001892,1
01278,test,ALMI,0,0.12728919088840485,0.4493688941001892,0
01371,test,ALMI,1,0.20090410113334656,0.4493688941001892,0
01387,test,ALMI,0,0.008010144345462322,0.4493688941001892,0
01392,test,ALMI,0,0.18619824945926666,0.4493688941001892,0
01433,test,ALMI,1,0.6114770770072937,0.4493688941001892,1
01447,test,ALMI,0,0.34846436977386475,0.4493688941001892,0
01456,test,ALMI,0,0.01815587282180786,0.4493688941001892,0
01463,test,ALMI,0,0.9042128920555115,0.4493688941001892,1
01469,test,ALMI,0,0.14724504947662354,0.4493688941001892,0
01482,test,ALMI,0,0.2010633945465088,0.4493688941001892,0
01525,test,ALMI,0,0.00515467906370759,0.4493688941001892,0
01549,test,ALMI,1,0.0023439540527760983,0.4493688941001892,0
01588,test,ALMI,0,0.003222334198653698,0.4493688941001892,0
01590,test,ALMI,0,0.0635700598359108,0.4493688941001892,0
01684,test,ALMI,0,0.0520344153046608,0.4493688941001892,0
01696,test,ALMI,0,0.017185920849442482,0.4493688941001892,0
01719,test,ALMI,0,0.23652735352516174,0.4493688941001892,0
01721,test,ALMI,0,0.09679107367992401,0.4493688941001892,0
01747,test,ALMI,0,0.01752840168774128,0.4493688941001892,0
01756,test,ALMI,0,0.15769833326339722,0.4493688941001892,0
01765,test,ALMI,0,0.10245825350284576,0.4493688941001892,0
01777,test,ALMI,0,0.010444174520671368,0.4493688941001892,0
01797,test,ALMI,0,0.006378113757818937,0.4493688941001892,0
01805,test,ALMI,0,0.007253604009747505,0.4493688941001892,0
01855,test,ALMI,0,0.004765684716403484,0.4493688941001892,0
01863,test,ALMI,0,0.27963221073150635,0.4493688941001892,0
01939,test,ALMI,0,0.43835553526878357,0.4493688941001892,0
01948,test,ALMI,0,0.22165584564208984,0.4493688941001892,0
02042,test,ALMI,0,0.0021550990641117096,0.4493688941001892,0
02047,test,ALMI,0,0.4985915422439575,0.4493688941001892,1
02062,test,ALMI,0,0.15363770723342896,0.4493688941001892,0
02082,test,ALMI,0,0.07608862221240997,0.4493688941001892,0
02103,test,ALMI,0,0.1547982096672058,0.4493688941001892,0
02113,test,ALMI,0,0.20739099383354187,0.4493688941001892,0
02118,test,ALMI,0,0.00842535775154829,0.4493688941001892,0
02120,test,ALMI,0,0.39972320199012756,0.4493688941001892,0
02148,test,ALMI,0,0.05637244135141373,0.4493688941001892,0
02150,test,ALMI,0,0.005134118255227804,0.4493688941001892,0
02165,test,ALMI,0,0.12735101580619812,0.4493688941001892,0
02188,test,ALMI,0,0.02608177624642849,0.4493688941001892,0
02202,test,ALMI,0,0.20028215646743774,0.4493688941001892,0
02206,test,ALMI,0,0.0012518174480646849,0.4493688941001892,0
02221,test,ALMI,0,0.043305251747369766,0.4493688941001892,0
02227,test,ALMI,0,0.09251030534505844,0.4493688941001892,0
02243,test,ALMI,0,0.034756239503622055,0.4493688941001892,0
02253,test,ALMI,0,0.9420775771141052,0.4493688941001892,1
02276,test,ALMI,0,0.06156817823648453,0.4493688941001892,0
02291,test,ALMI,0,0.49144381284713745,0.4493688941001892,1
02317,test,ALMI,0,0.4180128872394562,0.4493688941001892,0
02323,test,ALMI,0,0.05002899840474129,0.4493688941001892,0
02340,test,ALMI,0,0.2890769839286804,0.4493688941001892,0
02359,test,ALMI,0,0.17880327999591827,0.4493688941001892,0
02401,test,ALMI,0,0.48918449878692627,0.4493688941001892,1
02411,test,ALMI,0,0.22485268115997314,0.4493688941001892,0
02412,test,ALMI,0,0.15082427859306335,0.4493688941001892,0
02428,test,ALMI,0,0.19389532506465912,0.4493688941001892,0
02459,test,ALMI,0,0.02769332006573677,0.4493688941001892,0
02466,test,ALMI,0,0.12289087474346161,0.4493688941001892,0
02487,test,ALMI,0,0.0017628587083891034,0.4493688941001892,0
02492,test,ALMI,0,0.24824953079223633,0.4493688941001892,0
02516,test,ALMI,0,0.3959396183490753,0.4493688941001892,0
02520,test,ALMI,0,0.5140981078147888,0.4493688941001892,1
02525,test,ALMI,0,0.2699275016784668,0.4493688941001892,0
02544,test,ALMI,0,0.08445077389478683,0.4493688941001892,0
02552,test,ALMI,0,0.08514278382062912,0.4493688941001892,0
02565,test,ALMI,0,0.40355291962623596,0.4493688941001892,0
02576,test,ALMI,0,0.4151245355606079,0.4493688941001892,0
02585,test,ALMI,0,0.0027574466075748205,0.4493688941001892,0
02588,test,ALMI,0,0.05993932485580444,0.4493688941001892,0
02598,test,ALMI,0,0.09924372285604477,0.4493688941001892,0
02602,test,ALMI,0,0.008654571138322353,0.4493688941001892,0
02606,test,ALMI,0,0.39451971650123596,0.4493688941001892,0
02627,test,ALMI,0,0.7125884294509888,0.4493688941001892,1
02681,test,ALMI,0,0.04592014476656914,0.4493688941001892,0
02684,test,ALMI,0,0.09876558184623718,0.4493688941001892,0
02709,test,ALMI,0,0.27323558926582336,0.4493688941001892,0
02724,test,ALMI,0,0.7390859723091125,0.4493688941001892,1
02735,test,ALMI,0,0.16980957984924316,0.4493688941001892,0
02761,test,ALMI,0,0.12013877183198929,0.4493688941001892,0
02788,test,ALMI,0,0.31749051809310913,0.4493688941001892,0
02792,test,ALMI,0,0.9152332544326782,0.4493688941001892,1
02846,test,ALMI,1,0.9977710247039795,0.4493688941001892,1
02879,test,ALMI,0,0.30803248286247253,0.4493688941001892,0
02924,test,ALMI,0,0.5443952083587646,0.4493688941001892,1
03000,test,ALMI,0,0.13960015773773193,0.4493688941001892,0
03101,test,ALMI,0,0.2466488480567932,0.4493688941001892,0
03113,test,ALMI,0,0.017972419038414955,0.4493688941001892,0
03135,test,ALMI,0,0.23406356573104858,0.4493688941001892,0
03142,test,ALMI,0,0.003464193781837821,0.4493688941001892,0
03196,test,ALMI,0,0.25600239634513855,0.4493688941001892,0
03202,test,ALMI,0,0.4962616264820099,0.4493688941001892,1
03210,test,ALMI,0,0.020438356325030327,0.4493688941001892,0
03219,test,ALMI,0,0.04462869465351105,0.4493688941001892,0
03238,test,ALMI,0,0.018902882933616638,0.4493688941001892,0
03249,test,ALMI,0,0.11836250126361847,0.4493688941001892,0
03267,test,ALMI,0,0.03749673441052437,0.4493688941001892,0
03272,test,ALMI,0,0.3344990313053131,0.4493688941001892,0
03290,test,ALMI,0,0.01753470115363598,0.4493688941001892,0
03326,test,ALMI,0,0.028258830308914185,0.4493688941001892,0
03353,test,ALMI,0,0.1858641356229782,0.4493688941001892,0
03378,test,ALMI,0,0.19565929472446442,0.4493688941001892,0
03436,test,ALMI,0,0.0066818855702877045,0.4493688941001892,0
03476,test,ALMI,0,0.05725004896521568,0.4493688941001892,0
03483,test,ALMI,0,0.25789666175842285,0.4493688941001892,0
03486,test,ALMI,0,0.009678256697952747,0.4493688941001892,0
03503,test,ALMI,0,0.14457517862319946,0.4493688941001892,0
03505,test,ALMI,0,0.22102445363998413,0.4493688941001892,0
03529,test,ALMI,0,0.03527921065688133,0.4493688941001892,0
03530,test,ALMI,0,0.22651776671409607,0.4493688941001892,0
03636,test,ALMI,0,0.0005354545428417623,0.4493688941001892,0
03638,test,ALMI,0,0.07928561419248581,0.4493688941001892,0
03685,test,ALMI,0,0.4097418785095215,0.4493688941001892,0
03731,test,ALMI,0,0.17487016320228577,0.4493688941001892,0
03755,test,ALMI,1,0.278169721364975,0.4493688941001892,0
03821,test,ALMI,1,0.9764012694358826,0.4493688941001892,1
03867,test,ALMI,0,0.2919374108314514,0.4493688941001892,0
03869,test,ALMI,0,0.29322734475135803,0.4493688941001892,0
04002,test,ALMI,0,0.857233464717865,0.4493688941001892,1
04004,test,ALMI,0,0.40285933017730713,0.4493688941001892,0
04010,test,ALMI,0,0.3978126347064972,0.4493688941001892,0
04081,test,ALMI,0,0.3906819820404053,0.4493688941001892,0
04270,test,ALMI,0,0.011690044775605202,0.4493688941001892,0
04313,test,ALMI,0,0.021738849580287933,0.4493688941001892,0
04359,test,ALMI,0,0.331000953912735,0.4493688941001892,0
04366,test,ALMI,1,0.9584060311317444,0.4493688941001892,1
04465,test,ALMI,0,0.0850253477692604,0.4493688941001892,0
04496,test,ALMI,0,0.05925527960062027,0.4493688941001892,0
04568,test,ALMI,0,0.09649772197008133,0.4493688941001892,0
04670,test,ALMI,0,0.37472546100616455,0.4493688941001892,0
04673,test,ALMI,0,0.7779585719108582,0.4493688941001892,1
04701,test,ALMI,0,0.038915567100048065,0.4493688941001892,0
04827,test,ALMI,0,0.011196334846317768,0.4493688941001892,0
04850,test,ALMI,0,0.2603861391544342,0.4493688941001892,0
04891,test,ALMI,0,0.2478025257587433,0.4493688941001892,0
04946,test,ALMI,0,0.07293033599853516,0.4493688941001892,0
04990,test,ALMI,0,0.16188651323318481,0.4493688941001892,0
04991,test,ALMI,0,0.3590065538883209,0.4493688941001892,0
04995,test,ALMI,0,0.31535038352012634,0.4493688941001892,0
05018,test,ALMI,0,0.10819003731012344,0.4493688941001892,0
05034,test,ALMI,0,0.31798049807548523,0.4493688941001892,0
05043,test,ALMI,0,0.075157031416893,0.4493688941001892,0
05052,test,ALMI,0,0.2904731333255768,0.4493688941001892,0
05059,test,ALMI,0,0.4505861699581146,0.4493688941001892,1
05062,test,ALMI,0,0.15382172167301178,0.4493688941001892,0
05070,test,ALMI,0,0.15072838962078094,0.4493688941001892,0
05093,test,ALMI,1,0.9596045017242432,0.4493688941001892,1
05145,test,ALMI,0,0.3209155201911926,0.4493688941001892,0
05297,test,ALMI,0,0.04695058614015579,0.4493688941001892,0
05306,test,ALMI,0,0.8294780850410461,0.4493688941001892,1
05314,test,ALMI,0,0.03963177651166916,0.4493688941001892,0
05334,test,ALMI,0,0.0015329717425629497,0.4493688941001892,0
05343,test,ALMI,0,0.2265876829624176,0.4493688941001892,0
05470,test,ALMI,0,0.8389236330986023,0.4493688941001892,1
05476,test,ALMI,0,0.08802454173564911,0.4493688941001892,0
05520,test,ALMI,0,0.3445318043231964,0.4493688941001892,0
05538,test,ALMI,0,0.2986774444580078,0.4493688941001892,0
05546,test,ALMI,0,0.0053801159374415874,0.4493688941001892,0
05667,test,ALMI,0,0.004557816311717033,0.4493688941001892,0
05709,test,ALMI,0,0.005022093653678894,0.4493688941001892,0
05729,test,ALMI,0,0.23178820312023163,0.4493688941001892,0
05755,test,ALMI,0,0.2227262407541275,0.4493688941001892,0
05769,test,ALMI,0,0.3738638162612915,0.4493688941001892,0
05821,test,ALMI,0,0.05012479051947594,0.4493688941001892,0
05848,test,ALMI,0,0.1610543131828308,0.4493688941001892,0
05872,test,ALMI,0,0.13973507285118103,0.4493688941001892,0
06058,test,ALMI,0,0.14925134181976318,0.4493688941001892,0
06130,test,ALMI,0,0.0015119265299290419,0.4493688941001892,0
06197,test,ALMI,0,0.0030435521621257067,0.4493688941001892,0
06211,test,ALMI,0,0.08912147581577301,0.4493688941001892,0
06212,test,ALMI,1,0.9940937161445618,0.4493688941001892,1
06252,test,ALMI,0,0.001794923678971827,0.4493688941001892,0
06254,test,ALMI,0,0.2734563648700714,0.4493688941001892,0
06332,test,ALMI,0,0.47777777910232544,0.4493688941001892,1
06353,test,ALMI,0,0.11269307881593704,0.4493688941001892,0
06417,test,ALMI,0,0.034058235585689545,0.4493688941001892,0
06445,test,ALMI,0,0.020569786429405212,0.4493688941001892,0
06450,test,ALMI,0,0.28960058093070984,0.4493688941001892,0
06545,test,ALMI,0,0.14219047129154205,0.4493688941001892,0
06552,test,ALMI,1,0.6134108304977417,0.4493688941001892,1
06557,test,ALMI,0,0.8563352823257446,0.4493688941001892,1
06595,test,ALMI,0,0.5852552652359009,0.4493688941001892,1
06704,test,ALMI,0,0.22452515363693237,0.4493688941001892,0
06708,test,ALMI,0,0.3133397698402405,0.4493688941001892,0
06762,test,ALMI,0,0.25863397121429443,0.4493688941001892,0
06767,test,ALMI,0,0.25478124618530273,0.4493688941001892,0
06827,test,ALMI,0,0.13537494838237762,0.4493688941001892,0
06915,test,ALMI,0,0.1737368106842041,0.4493688941001892,0
06965,test,ALMI,0,0.1692497879266739,0.4493688941001892,0
07036,test,ALMI,0,0.3830469250679016,0.4493688941001892,0
07177,test,ALMI,0,0.9834466576576233,0.4493688941001892,1
07189,test,ALMI,0,0.748278021812439,0.4493688941001892,1
07226,test,ALMI,0,0.1168012022972107,0.4493688941001892,0
07255,test,ALMI,0,0.12320753931999207,0.4493688941001892,0
07500,test,ALMI,0,0.09954291582107544,0.4493688941001892,0
07518,test,ALMI,1,0.9998294115066528,0.4493688941001892,1
07584,test,ALMI,0,0.6384588479995728,0.4493688941001892,1
07595,test,ALMI,0,0.21885602176189423,0.4493688941001892,0
07598,test,ALMI,0,0.02860514260828495,0.4493688941001892,0
07660,test,ALMI,0,0.009901437908411026,0.4493688941001892,0
07686,test,ALMI,0,0.7940441370010376,0.4493688941001892,1
07688,test,ALMI,0,0.043360091745853424,0.4493688941001892,0
07703,test,ALMI,0,0.719132661819458,0.4493688941001892,1
07728,test,ALMI,0,0.18631042540073395,0.4493688941001892,0
07753,test,ALMI,0,0.10225243121385574,0.4493688941001892,0
07816,test,ALMI,0,0.127823144197464,0.4493688941001892,0
07876,test,ALMI,0,0.655994176864624,0.4493688941001892,1
07939,test,ALMI,0,0.05986069142818451,0.4493688941001892,0
08013,test,ALMI,0,0.6547558903694153,0.4493688941001892,1
08048,test,ALMI,0,0.46898284554481506,0.4493688941001892,1
08129,test,ALMI,0,0.11435376852750778,0.4493688941001892,0
08135,test,ALMI,0,0.30517804622650146,0.4493688941001892,0
08157,test,ALMI,0,0.35081857442855835,0.4493688941001892,0
08231,test,ALMI,0,0.2417231649160385,0.4493688941001892,0
08251,test,ALMI,0,0.32550927996635437,0.4493688941001892,0
08272,test,ALMI,0,0.48339787125587463,0.4493688941001892,1
08401,test,ALMI,0,0.0012558671878650784,0.4493688941001892,0
08487,test,ALMI,0,0.019877759739756584,0.4493688941001892,0
08746,test,ALMI,0,0.4122995436191559,0.4493688941001892,0
08749,test,ALMI,0,0.15807786583900452,0.4493688941001892,0
08787,test,ALMI,0,0.09742605686187744,0.4493688941001892,0
08792,test,ALMI,0,0.9980642199516296,0.4493688941001892,1
08799,test,ALMI,0,0.18085774779319763,0.4493688941001892,0
08877,test,ALMI,0,0.6247326731681824,0.4493688941001892,1
08888,test,ALMI,1,0.0727619156241417,0.4493688941001892,0
08889,test,ALMI,0,0.5703327655792236,0.4493688941001892,1
08911,test,ALMI,0,0.3496446907520294,0.4493688941001892,0
08985,test,ALMI,0,0.7460752129554749,0.4493688941001892,1
08994,test,ALMI,0,0.001267850399017334,0.4493688941001892,0
08996,test,ALMI,0,0.7155434489250183,0.4493688941001892,1
09015,test,ALMI,0,0.4592192769050598,0.4493688941001892,1
09030,test,ALMI,0,0.20932438969612122,0.4493688941001892,0
09070,test,ALMI,0,0.027374906465411186,0.4493688941001892,0
09100,test,ALMI,1,0.1686112880706787,0.4493688941001892,0
09101,test,ALMI,0,0.33358269929885864,0.4493688941001892,0
09136,test,ALMI,0,0.11936291307210922,0.4493688941001892,0
09265,test,ALMI,0,0.10730971395969391,0.4493688941001892,0
09306,test,ALMI,0,0.6557096838951111,0.4493688941001892,1
09317,test,ALMI,0,0.42483243346214294,0.4493688941001892,0
09383,test,ALMI,0,0.2671392560005188,0.4493688941001892,0
09416,test,ALMI,0,0.17884595692157745,0.4493688941001892,0
09494,test,ALMI,0,0.18877370655536652,0.4493688941001892,0
09507,test,ALMI,0,0.5878821611404419,0.4493688941001892,1
09543,test,ALMI,0,0.9326332211494446,0.4493688941001892,1
09545,test,ALMI,0,0.45242416858673096,0.4493688941001892,1
09713,test,ALMI,0,0.0010882781352847815,0.4493688941001892,0
10012,test,ALMI,0,0.9914251565933228,0.4493688941001892,1
10051,test,ALMI,0,0.14362728595733643,0.4493688941001892,0
10070,test,ALMI,0,0.513359785079956,0.4493688941001892,1
10173,test,ALMI,0,0.44507914781570435,0.4493688941001892,0
10310,test,ALMI,0,0.3229917585849762,0.4493688941001892,0
10343,test,ALMI,0,0.03358474001288414,0.4493688941001892,0
10347,test,ALMI,1,0.43397435545921326,0.4493688941001892,0
10450,test,ALMI,0,0.3473967909812927,0.4493688941001892,0
10548,test,ALMI,0,0.07894036173820496,0.4493688941001892,0
10646,test,ALMI,0,0.9233862161636353,0.4493688941001892,1
10695,test,ALMI,0,0.2688187062740326,0.4493688941001892,0
10707,test,ALMI,0,0.8786078095436096,0.4493688941001892,1
10807,test,ALMI,0,0.06280890852212906,0.4493688941001892,0
10837,test,ALMI,0,0.021493272855877876,0.4493688941001892,0
10852,test,ALMI,1,0.12462864071130753,0.4493688941001892,0
10878,test,ALMI,0,0.055989399552345276,0.4493688941001892,0
10888,test,ALMI,0,0.41893309354782104,0.4493688941001892,0
10961,test,ALMI,0,0.20249629020690918,0.4493688941001892,0
11047,test,ALMI,0,0.011956647969782352,0.4493688941001892,0
11071,test,ALMI,0,0.5686570405960083,0.4493688941001892,1
11094,test,ALMI,0,0.06502620875835419,0.4493688941001892,0
11110,test,ALMI,0,0.014871940016746521,0.4493688941001892,0
11335,test,ALMI,0,0.0005526774912141263,0.4493688941001892,0
11457,test,ALMI,1,0.16020269691944122,0.4493688941001892,0
11495,test,ALMI,0,0.04902784898877144,0.4493688941001892,0
11498,test,ALMI,0,0.9993898868560791,0.4493688941001892,1
11500,test,ALMI,0,0.9311527609825134,0.4493688941001892,1
11527,test,ALMI,1,0.9987875819206238,0.4493688941001892,1
11542,test,ALMI,0,0.9273147583007812,0.4493688941001892,1
11766,test,ALMI,0,0.2434968650341034,0.4493688941001892,0
11998,test,ALMI,0,0.044366419315338135,0.4493688941001892,0
12236,test,ALMI,0,0.010481704957783222,0.4493688941001892,0
12279,test,ALMI,0,0.008016725070774555,0.4493688941001892,0
12593,test,ALMI,0,0.5638130307197571,0.4493688941001892,1
12872,test,ALMI,0,0.37625667452812195,0.4493688941001892,0
13050,test,ALMI,0,0.05667988955974579,0.4493688941001892,0
13222,test,ALMI,0,0.05677235499024391,0.4493688941001892,0
13228,test,ALMI,0,0.17457373440265656,0.4493688941001892,0
13246,test,ALMI,0,0.12659384310245514,0.4493688941001892,0
13247,test,ALMI,0,0.014039401896297932,0.4493688941001892,0
13278,test,ALMI,0,0.10033950954675674,0.4493688941001892,0
13369,test,ALMI,0,0.11765860766172409,0.4493688941001892,0
13439,test,ALMI,0,0.5253846645355225,0.4493688941001892,1
13515,test,ALMI,0,0.23658370971679688,0.4493688941001892,0
13665,test,ALMI,0,0.004009961616247892,0.4493688941001892,0
13913,test,ALMI,1,0.5021549463272095,0.4493688941001892,1
13931,test,ALMI,0,0.023654470220208168,0.4493688941001892,0
14194,test,ALMI,1,0.38077807426452637,0.4493688941001892,0
14336,test,ALMI,0,0.02465664967894554,0.4493688941001892,0
14354,test,ALMI,0,0.04100384935736656,0.4493688941001892,0
14490,test,ALMI,0,0.0045697870664298534,0.4493688941001892,0
14576,test,ALMI,0,0.13260211050510406,0.4493688941001892,0
14582,test,ALMI,1,0.9994161128997803,0.4493688941001892,1
14650,test,ALMI,0,0.1846768856048584,0.4493688941001892,0
14677,test,ALMI,0,0.06268476694822311,0.4493688941001892,0
14729,test,ALMI,0,0.05549241229891777,0.4493688941001892,0
14815,test,ALMI,0,0.013992253690958023,0.4493688941001892,0
14829,test,ALMI,0,0.3990090489387512,0.4493688941001892,0
14847,test,ALMI,0,0.3239182233810425,0.4493688941001892,0
15010,test,ALMI,0,0.5843149423599243,0.4493688941001892,1
15368,test,ALMI,0,0.28916171193122864,0.4493688941001892,0
15501,test,ALMI,0,0.14522114396095276,0.4493688941001892,0
15577,test,ALMI,0,0.377600759267807,0.4493688941001892,0
15871,test,ALMI,0,0.12782125174999237,0.4493688941001892,0
16175,test,ALMI,1,0.15789641439914703,0.4493688941001892,0
16271,test,ALMI,0,0.5444438457489014,0.4493688941001892,1
16345,test,ALMI,0,0.0010726276086643338,0.4493688941001892,0
16366,test,ALMI,0,0.013994175009429455,0.4493688941001892,0
16406,test,ALMI,1,0.9993420243263245,0.4493688941001892,1
16427,test,ALMI,0,0.2700285017490387,0.4493688941001892,0
16486,test,ALMI,0,0.05275360867381096,0.4493688941001892,0
16559,test,ALMI,0,0.36771830916404724,0.4493688941001892,0
16965,test,ALMI,0,0.14294147491455078,0.4493688941001892,0
17254,test,ALMI,0,0.36616984009742737,0.4493688941001892,0
17503,test,ALMI,0,0.8901876211166382,0.4493688941001892,1
17582,test,ALMI,0,0.029584527015686035,0.4493688941001892,0
17940,test,ALMI,0,0.17937351763248444,0.4493688941001892,0
17961,test,ALMI,0,0.38187044858932495,0.4493688941001892,0
18339,test,ALMI,0,0.0034814286045730114,0.4493688941001892,0
18345,test,ALMI,1,0.3798515200614929,0.4493688941001892,0
18421,test,ALMI,0,0.08496486395597458,0.4493688941001892,0
18539,test,ALMI,0,0.09843076765537262,0.4493688941001892,0
18542,test,ALMI,0,0.2699969708919525,0.4493688941001892,0
18711,test,ALMI,0,0.17664162814617157,0.4493688941001892,0
19082,test,ALMI,0,0.5167357325553894,0.4493688941001892,1
19146,test,ALMI,1,0.6961313486099243,0.4493688941001892,1
19341,test,ALMI,0,0.21651674807071686,0.4493688941001892,0
20050,test,ALMI,0,0.22229048609733582,0.4493688941001892,0
20147,test,ALMI,1,0.0380428209900856,0.4493688941001892,0
20391,test,ALMI,1,0.999656081199646,0.4493688941001892,1
20536,test,ALMI,1,0.45872190594673157,0.4493688941001892,1
20592,test,ALMI,1,0.9917450547218323,0.4493688941001892,1
20830,test,ALMI,1,0.9994469285011292,0.4493688941001892,1
21208,test,ALMI,1,0.050663676112890244,0.4493688941001892,0
21243,test,ALMI,0,0.2979651689529419,0.4493688941001892,0
21533,test,ALMI,0,0.32685941457748413,0.4493688941001892,0
21748,test,ALMI,0,0.09518695622682571,0.4493688941001892,0
21766,test,ALMI,0,0.04700714349746704,0.4493688941001892,0
21781,test,ALMI,0,0.022444427013397217,0.4493688941001892,0
00102,test,ILMI,0,0.003583397949114442,0.6333341002464294,0
00135,test,ILMI,0,0.1142483577132225,0.6333341002464294,0
00164,test,ILMI,0,0.10478243231773376,0.6333341002464294,0
00182,test,ILMI,0,0.3668215572834015,0.6333341002464294,0
00191,test,ILMI,0,0.3570711314678192,0.6333341002464294,0
00257,test,ILMI,0,0.019747301936149597,0.6333341002464294,0
00258,test,ILMI,0,0.4380503296852112,0.6333341002464294,0
00294,test,ILMI,0,0.023646481335163116,0.6333341002464294,0
00311,test,ILMI,0,0.08394698798656464,0.6333341002464294,0
00383,test,ILMI,0,0.31990253925323486,0.6333341002464294,0
00386,test,ILMI,0,0.15500424802303314,0.6333341002464294,0
00413,test,ILMI,0,0.08110080659389496,0.6333341002464294,0
00429,test,ILMI,0,0.17717565596103668,0.6333341002464294,0
00486,test,ILMI,0,0.23575124144554138,0.6333341002464294,0
00524,test,ILMI,0,0.12830550968647003,0.6333341002464294,0
00534,test,ILMI,0,0.16917970776557922,0.6333341002464294,0
00544,test,ILMI,0,0.20971797406673431,0.6333341002464294,0
00550,test,ILMI,0,0.009649607352912426,0.6333341002464294,0
00551,test,ILMI,0,0.2449379414319992,0.6333341002464294,0
00556,test,ILMI,0,0.03231225535273552,0.6333341002464294,0
00563,test,ILMI,0,0.046025946736335754,0.6333341002464294,0
00604,test,ILMI,0,0.17751847207546234,0.6333341002464294,0
00623,test,ILMI,0,0.29461708664894104,0.6333341002464294,0
00685,test,ILMI,0,0.04572682827711105,0.6333341002464294,0
00704,test,ILMI,0,0.01351277343928814,0.6333341002464294,0
00706,test,ILMI,0,0.1182769238948822,0.6333341002464294,0
00728,test,ILMI,0,0.26994699239730835,0.6333341002464294,0
00743,test,ILMI,0,0.004569511394947767,0.6333341002464294,0
00750,test,ILMI,0,0.12641605734825134,0.6333341002464294,0
00756,test,ILMI,0,0.35032540559768677,0.6333341002464294,0
00757,test,ILMI,0,0.00404744129627943,0.6333341002464294,0
00766,test,ILMI,0,0.008914854377508163,0.6333341002464294,0
00800,test,ILMI,0,0.26218074560165405,0.6333341002464294,0
00833,test,ILMI,1,0.13203729689121246,0.6333341002464294,0
00840,test,ILMI,0,0.09787818044424057,0.6333341002464294,0
00854,test,ILMI,0,0.30035027861595154,0.6333341002464294,0
00861,test,ILMI,0,0.18884851038455963,0.6333341002464294,0
00882,test,ILMI,0,0.07125138491392136,0.6333341002464294,0
00894,test,ILMI,0,0.12722323834896088,0.6333341002464294,0
00955,test,ILMI,1,0.18357786536216736,0.6333341002464294,0
00959,test,ILMI,0,0.3807016909122467,0.6333341002464294,0
00978,test,ILMI,0,0.23404048383235931,0.6333341002464294,0
00998,test,ILMI,0,0.5489901304244995,0.6333341002464294,0
01006,test,ILMI,0,0.2761668860912323,0.6333341002464294,0
01014,test,ILMI,0,0.1059599444270134,0.6333341002464294,0
01033,test,ILMI,0,0.04988707974553108,0.6333341002464294,0
01048,test,ILMI,0,0.0052048698998987675,0.6333341002464294,0
01050,test,ILMI,0,0.03363921493291855,0.6333341002464294,0
01056,test,ILMI,1,0.03100493550300598,0.6333341002464294,0
01059,test,ILMI,1,0.27984318137168884,0.6333341002464294,0
01105,test,ILMI,0,0.10498876124620438,0.6333341002464294,0
01134,test,ILMI,0,0.13603390753269196,0.6333341002464294,0
01153,test,ILMI,0,0.014441940002143383,0.6333341002464294,0
01155,test,ILMI,0,0.2199670672416687,0.6333341002464294,0
01159,test,ILMI,0,0.32062041759490967,0.6333341002464294,0
01171,test,ILMI,0,0.13948482275009155,0.6333341002464294,0
01180,test,ILMI,0,0.05621802434325218,0.6333341002464294,0
01183,test,ILMI,0,0.25770530104637146,0.6333341002464294,0
01187,test,ILMI,0,0.030243266373872757,0.6333341002464294,0
01189,test,ILMI,0,0.19653932750225067,0.6333341002464294,0
01202,test,ILMI,0,0.025570739060640335,0.6333341002464294,0
01239,test,ILMI,0,0.4960082173347473,0.6333341002464294,0
01278,test,ILMI,0,0.16248995065689087,0.6333341002464294,0
01371,test,ILMI,0,0.13413135707378387,0.6333341002464294,0
01387,test,ILMI,0,0.02434631437063217,0.6333341002464294,0
01392,test,ILMI,0,0.07302063703536987,0.6333341002464294,0
01433,test,ILMI,0,0.11292942613363266,0.6333341002464294,0
01447,test,ILMI,0,0.41149160265922546,0.6333341002464294,0
01456,test,ILMI,0,0.015663567930459976,0.6333341002464294,0
01463,test,ILMI,0,0.06870018690824509,0.6333341002464294,0
01469,test,ILMI,0,0.10475749522447586,0.6333341002464294,0
01482,test,ILMI,0,0.692311704158783,0.6333341002464294,1
01525,test,ILMI,0,0.008376151323318481,0.6333341002464294,0
01549,test,ILMI,0,0.002295621670782566,0.6333341002464294,0
01588,test,ILMI,0,0.0014124708250164986,0.6333341002464294,0
01590,test,ILMI,0,0.019242221489548683,0.6333341002464294,0
01684,test,ILMI,0,0.054864998906850815,0.6333341002464294,0
01696,test,ILMI,0,0.007856007665395737,0.6333341002464294,0
01719,test,ILMI,0,0.07965663075447083,0.6333341002464294,0
01721,test,ILMI,0,0.02634587697684765,0.6333341002464294,0
01747,test,ILMI,0,0.09931405633687973,0.6333341002464294,0
01756,test,ILMI,0,0.32195746898651123,0.6333341002464294,0
01765,test,ILMI,0,0.11217555403709412,0.6333341002464294,0
01777,test,ILMI,0,0.011449513025581837,0.6333341002464294,0
01797,test,ILMI,0,0.01903676800429821,0.6333341002464294,0
01805,test,ILMI,0,0.005184993147850037,0.6333341002464294,0
01855,test,ILMI,0,0.001045326585881412,0.6333341002464294,0
01863,test,ILMI,0,0.3622031807899475,0.6333341002464294,0
01939,test,ILMI,0,0.28218039870262146,0.6333341002464294,0
01948,test,ILMI,0,0.36869508028030396,0.6333341002464294,0
02042,test,ILMI,0,0.01467673759907484,0.6333341002464294,0
02047,test,ILMI,0,0.4217155873775482,0.6333341002464294,0
02062,test,ILMI,0,0.18868477642536163,0.6333341002464294,0
02082,test,ILMI,0,0.07388976216316223,0.6333341002464294,0
02103,test,ILMI,0,0.13120217621326447,0.6333341002464294,0
02113,test,ILMI,0,0.15707369148731232,0.6333341002464294,0
02118,test,ILMI,1,0.9949421286582947,0.6333341002464294,1
02120,test,ILMI,0,0.049801282584667206,0.6333341002464294,0
02148,test,ILMI,0,0.022241035476326942,0.6333341002464294,0
02150,test,ILMI,0,0.006728671956807375,0.6333341002464294,0
02165,test,ILMI,0,0.1969386339187622,0.6333341002464294,0
02188,test,ILMI,0,0.10593961179256439,0.6333341002464294,0
02202,test,ILMI,0,0.24788275361061096,0.6333341002464294,0
02206,test,ILMI,0,0.0012070144293829799,0.6333341002464294,0
02221,test,ILMI,1,0.10391122102737427,0.6333341002464294,0
02227,test,ILMI,0,0.6200470328330994,0.6333341002464294,0
02243,test,ILMI,0,0.075200654566288,0.6333341002464294,0
02253,test,ILMI,1,0.9749285578727722,0.6333341002464294,1
02276,test,ILMI,0,0.03723753243684769,0.6333341002464294,0
02291,test,ILMI,0,0.3227699100971222,0.6333341002464294,0
02317,test,ILMI,0,0.3850356638431549,0.6333341002464294,0
02323,test,ILMI,0,0.019187072291970253,0.6333341002464294,0
02340,test,ILMI,0,0.23956362903118134,0.6333341002464294,0
02359,test,ILMI,0,0.14644835889339447,0.6333341002464294,0
02401,test,ILMI,0,0.14337396621704102,0.6333341002464294,0
02411,test,ILMI,0,0.11101502925157547,0.6333341002464294,0
02412,test,ILMI,0,0.03542182967066765,0.6333341002464294,0
02428,test,ILMI,0,0.5070699453353882,0.6333341002464294,0
02459,test,ILMI,0,0.3159714937210083,0.6333341002464294,0
02466,test,ILMI,0,0.07447215914726257,0.6333341002464294,0
02487,test,ILMI,0,0.009604633785784245,0.6333341002464294,0
02492,test,ILMI,0,0.24371890723705292,0.6333341002464294,0
02516,test,ILMI,0,0.3096618056297302,0.6333341002464294,0
02520,test,ILMI,0,0.14463625848293304,0.6333341002464294,0
02525,test,ILMI,0,0.2719082832336426,0.6333341002464294,0
02544,test,ILMI,0,0.01887909136712551,0.6333341002464294,0
02552,test,ILMI,0,0.03972626104950905,0.6333341002464294,0
02565,test,ILMI,0,0.39684537053108215,0.6333341002464294,0
02576,test,ILMI,0,0.10235635191202164,0.6333341002464294,0
02585,test,ILMI,0,0.05377287417650223,0.6333341002464294,0
02588,test,ILMI,0,0.026570109650492668,0.6333341002464294,0
02598,test,ILMI,0,0.07467496395111084,0.6333341002464294,0
02602,test,ILMI,0,0.0025559060741215944,0.6333341002464294,0
02606,test,ILMI,0,0.3105105757713318,0.6333341002464294,0
02627,test,ILMI,0,0.2178441882133484,0.6333341002464294,0
02681,test,ILMI,1,0.9920881390571594,0.6333341002464294,1
02684,test,ILMI,0,0.1935591995716095,0.6333341002464294,0
02709,test,ILMI,0,0.9279942512512207,0.6333341002464294,1
02724,test,ILMI,0,0.3000052273273468,0.6333341002464294,0
02735,test,ILMI,1,0.25601285696029663,0.6333341002464294,0
02761,test,ILMI,0,0.06181679293513298,0.6333341002464294,0
02788,test,ILMI,1,0.25247514247894287,0.6333341002464294,0
02792,test,ILMI,0,0.9852006435394287,0.6333341002464294,1
02846,test,ILMI,0,0.03431880474090576,0.6333341002464294,0
02879,test,ILMI,0,0.4056152403354645,0.6333341002464294,0
02924,test,ILMI,0,0.15128479897975922,0.6333341002464294,0
03000,test,ILMI,0,0.13708806037902832,0.6333341002464294,0
03101,test,ILMI,0,0.9897973537445068,0.6333341002464294,1
03113,test,ILMI,0,0.6147690415382385,0.6333341002464294,0
03135,test,ILMI,0,0.3607136011123657,0.6333341002464294,0
03142,test,ILMI,0,0.0011800403008237481,0.6333341002464294,0
03196,test,ILMI,0,0.2487659901380539,0.6333341002464294,0
03202,test,ILMI,0,0.21356989443302155,0.6333341002464294,0
03210,test,ILMI,0,0.03092007339000702,0.6333341002464294,0
03219,test,ILMI,1,0.7189717888832092,0.6333341002464294,1
03238,test,ILMI,0,0.028299076482653618,0.6333341002464294,0
03249,test,ILMI,0,0.2292085438966751,0.6333341002464294,0
03267,test,ILMI,0,0.019368112087249756,0.6333341002464294,0
03272,test,ILMI,0,0.1937406063079834,0.6333341002464294,0
03290,test,ILMI,0,0.09984970092773438,0.6333341002464294,0
03326,test,ILMI,0,0.010160839185118675,0.6333341002464294,0
03353,test,ILMI,0,0.12610022723674774,0.6333341002464294,0
03378,test,ILMI,0,0.17041917145252228,0.6333341002464294,0
03436,test,ILMI,0,0.0018499292200431228,0.6333341002464294,0
03476,test,ILMI,0,0.024743525311350822,0.6333341002464294,0
03483,test,ILMI,0,0.20181569457054138,0.6333341002464294,0
03486,test,ILMI,0,0.004446661099791527,0.6333341002464294,0
03503,test,ILMI,0,0.252634733915329,0.6333341002464294,0
03505,test,ILMI,0,0.045934781432151794,0.6333341002464294,0
03529,test,ILMI,0,0.02143075503408909,0.6333341002464294,0
03530,test,ILMI,0,0.031510815024375916,0.6333341002464294,0
03636,test,ILMI,0,0.005641606170684099,0.6333341002464294,0
03638,test,ILMI,0,0.3399012088775635,0.6333341002464294,0
03685,test,ILMI,0,0.4198876917362213,0.6333341002464294,0
03731,test,ILMI,0,0.11155906319618225,0.6333341002464294,0
03755,test,ILMI,0,0.17675746977329254,0.6333341002464294,0
03821,test,ILMI,0,0.043634653091430664,0.6333341002464294,0
03867,test,ILMI,0,0.2667917311191559,0.6333341002464294,0
03869,test,ILMI,0,0.19485975801944733,0.6333341002464294,0
04002,test,ILMI,1,0.2449370175600052,0.6333341002464294,0
04004,test,ILMI,0,0.5184890031814575,0.6333341002464294,0
04010,test,ILMI,0,0.23236438632011414,0.6333341002464294,0
04081,test,ILMI,0,0.15561360120773315,0.6333341002464294,0
04270,test,ILMI,0,0.0155581533908844,0.6333341002464294,0
04313,test,ILMI,0,0.023548640310764313,0.6333341002464294,0
04359,test,ILMI,1,0.5383788347244263,0.6333341002464294,0
04366,test,ILMI,0,0.3305732309818268,0.6333341002464294,0
04465,test,ILMI,0,0.013913607224822044,0.6333341002464294,0
04496,test,ILMI,0,0.04405677691102028,0.6333341002464294,0
04568,test,ILMI,0,0.07487337291240692,0.6333341002464294,0
04670,test,ILMI,0,0.23426206409931183,0.6333341002464294,0
04673,test,ILMI,0,0.011682892218232155,0.6333341002464294,0
04701,test,ILMI,0,0.029046371579170227,0.6333341002464294,0
04827,test,ILMI,0,0.06967292726039886,0.6333341002464294,0
04850,test,ILMI,0,0.12079451233148575,0.6333341002464294,0
04891,test,ILMI,0,0.2004576325416565,0.6333341002464294,0
04946,test,ILMI,0,0.1999078243970871,0.6333341002464294,0
04990,test,ILMI,0,0.14620278775691986,0.6333341002464294,0
04991,test,ILMI,0,0.12691135704517365,0.6333341002464294,0
04995,test,ILMI,0,0.3115704655647278,0.6333341002464294,0
05018,test,ILMI,0,0.10098154097795486,0.6333341002464294,0
05034,test,ILMI,1,0.24282954633235931,0.6333341002464294,0
05043,test,ILMI,1,0.18031872808933258,0.6333341002464294,0
05052,test,ILMI,0,0.07259080559015274,0.6333341002464294,0
05059,test,ILMI,0,0.046397220343351364,0.6333341002464294,0
05062,test,ILMI,0,0.07586634904146194,0.6333341002464294,0
05070,test,ILMI,0,0.3093433678150177,0.6333341002464294,0
05093,test,ILMI,0,0.005127677693963051,0.6333341002464294,0
05145,test,ILMI,1,0.6125592589378357,0.6333341002464294,0
05297,test,ILMI,0,0.03963448479771614,0.6333341002464294,0
05306,test,ILMI,0,0.19433166086673737,0.6333341002464294,0
05314,test,ILMI,0,0.022212401032447815,0.6333341002464294,0
05334,test,ILMI,0,0.039576780050992966,0.6333341002464294,0
05343,test,ILMI,0,0.11423859745264053,0.6333341002464294,0
05470,test,ILMI,1,0.916951596736908,0.6333341002464294,1
05476,test,ILMI,0,0.06859590113162994,0.6333341002464294,0
05520,test,ILMI,0,0.21830137073993683,0.6333341002464294,0
05538,test,ILMI,0,0.09459243714809418,0.6333341002464294,0
05546,test,ILMI,0,0.002031309064477682,0.6333341002464294,0
05667,test,ILMI,1,0.058997657150030136,0.6333341002464294,0
05709,test,ILMI,0,0.0032756421715021133,0.6333341002464294,0
05729,test,ILMI,0,0.10682536661624908,0.6333341002464294,0
05755,test,ILMI,0,0.12005386501550674,0.6333341002464294,0
05769,test,ILMI,0,0.3838074505329132,0.6333341002464294,0
05821,test,ILMI,0,0.06985029578208923,0.6333341002464294,0
05848,test,ILMI,0,0.21061693131923676,0.6333341002464294,0
05872,test,ILMI,0,0.09021651744842529,0.6333341002464294,0
06058,test,ILMI,0,0.18230241537094116,0.6333341002464294,0
06130,test,ILMI,0,0.0002520208654459566,0.6333341002464294,0
06197,test,ILMI,0,0.0023433419410139322,0.6333341002464294,0
06211,test,ILMI,1,0.8238658905029297,0.6333341002464294,1
06212,test,ILMI,0,0.08122207969427109,0.6333341002464294,0
06252,test,ILMI,0,0.001997542567551136,0.6333341002464294,0
06254,test,ILMI,0,0.11305521428585052,0.6333341002464294,0
06332,test,ILMI,0,0.007257715333253145,0.6333341002464294,0
06353,test,ILMI,0,0.13124729692935944,0.6333341002464294,0
06417,test,ILMI,1,0.31332942843437195,0.6333341002464294,0
06445,test,ILMI,0,0.008423023857176304,0.6333341002464294,0
06450,test,ILMI,1,0.17589710652828217,0.6333341002464294,0
06545,test,ILMI,1,0.18461376428604126,0.6333341002464294,0
06552,test,ILMI,0,0.6746705174446106,0.6333341002464294,1
06557,test,ILMI,0,0.03962654247879982,0.6333341002464294,0
06595,test,ILMI,0,0.3275190591812134,0.6333341002464294,0
06704,test,ILMI,0,0.14532585442066193,0.6333341002464294,0
06708,test,ILMI,0,0.07639949023723602,0.6333341002464294,0
06762,test,ILMI,0,0.23383575677871704,0.6333341002464294,0
06767,test,ILMI,0,0.42264410853385925,0.6333341002464294,0
06827,test,ILMI,1,0.9921042919158936,0.6333341002464294,1
06915,test,ILMI,0,0.06908658146858215,0.6333341002464294,0
06965,test,ILMI,0,0.16021625697612762,0.6333341002464294,0
07036,test,ILMI,0,0.28365615010261536,0.6333341002464294,0
07177,test,ILMI,1,0.30961745977401733,0.6333341002464294,0
07189,test,ILMI,0,0.46421992778778076,0.6333341002464294,0
07226,test,ILMI,0,0.2809654772281647,0.6333341002464294,0
07255,test,ILMI,0,0.8871874809265137,0.6333341002464294,1
07500,test,ILMI,1,0.23931150138378143,0.6333341002464294,0
07518,test,ILMI,0,0.6129999160766602,0.6333341002464294,0
07584,test,ILMI,0,0.35476329922676086,0.6333341002464294,0
07595,test,ILMI,0,0.21610358357429504,0.6333341002464294,0
07598,test,ILMI,0,0.017275605350732803,0.6333341002464294,0
07660,test,ILMI,1,0.9280203580856323,0.6333341002464294,1
07686,test,ILMI,1,0.19723965227603912,0.6333341002464294,0
07688,test,ILMI,0,0.03076401725411415,0.6333341002464294,0
07703,test,ILMI,0,0.3566953241825104,0.6333341002464294,0
07728,test,ILMI,1,0.5767424702644348,0.6333341002464294,0
07753,test,ILMI,1,0.3036670982837677,0.6333341002464294,0
07816,test,ILMI,0,0.12333627045154572,0.6333341002464294,0
07876,test,ILMI,0,0.01831907033920288,0.6333341002464294,0
07939,test,ILMI,0,0.013077707029879093,0.6333341002464294,0
08013,test,ILMI,0,0.11217663437128067,0.6333341002464294,0
08048,test,ILMI,0,0.3285697102546692,0.6333341002464294,0
08129,test,ILMI,0,0.85018390417099,0.6333341002464294,1
08135,test,ILMI,0,0.2263530045747757,0.6333341002464294,0
08157,test,ILMI,1,0.9576683640480042,0.6333341002464294,1
08231,test,ILMI,0,0.06210979074239731,0.6333341002464294,0
08251,test,ILMI,0,0.19238270819187164,0.6333341002464294,0
08272,test,ILMI,0,0.19985894858837128,0.6333341002464294,0
08401,test,ILMI,0,0.012513971887528896,0.6333341002464294,0
08487,test,ILMI,0,0.0028397429268807173,0.6333341002464294,0
08746,test,ILMI,0,0.07423623651266098,0.6333341002464294,0
08749,test,ILMI,1,0.93788743019104,0.6333341002464294,1
08787,test,ILMI,0,0.07663445919752121,0.6333341002464294,0
08792,test,ILMI,1,0.436701238155365,0.6333341002464294,0
08799,test,ILMI,0,0.5880130529403687,0.6333341002464294,0
08877,test,ILMI,0,0.23378302156925201,0.6333341002464294,0
08888,test,ILMI,0,0.1131884902715683,0.6333341002464294,0
08889,test,ILMI,0,0.711747407913208,0.6333341002464294,1
08911,test,ILMI,0,0.24332833290100098,0.6333341002464294,0
08985,test,ILMI,1,0.6725266575813293,0.6333341002464294,1
08994,test,ILMI,0,0.0006717283395119011,0.6333341002464294,0
08996,test,ILMI,0,0.261707603931427,0.6333341002464294,0
09015,test,ILMI,1,0.3815383017063141,0.6333341002464294,0
09030,test,ILMI,1,0.4773915708065033,0.6333341002464294,0
09070,test,ILMI,0,0.03331972286105156,0.6333341002464294,0
09100,test,ILMI,0,0.07128163427114487,0.6333341002464294,0
09101,test,ILMI,0,0.22382178902626038,0.6333341002464294,0
09136,test,ILMI,0,0.17406822741031647,0.6333341002464294,0
09265,test,ILMI,1,0.09390231221914291,0.6333341002464294,0
09306,test,ILMI,0,0.3331160247325897,0.6333341002464294,0
09317,test,ILMI,0,0.13664057850837708,0.6333341002464294,0
09383,test,ILMI,0,0.023878781124949455,0.6333341002464294,0
09416,test,ILMI,1,0.10414651036262512,0.6333341002464294,0
09494,test,ILMI,0,0.7143738865852356,0.6333341002464294,1
09507,test,ILMI,1,0.15876342356204987,0.6333341002464294,0
09543,test,ILMI,0,0.01992526277899742,0.6333341002464294,0
09545,test,ILMI,0,0.4626714289188385,0.6333341002464294,0
09713,test,ILMI,0,0.0017867949791252613,0.6333341002464294,0
10012,test,ILMI,0,0.10966496169567108,0.6333341002464294,0
10051,test,ILMI,1,0.7975555658340454,0.6333341002464294,1
10070,test,ILMI,0,0.31217315793037415,0.6333341002464294,0
10173,test,ILMI,0,0.034368909895420074,0.6333341002464294,0
10310,test,ILMI,0,0.3314637243747711,0.6333341002464294,0
10343,test,ILMI,0,0.9979926347732544,0.6333341002464294,1
10347,test,ILMI,0,0.8323678970336914,0.6333341002464294,1
10450,test,ILMI,0,0.13014018535614014,0.6333341002464294,0
10548,test,ILMI,1,0.45525169372558594,0.6333341002464294,0
10646,test,ILMI,1,0.560056746006012,0.6333341002464294,0
10695,test,ILMI,0,0.2643141746520996,0.6333341002464294,0
10707,test,ILMI,1,0.8503791689872742,0.6333341002464294,1
10807,test,ILMI,1,0.9974289536476135,0.6333341002464294,1
10837,test,ILMI,1,0.02212555706501007,0.6333341002464294,0
10852,test,ILMI,0,0.019922899082303047,0.6333341002464294,0
10878,test,ILMI,1,0.2882048189640045,0.6333341002464294,0
10888,test,ILMI,1,0.817202091217041,0.6333341002464294,1
10961,test,ILMI,0,0.11947686225175858,0.6333341002464294,0
11047,test,ILMI,1,0.1363726109266281,0.6333341002464294,0
11071,test,ILMI,0,0.36093345284461975,0.6333341002464294,0
11094,test,ILMI,0,0.07218163460493088,0.6333341002464294,0
11110,test,ILMI,1,0.010827657766640186,0.6333341002464294,0
11335,test,ILMI,0,0.03314852714538574,0.6333341002464294,0
11457,test,ILMI,0,0.24151894450187683,0.6333341002464294,0
11495,test,ILMI,0,0.06728655844926834,0.6333341002464294,0
11498,test,ILMI,1,0.802060067653656,0.6333341002464294,1
11500,test,ILMI,0,0.10227858275175095,0.6333341002464294,0
11527,test,ILMI,0,0.00635548634454608,0.6333341002464294,0
11542,test,ILMI,0,0.004342373926192522,0.6333341002464294,0
11766,test,ILMI,0,0.06872445344924927,0.6333341002464294,0
11998,test,ILMI,0,0.06512600928544998,0.6333341002464294,0
12236,test,ILMI,0,0.0016661459812894464,0.6333341002464294,0
12279,test,ILMI,0,0.0016425132052972913,0.6333341002464294,0
12593,test,ILMI,0,0.11134154349565506,0.6333341002464294,0
12872,test,ILMI,0,0.3670041561126709,0.6333341002464294,0
13050,test,ILMI,0,0.009418273344635963,0.6333341002464294,0
13222,test,ILMI,0,0.10854547470808029,0.6333341002464294,0
13228,test,ILMI,1,0.3038032352924347,0.6333341002464294,0
13246,test,ILMI,0,0.22540687024593353,0.6333341002464294,0
13247,test,ILMI,0,0.03597034886479378,0.6333341002464294,0
13278,test,ILMI,0,0.09449069201946259,0.6333341002464294,0
13369,test,ILMI,0,0.0724744126200676,0.6333341002464294,0
13439,test,ILMI,0,0.12422998994588852,0.6333341002464294,0
13515,test,ILMI,0,0.29096484184265137,0.6333341002464294,0
13665,test,ILMI,0,0.019180407747626305,0.6333341002464294,0
13913,test,ILMI,0,0.24459658563137054,0.6333341002464294,0
13931,test,ILMI,0,0.232492595911026,0.6333341002464294,0
14194,test,ILMI,0,0.12682846188545227,0.6333341002464294,0
14336,test,ILMI,0,0.05941436067223549,0.6333341002464294,0
14354,test,ILMI,0,0.9788584113121033,0.6333341002464294,1
14490,test,ILMI,0,0.003245973028242588,0.6333341002464294,0
14576,test,ILMI,1,0.6843224763870239,0.6333341002464294,1
14582,test,ILMI,0,0.0030641567427664995,0.6333341002464294,0
14650,test,ILMI,0,0.15859416127204895,0.6333341002464294,0
14677,test,ILMI,1,0.8122698664665222,0.6333341002464294,1
14729,test,ILMI,0,0.0032461765222251415,0.6333341002464294,0
14815,test,ILMI,0,0.022475017234683037,0.6333341002464294,0
14829,test,ILMI,1,0.6597280502319336,0.6333341002464294,1
14847,test,ILMI,1,0.8209354281425476,0.6333341002464294,1
15010,test,ILMI,0,0.13728421926498413,0.6333341002464294,0
15368,test,ILMI,0,0.06401967257261276,0.6333341002464294,0
15501,test,ILMI,0,0.14197778701782227,0.6333341002464294,0
15577,test,ILMI,0,0.1880219727754593,0.6333341002464294,0
15871,test,ILMI,0,0.10231918096542358,0.6333341002464294,0
16175,test,ILMI,0,0.288578599691391,0.6333341002464294,0
16271,test,ILMI,0,0.4271199107170105,0.6333341002464294,0
16345,test,ILMI,1,5.12357109982986e-05,0.6333341002464294,0
16366,test,ILMI,0,0.005363216623663902,0.6333341002464294,0
16406,test,ILMI,0,0.00037613033782690763,0.6333341002464294,0
16427,test,ILMI,0,0.2797161042690277,0.6333341002464294,0
16486,test,ILMI,1,0.12542663514614105,0.6333341002464294,0
16559,test,ILMI,0,0.30622774362564087,0.6333341002464294,0
16965,test,ILMI,0,0.14714111387729645,0.6333341002464294,0
17254,test,ILMI,0,0.44529905915260315,0.6333341002464294,0
17503,test,ILMI,0,0.0008449845481663942,0.6333341002464294,0
17582,test,ILMI,0,0.15431299805641174,0.6333341002464294,0
17940,test,ILMI,0,0.07337483763694763,0.6333341002464294,0
17961,test,ILMI,0,0.3748131990432739,0.6333341002464294,0
18339,test,ILMI,0,0.022168831899762154,0.6333341002464294,0
18345,test,ILMI,0,0.5245753526687622,0.6333341002464294,0
18421,test,ILMI,0,0.40058520436286926,0.6333341002464294,0
18539,test,ILMI,0,0.573742687702179,0.6333341002464294,0
18542,test,ILMI,0,0.2677842676639557,0.6333341002464294,0
18711,test,ILMI,0,0.05776051804423332,0.6333341002464294,0
19082,test,ILMI,0,0.7477431893348694,0.6333341002464294,1
19146,test,ILMI,0,0.1072399914264679,0.6333341002464294,0
19341,test,ILMI,1,0.279100239276886,0.6333341002464294,0
20050,test,ILMI,0,0.3436339199542999,0.6333341002464294,0
20147,test,ILMI,0,0.11072223633527756,0.6333341002464294,0
20391,test,ILMI,0,0.004452867433428764,0.6333341002464294,0
20536,test,ILMI,0,0.24247542023658752,0.6333341002464294,0
20592,test,ILMI,0,0.07395605742931366,0.6333341002464294,0
20830,test,ILMI,0,0.005747191607952118,0.6333341002464294,0
21208,test,ILMI,0,0.1117401123046875,0.6333341002464294,0
21243,test,ILMI,0,0.5940874814987183,0.6333341002464294,0
21533,test,ILMI,0,0.324496328830719,0.6333341002464294,0
21748,test,ILMI,0,0.058987680822610855,0.6333341002464294,0
21766,test,ILMI,0,0.06224358081817627,0.6333341002464294,0
21781,test,ILMI,0,0.014913268387317657,0.6333341002464294,0
00102,test,LAE,0,0.06500477343797684,0.27086660265922546,0
00135,test,LAE,0,0.5106266736984253,0.27086660265922546,1
00164,test,LAE,0,0.35111889243125916,0.27086660265922546,1
00182,test,LAE,0,0.3848535120487213,0.27086660265922546,1
00191,test,LAE,0,0.7817944884300232,0.27086660265922546,1
00257,test,LAE,0,0.012660269625484943,0.27086660265922546,0
00258,test,LAE,0,0.4992627203464508,0.27086660265922546,1
00294,test,LAE,0,0.21846996247768402,0.27086660265922546,0
00311,test,LAE,0,0.19162580370903015,0.27086660265922546,0
00383,test,LAE,0,0.3581954538822174,0.27086660265922546,1
00386,test,LAE,0,0.5749987363815308,0.27086660265922546,1
00413,test,LAE,0,0.6207326650619507,0.27086660265922546,1
00429,test,LAE,0,0.2287653535604477,0.27086660265922546,0
00486,test,LAE,0,0.5481370091438293,0.27086660265922546,1
00524,test,LAE,1,0.7469789385795593,0.27086660265922546,1
00534,test,LAE,0,0.5224758982658386,0.27086660265922546,1
00544,test,LAE,0,0.6591925621032715,0.27086660265922546,1
00550,test,LAE,0,0.3589850068092346,0.27086660265922546,1
00551,test,LAE,0,0.5079646110534668,0.27086660265922546,1
00556,test,LAE,0,0.23432224988937378,0.27086660265922546,0
00563,test,LAE,0,0.25433725118637085,0.27086660265922546,0
00604,test,LAE,0,0.9243945479393005,0.27086660265922546,1
00623,test,LAE,0,0.14405372738838196,0.27086660265922546,0
00685,test,LAE,0,0.5805003643035889,0.27086660265922546,1
00704,test,LAE,0,0.11374813318252563,0.27086660265922546,0
00706,test,LAE,0,0.052185364067554474,0.27086660265922546,0
00728,test,LAE,0,0.7654959559440613,0.27086660265922546,1
00743,test,LAE,0,0.017114346846938133,0.27086660265922546,0
00750,test,LAE,1,0.5652092695236206,0.27086660265922546,1
00756,test,LAE,0,0.3563631772994995,0.27086660265922546,1
00757,test,LAE,0,0.013930725865066051,0.27086660265922546,0
00766,test,LAE,0,0.08614248782396317,0.27086660265922546,0
00800,test,LAE,0,0.41770586371421814,0.27086660265922546,1
00833,test,LAE,0,0.581728994846344,0.27086660265922546,1
00840,test,LAE,0,0.5823832750320435,0.27086660265922546,1
00854,test,LAE,0,0.691398024559021,0.27086660265922546,1
00861,test,LAE,0,0.6383633017539978,0.27086660265922546,1
00882,test,LAE,0,0.5160424113273621,0.27086660265922546,1
00894,test,LAE,0,0.5653806924819946,0.27086660265922546,1
00955,test,LAE,0,0.39848417043685913,0.27086660265922546,1
00959,test,LAE,0,0.769064724445343,0.27086660265922546,1
00978,test,LAE,0,0.5107262134552002,0.27086660265922546,1
00998,test,LAE,1,0.7581908106803894,0.27086660265922546,1
01006,test,LAE,0,0.5589857697486877,0.27086660265922546,1
01014,test,LAE,0,0.3294292390346527,0.27086660265922546,1
01033,test,LAE,0,0.2308630645275116,0.27086660265922546,0
01048,test,LAE,0,0.0907922312617302,0.27086660265922546,0
01050,test,LAE,0,0.32870495319366455,0.27086660265922546,1
01056,test,LAE,0,0.8461018204689026,0.27086660265922546,1
01059,test,LAE,0,0.4211657643318176,0.27086660265922546,1
01105,test,LAE,0,0.5157869458198547,0.27086660265922546,1
01134,test,LAE,0,0.24574604630470276,0.27086660265922546,0
01153,test,LAE,0,0.09672806411981583,0.27086660265922546,0
01155,test,LAE,0,0.01587751694023609,0.27086660265922546,0
01159,test,LAE,0,0.7269163727760315,0.27086660265922546,1
01171,test,LAE,0,0.23785372078418732,0.27086660265922546,0
01180,test,LAE,0,0.5520679950714111,0.27086660265922546,1
01183,test,LAE,0,0.9339032769203186,0.27086660265922546,1
01187,test,LAE,0,0.10939396172761917,0.27086660265922546,0
01189,test,LAE,1,0.7056052684783936,0.27086660265922546,1
01202,test,LAE,0,0.014664729125797749,0.27086660265922546,0
01239,test,LAE,0,0.7911945581436157,0.27086660265922546,1
01278,test,LAE,0,0.6622361540794373,0.27086660265922546,1
01371,test,LAE,0,0.10976716876029968,0.27086660265922546,0
01387,test,LAE,0,0.10060600191354752,0.27086660265922546,0
01392,test,LAE,0,0.1669807732105255,0.27086660265922546,0
01433,test,LAE,0,0.44555026292800903,0.27086660265922546,1
01447,test,LAE,1,0.7848950028419495,0.27086660265922546,1
01456,test,LAE,0,0.03463032469153404,0.27086660265922546,0
01463,test,LAE,0,0.10788299888372421,0.27086660265922546,0
01469,test,LAE,0,0.26187193393707275,0.27086660265922546,0
01482,test,LAE,0,0.5382400155067444,0.27086660265922546,1
01525,test,LAE,0,0.5616806745529175,0.27086660265922546,1
01549,test,LAE,0,0.00027357740327715874,0.27086660265922546,0
01588,test,LAE,0,0.0049139088951051235,0.27086660265922546,0
01590,test,LAE,0,0.3277420401573181,0.27086660265922546,1
01684,test,LAE,1,0.4376147389411926,0.27086660265922546,1
01696,test,LAE,0,0.017174921929836273,0.27086660265922546,0
01719,test,LAE,0,0.1570018082857132,0.27086660265922546,0
01721,test,LAE,0,0.042805109173059464,0.27086660265922546,0
01747,test,LAE,0,0.09515376389026642,0.27086660265922546,0
01756,test,LAE,1,0.5930542945861816,0.27086660265922546,1
01765,test,LAE,0,0.294766902923584,0.27086660265922546,1
01777,test,LAE,0,0.019893595948815346,0.27086660265922546,0
01797,test,LAE,1,0.9942349791526794,0.27086660265922546,1
01805,test,LAE,1,0.053834766149520874,0.27086660265922546,0
01855,test,LAE,0,0.010762126184999943,0.27086660265922546,0
01863,test,LAE,0,0.6013701558113098,0.27086660265922546,1
01939,test,LAE,0,0.5436893105506897,0.27086660265922546,1
01948,test,LAE,0,0.6935191750526428,0.27086660265922546,1
02042,test,LAE,0,0.9909051060676575,0.27086660265922546,1
02047,test,LAE,0,0.415305495262146,0.27086660265922546,1
02062,test,LAE,0,0.4740939140319824,0.27086660265922546,1
02082,test,LAE,0,0.6509363055229187,0.27086660265922546,1
02103,test,LAE,0,0.5106127262115479,0.27086660265922546,1
02113,test,LAE,1,0.28486916422843933,0.27086660265922546,1
02118,test,LAE,0,0.052052516490221024,0.27086660265922546,0
02120,test,LAE,0,0.023532133549451828,0.27086660265922546,0
02148,test,LAE,0,0.047073137015104294,0.27086660265922546,0
02150,test,LAE,0,0.041556429117918015,0.27086660265922546,0
02165,test,LAE,0,0.2508285939693451,0.27086660265922546,0
02188,test,LAE,0,0.26453253626823425,0.27086660265922546,0
02202,test,LAE,0,0.5731090307235718,0.27086660265922546,1
02206,test,LAE,0,0.0037902474869042635,0.27086660265922546,0
02221,test,LAE,0,0.4223141372203827,0.27086660265922546,1
02227,test,LAE,0,0.9072508215904236,0.27086660265922546,1
02243,test,LAE,0,0.9307883381843567,0.27086660265922546,1
02253,test,LAE,0,0.2319323718547821,0.27086660265922546,0
02276,test,LAE,0,0.4063517153263092,0.27086660265922546,1
02291,test,LAE,0,0.7775800228118896,0.27086660265922546,1
02317,test,LAE,0,0.7291021943092346,0.27086660265922546,1
02323,test,LAE,0,0.19158558547496796,0.27086660265922546,0
02340,test,LAE,0,0.8338282108306885,0.27086660265922546,1
02359,test,LAE,0,0.2718394100666046,0.27086660265922546,1
02401,test,LAE,0,0.5458168387413025,0.27086660265922546,1
02411,test,LAE,0,0.5649363994598389,0.27086660265922546,1
02412,test,LAE,0,0.0535007119178772,0.27086660265922546,0
02428,test,LAE,1,0.847174882888794,0.27086660265922546,1
02459,test,LAE,0,0.3694770932197571,0.27086660265922546,1
02466,test,LAE,0,0.3402906656265259,0.27086660265922546,1
02487,test,LAE,0,0.011848636902868748,0.27086660265922546,0
02492,test,LAE,0,0.7047901153564453,0.27086660265922546,1
02516,test,LAE,0,0.6798060536384583,0.27086660265922546,1
02520,test,LAE,0,0.5064345598220825,0.27086660265922546,1
02525,test,LAE,0,0.6018268465995789,0.27086660265922546,1
02544,test,LAE,0,0.08159201592206955,0.27086660265922546,0
02552,test,LAE,0,0.19186760485172272,0.27086660265922546,0
02565,test,LAE,0,0.7347127795219421,0.27086660265922546,1
02576,test,LAE,0,0.04985888674855232,0.27086660265922546,0
02585,test,LAE,0,0.020753955468535423,0.27086660265922546,0
02588,test,LAE,1,0.3535381257534027,0.27086660265922546,1
02598,test,LAE,0,0.11708776652812958,0.27086660265922546,0
02602,test,LAE,0,0.008761309087276459,0.27086660265922546,0
02606,test,LAE,0,0.8070772886276245,0.27086660265922546,1
02627,test,LAE,0,0.4910993278026581,0.27086660265922546,1
02681,test,LAE,0,0.39374202489852905,0.27086660265922546,1
02684,test,LAE,0,0.7988360524177551,0.27086660265922546,1
02709,test,LAE,0,0.6571650505065918,0.27086660265922546,1
02724,test,LAE,0,0.6809357404708862,0.27086660265922546,1
02735,test,LAE,0,0.22296142578125,0.27086660265922546,0
02761,test,LAE,0,0.3054981529712677,0.27086660265922546,1
02788,test,LAE,0,0.6404454112052917,0.27086660265922546,1
02792,test,LAE,0,0.7326759696006775,0.27086660265922546,1
02846,test,LAE,0,0.2639971077442169,0.27086660265922546,0
02879,test,LAE,0,0.6508129239082336,0.27086660265922546,1
02924,test,LAE,0,0.5918086171150208,0.27086660265922546,1
03000,test,LAE,1,0.5125600695610046,0.27086660265922546,1
03101,test,LAE,0,0.3226240873336792,0.27086660265922546,1
03113,test,LAE,1,0.6965115666389465,0.27086660265922546,1
03135,test,LAE,0,0.6041706800460815,0.27086660265922546,1
03142,test,LAE,1,0.012317674234509468,0.27086660265922546,0
03196,test,LAE,0,0.41812747716903687,0.27086660265922546,1
03202,test,LAE,0,0.6240218877792358,0.27086660265922546,1
03210,test,LAE,0,0.2381964772939682,0.27086660265922546,0
03219,test,LAE,0,0.2754329741001129,0.27086660265922546,1
03238,test,LAE,0,0.06352435797452927,0.27086660265922546,0
03249,test,LAE,0,0.4373864233493805,0.27086660265922546,1
03267,test,LAE,0,0.027295595034956932,0.27086660265922546,0
03272,test,LAE,0,0.6147525906562805,0.27086660265922546,1
03290,test,LAE,0,0.0421782061457634,0.27086660265922546,0
03326,test,LAE,0,0.16901849210262299,0.27086660265922546,0
03353,test,LAE,1,0.33556240797042847,0.27086660265922546,1
03378,test,LAE,0,0.36667779088020325,0.27086660265922546,1
03436,test,LAE,0,0.06295929849147797,0.27086660265922546,0
03476,test,LAE,0,0.7003964781761169,0.27086660265922546,1
03483,test,LAE,1,0.494514524936676,0.27086660265922546,1
03486,test,LAE,1,0.16848550736904144,0.27086660265922546,0
03503,test,LAE,0,0.6101073622703552,0.27086660265922546,1
03505,test,LAE,0,0.2874182164669037,0.27086660265922546,1
03529,test,LAE,0,0.1707077920436859,0.27086660265922546,0
03530,test,LAE,0,0.172272726893425,0.27086660265922546,0
03636,test,LAE,0,0.997623860836029,0.27086660265922546,1
03638,test,LAE,0,0.6487716436386108,0.27086660265922546,1
03685,test,LAE,0,0.7213884592056274,0.27086660265922546,1
03731,test,LAE,0,0.8845415115356445,0.27086660265922546,1
03755,test,LAE,0,0.35830211639404297,0.27086660265922546,1
03821,test,LAE,0,0.12498369812965393,0.27086660265922546,0
03867,test,LAE,0,0.6841138005256653,0.27086660265922546,1
03869,test,LAE,0,0.6247463822364807,0.27086660265922546,1
04002,test,LAE,0,0.6410321593284607,0.27086660265922546,1
04004,test,LAE,0,0.5070708990097046,0.27086660265922546,1
04010,test,LAE,1,0.6685392260551453,0.27086660265922546,1
04081,test,LAE,1,0.6948702931404114,0.27086660265922546,1
04270,test,LAE,0,0.02577359974384308,0.27086660265922546,0
04313,test,LAE,0,0.1330031454563141,0.27086660265922546,0
04359,test,LAE,0,0.6353207230567932,0.27086660265922546,1
04366,test,LAE,0,0.4611121118068695,0.27086660265922546,1
04465,test,LAE,0,0.10984985530376434,0.27086660265922546,0
04496,test,LAE,0,0.9080601334571838,0.27086660265922546,1
04568,test,LAE,0,0.7298652529716492,0.27086660265922546,1
04670,test,LAE,0,0.2860368490219116,0.27086660265922546,1
04673,test,LAE,0,0.4702427089214325,0.27086660265922546,1
04701,test,LAE,0,0.15162110328674316,0.27086660265922546,0
04827,test,LAE,0,0.047254811972379684,0.27086660265922546,0
04850,test,LAE,0,0.43934908509254456,0.27086660265922546,1
04891,test,LAE,0,0.5954732298851013,0.27086660265922546,1
04946,test,LAE,0,0.593197226524353,0.27086660265922546,1
04990,test,LAE,0,0.47188371419906616,0.27086660265922546,1
04991,test,LAE,0,0.6293759346008301,0.27086660265922546,1
04995,test,LAE,1,0.7167125940322876,0.27086660265922546,1
05018,test,LAE,0,0.27917954325675964,0.27086660265922546,1
05034,test,LAE,1,0.6555036902427673,0.27086660265922546,1
05043,test,LAE,0,0.18300381302833557,0.27086660265922546,0
05052,test,LAE,1,0.1873778998851776,0.27086660265922546,0
05059,test,LAE,1,0.5919765830039978,0.27086660265922546,1
05062,test,LAE,1,0.08916870504617691,0.27086660265922546,0
05070,test,LAE,1,0.3656816780567169,0.27086660265922546,1
05093,test,LAE,0,0.09604653716087341,0.27086660265922546,0
05145,test,LAE,0,0.4773789942264557,0.27086660265922546,1
05297,test,LAE,1,0.08756455034017563,0.27086660265922546,0
05306,test,LAE,0,0.6147714257240295,0.27086660265922546,1
05314,test,LAE,0,0.07509484142065048,0.27086660265922546,0
05334,test,LAE,0,0.0884605273604393,0.27086660265922546,0
05343,test,LAE,1,0.4194723963737488,0.27086660265922546,1
05470,test,LAE,0,0.4598812758922577,0.27086660265922546,1
05476,test,LAE,0,0.23120160400867462,0.27086660265922546,0
05520,test,LAE,0,0.5954117774963379,0.27086660265922546,1
05538,test,LAE,0,0.5660600662231445,0.27086660265922546,1
05546,test,LAE,1,0.0010582887334749103,0.27086660265922546,0
05667,test,LAE,0,0.017000539228320122,0.27086660265922546,0
05709,test,LAE,0,0.005022231489419937,0.27086660265922546,0
05729,test,LAE,0,0.30575498938560486,0.27086660265922546,1
05755,test,LAE,0,0.6975061297416687,0.27086660265922546,1
05769,test,LAE,0,0.6960093379020691,0.27086660265922546,1
05821,test,LAE,1,0.22446948289871216,0.27086660265922546,0
05848,test,LAE,0,0.2628489136695862,0.27086660265922546,0
05872,test,LAE,1,0.9193108081817627,0.27086660265922546,1
06058,test,LAE,0,0.9087381362915039,0.27086660265922546,1
06130,test,LAE,0,0.0068937563337385654,0.27086660265922546,0
06197,test,LAE,0,0.006217446178197861,0.27086660265922546,0
06211,test,LAE,0,0.3037104904651642,0.27086660265922546,1
06212,test,LAE,0,0.5356069803237915,0.27086660265922546,1
06252,test,LAE,0,0.020715797320008278,0.27086660265922546,0
06254,test,LAE,1,0.6850972175598145,0.27086660265922546,1
06332,test,LAE,1,0.9218405485153198,0.27086660265922546,1
06353,test,LAE,0,0.33144697546958923,0.27086660265922546,1
06417,test,LAE,0,0.05794677510857582,0.27086660265922546,0
06445,test,LAE,0,0.017608776688575745,0.27086660265922546,0
06450,test,LAE,0,0.052744392305612564,0.27086660265922546,0
06545,test,LAE,0,0.47219541668891907,0.27086660265922546,1
06552,test,LAE,0,0.39008471369743347,0.27086660265922546,1
06557,test,LAE,0,0.32317373156547546,0.27086660265922546,1
06595,test,LAE,0,0.7303929328918457,0.27086660265922546,1
06704,test,LAE,0,0.7568539977073669,0.27086660265922546,1
06708,test,LAE,0,0.3091176152229309,0.27086660265922546,1
06762,test,LAE,1,0.6934653520584106,0.27086660265922546,1
06767,test,LAE,0,0.5591188073158264,0.27086660265922546,1
06827,test,LAE,0,0.09691042453050613,0.27086660265922546,0
06915,test,LAE,0,0.28363820910453796,0.27086660265922546,1
06965,test,LAE,0,0.38043442368507385,0.27086660265922546,1
07036,test,LAE,1,0.7050848603248596,0.27086660265922546,1
07177,test,LAE,0,0.7238807678222656,0.27086660265922546,1
07189,test,LAE,1,0.49519380927085876,0.27086660265922546,1
07226,test,LAE,1,0.6376807689666748,0.27086660265922546,1
07255,test,LAE,1,0.5402612686157227,0.27086660265922546,1
07500,test,LAE,0,0.6410640478134155,0.27086660265922546,1
07518,test,LAE,1,0.14365066587924957,0.27086660265922546,0
07584,test,LAE,0,0.7155691981315613,0.27086660265922546,1
07595,test,LAE,0,0.5750425457954407,0.27086660265922546,1
07598,test,LAE,1,0.12264236062765121,0.27086660265922546,0
07660,test,LAE,0,0.008143055252730846,0.27086660265922546,0
07686,test,LAE,1,0.7277304530143738,0.27086660265922546,1
07688,test,LAE,0,0.08055712282657623,0.27086660265922546,0
07703,test,LAE,0,0.7697438597679138,0.27086660265922546,1
07728,test,LAE,0,0.6295479536056519,0.27086660265922546,1
07753,test,LAE,0,0.5796738862991333,0.27086660265922546,1
07816,test,LAE,1,0.43830054998397827,0.27086660265922546,1
07876,test,LAE,1,0.2949312925338745,0.27086660265922546,1
07939,test,LAE,0,0.11234541982412338,0.27086660265922546,0
08013,test,LAE,0,0.3832974135875702,0.27086660265922546,1
08048,test,LAE,0,0.7511874437332153,0.27086660265922546,1
08129,test,LAE,0,0.4729674756526947,0.27086660265922546,1
08135,test,LAE,0,0.6771771311759949,0.27086660265922546,1
08157,test,LAE,0,0.7426172494888306,0.27086660265922546,1
08231,test,LAE,0,0.2176019698381424,0.27086660265922546,0
08251,test,LAE,1,0.74885493516922,0.27086660265922546,1
08272,test,LAE,1,0.6516547203063965,0.27086660265922546,1
08401,test,LAE,0,0.0025452987756580114,0.27086660265922546,0
08487,test,LAE,1,0.03403877839446068,0.27086660265922546,0
08746,test,LAE,1,0.6552506685256958,0.27086660265922546,1
08749,test,LAE,0,0.8827098608016968,0.27086660265922546,1
08787,test,LAE,0,0.3313930630683899,0.27086660265922546,1
08792,test,LAE,0,0.08396013081073761,0.27086660265922546,0
08799,test,LAE,1,0.2725474536418915,0.27086660265922546,1
08877,test,LAE,1,0.6540802121162415,0.27086660265922546,1
08888,test,LAE,0,0.5394692420959473,0.27086660265922546,1
08889,test,LAE,1,0.7889080047607422,0.27086660265922546,1
08911,test,LAE,1,0.733535647392273,0.27086660265922546,1
08985,test,LAE,0,0.851499617099762,0.27086660265922546,1
08994,test,LAE,1,0.8950130343437195,0.27086660265922546,1
08996,test,LAE,1,0.7292230129241943,0.27086660265922546,1
09015,test,LAE,0,0.7792955636978149,0.27086660265922546,1
09030,test,LAE,0,0.7149866223335266,0.27086660265922546,1
09070,test,LAE,1,0.9509630799293518,0.27086660265922546,1
09100,test,LAE,0,0.5425201058387756,0.27086660265922546,1
09101,test,LAE,0,0.5502766966819763,0.27086660265922546,1
09136,test,LAE,0,0.10051579028367996,0.27086660265922546,0
09265,test,LAE,0,0.15370754897594452,0.27086660265922546,0
09306,test,LAE,1,0.845243513584137,0.27086660265922546,1
09317,test,LAE,0,0.5886220932006836,0.27086660265922546,1
09383,test,LAE,0,0.1546175181865692,0.27086660265922546,0
09416,test,LAE,0,0.32169151306152344,0.27086660265922546,1
09494,test,LAE,1,0.4294726848602295,0.27086660265922546,1
09507,test,LAE,0,0.8617148399353027,0.27086660265922546,1
09543,test,LAE,0,0.08346818387508392,0.27086660265922546,0
09545,test,LAE,1,0.7860351800918579,0.27086660265922546,1
09713,test,LAE,1,0.003973667975515127,0.27086660265922546,0
10012,test,LAE,1,0.8326943516731262,0.27086660265922546,1
10051,test,LAE,0,0.5635868310928345,0.27086660265922546,1
10070,test,LAE,0,0.7158114910125732,0.27086660265922546,1
10173,test,LAE,1,0.05880678445100784,0.27086660265922546,0
10310,test,LAE,0,0.6884526610374451,0.27086660265922546,1
10343,test,LAE,0,0.060454148799180984,0.27086660265922546,0
10347,test,LAE,0,0.8104972839355469,0.27086660265922546,1
10450,test,LAE,0,0.599733293056488,0.27086660265922546,1
10548,test,LAE,0,0.2601286470890045,0.27086660265922546,0
10646,test,LAE,0,0.9165204167366028,0.27086660265922546,1
10695,test,LAE,1,0.6564509272575378,0.27086660265922546,1
10707,test,LAE,0,0.5754366517066956,0.27086660265922546,1
10807,test,LAE,0,0.2589006721973419,0.27086660265922546,0
10837,test,LAE,0,0.3695240914821625,0.27086660265922546,1
10852,test,LAE,0,0.14741623401641846,0.27086660265922546,0
10878,test,LAE,0,0.13273316621780396,0.27086660265922546,0
10888,test,LAE,0,0.5985395908355713,0.27086660265922546,1
10961,test,LAE,0,0.21117007732391357,0.27086660265922546,0
11047,test,LAE,0,0.26587334275245667,0.27086660265922546,0
11071,test,LAE,0,0.7152391076087952,0.27086660265922546,1
11094,test,LAE,0,0.3007220923900604,0.27086660265922546,1
11110,test,LAE,0,0.01375564094632864,0.27086660265922546,0
11335,test,LAE,0,0.007106296252459288,0.27086660265922546,0
11457,test,LAE,0,0.5891368985176086,0.27086660265922546,1
11495,test,LAE,1,0.9043951630592346,0.27086660265922546,1
11498,test,LAE,0,0.021040964871644974,0.27086660265922546,0
11500,test,LAE,0,0.40277424454689026,0.27086660265922546,1
11527,test,LAE,0,0.06418302655220032,0.27086660265922546,0
11542,test,LAE,1,0.019010605290532112,0.27086660265922546,0
11766,test,LAE,0,0.2753725051879883,0.27086660265922546,1
11998,test,LAE,0,0.32058319449424744,0.27086660265922546,1
12236,test,LAE,1,0.940400242805481,0.27086660265922546,1
12279,test,LAE,0,0.01615336537361145,0.27086660265922546,0
12593,test,LAE,1,0.4352107644081116,0.27086660265922546,1
12872,test,LAE,0,0.6140942573547363,0.27086660265922546,1
13050,test,LAE,0,0.04363297298550606,0.27086660265922546,0
13222,test,LAE,1,0.2044803947210312,0.27086660265922546,0
13228,test,LAE,0,0.8796727061271667,0.27086660265922546,1
13246,test,LAE,1,0.6109282374382019,0.27086660265922546,1
13247,test,LAE,0,0.02646150067448616,0.27086660265922546,0
13278,test,LAE,1,0.502541184425354,0.27086660265922546,1
13369,test,LAE,1,0.4182629883289337,0.27086660265922546,1
13439,test,LAE,0,0.25475597381591797,0.27086660265922546,0
13515,test,LAE,1,0.6619184613227844,0.27086660265922546,1
13665,test,LAE,1,0.9945945143699646,0.27086660265922546,1
13913,test,LAE,0,0.6393673419952393,0.27086660265922546,1
13931,test,LAE,0,0.3922979235649109,0.27086660265922546,1
14194,test,LAE,0,0.4393174350261688,0.27086660265922546,1
14336,test,LAE,1,0.03959830850362778,0.27086660265922546,0
14354,test,LAE,1,0.040399372577667236,0.27086660265922546,0
14490,test,LAE,1,0.15485092997550964,0.27086660265922546,0
14576,test,LAE,1,0.4983777105808258,0.27086660265922546,1
14582,test,LAE,0,0.026387158781290054,0.27086660265922546,0
14650,test,LAE,1,0.4839577376842499,0.27086660265922546,1
14677,test,LAE,0,0.09283513575792313,0.27086660265922546,0
14729,test,LAE,1,0.026589293032884598,0.27086660265922546,0
14815,test,LAE,1,0.9847842454910278,0.27086660265922546,1
14829,test,LAE,0,0.695464015007019,0.27086660265922546,1
14847,test,LAE,0,0.7123899459838867,0.27086660265922546,1
15010,test,LAE,1,0.6858230233192444,0.27086660265922546,1
15368,test,LAE,0,0.29895099997520447,0.27086660265922546,1
15501,test,LAE,0,0.8533090353012085,0.27086660265922546,1
15577,test,LAE,1,0.8331584930419922,0.27086660265922546,1
15871,test,LAE,0,0.3817875385284424,0.27086660265922546,1
16175,test,LAE,0,0.5259561538696289,0.27086660265922546,1
16271,test,LAE,0,0.7449794411659241,0.27086660265922546,1
16345,test,LAE,0,0.04576858878135681,0.27086660265922546,0
16366,test,LAE,1,0.04114200919866562,0.27086660265922546,0
16406,test,LAE,0,1.8524806364439428e-05,0.27086660265922546,0
16427,test,LAE,0,0.6554784774780273,0.27086660265922546,1
16486,test,LAE,0,0.2546745836734772,0.27086660265922546,0
16559,test,LAE,0,0.6992956399917603,0.27086660265922546,1
16965,test,LAE,1,0.4380670487880707,0.27086660265922546,1
17254,test,LAE,0,0.7022258043289185,0.27086660265922546,1
17503,test,LAE,0,0.011217803694307804,0.27086660265922546,0
17582,test,LAE,0,0.15544599294662476,0.27086660265922546,0
17940,test,LAE,0,0.9833706617355347,0.27086660265922546,1
17961,test,LAE,0,0.682397723197937,0.27086660265922546,1
18339,test,LAE,0,0.012117247097194195,0.27086660265922546,0
18345,test,LAE,0,0.6771811842918396,0.27086660265922546,1
18421,test,LAE,0,0.456621378660202,0.27086660265922546,1
18539,test,LAE,0,0.7058303952217102,0.27086660265922546,1
18542,test,LAE,0,0.6373750567436218,0.27086660265922546,1
18711,test,LAE,0,0.12764357030391693,0.27086660265922546,0
19082,test,LAE,0,0.7410721778869629,0.27086660265922546,1
19146,test,LAE,0,0.2581302523612976,0.27086660265922546,0
19341,test,LAE,0,0.5072318315505981,0.27086660265922546,1
20050,test,LAE,0,0.6766771674156189,0.27086660265922546,1
20147,test,LAE,1,0.04202660918235779,0.27086660265922546,0
20391,test,LAE,0,0.019640881568193436,0.27086660265922546,0
20536,test,LAE,0,0.7282153367996216,0.27086660265922546,1
20592,test,LAE,1,0.06475389748811722,0.27086660265922546,0
20830,test,LAE,0,0.023964576423168182,0.27086660265922546,0
21208,test,LAE,0,0.16409514844417572,0.27086660265922546,0
21243,test,LAE,0,0.5794016718864441,0.27086660265922546,1
21533,test,LAE,0,0.6202578544616699,0.27086660265922546,1
21748,test,LAE,0,0.12240476161241531,0.27086660265922546,0
21766,test,LAE,0,0.15496620535850525,0.27086660265922546,0
21781,test,LAE,0,0.0961962640285492,0.27086660265922546,0
00102,test,ISC_,0,0.8682775497436523,0.831833004951477,1
00135,test,ISC_,0,0.4392071068286896,0.831833004951477,0
00164,test,ISC_,0,0.5069650411605835,0.831833004951477,0
00182,test,ISC_,0,0.042597584426403046,0.831833004951477,0
00191,test,ISC_,0,0.6298823952674866,0.831833004951477,0
00257,test,ISC_,0,0.033563774079084396,0.831833004951477,0
00258,test,ISC_,0,0.448533833026886,0.831833004951477,0
00294,test,ISC_,0,0.0712655708193779,0.831833004951477,0
00311,test,ISC_,0,0.38395968079566956,0.831833004951477,0
00383,test,ISC_,1,0.5451545715332031,0.831833004951477,0
00386,test,ISC_,1,0.5185718536376953,0.831833004951477,0
00413,test,ISC_,1,0.882721483707428,0.831833004951477,1
00429,test,ISC_,1,0.7120424509048462,0.831833004951477,0
00486,test,ISC_,0,0.5583985447883606,0.831833004951477,0
00524,test,ISC_,1,0.5659277439117432,0.831833004951477,0
00534,test,ISC_,1,0.7171184420585632,0.831833004951477,0
00544,test,ISC_,1,0.5171350240707397,0.831833004951477,0
00550,test,ISC_,0,0.11437895894050598,0.831833004951477,0
00551,test,ISC_,1,0.6002883911132812,0.831833004951477,0
00556,test,ISC_,0,0.9711876511573792,0.831833004951477,1
00563,test,ISC_,0,0.9075940847396851,0.831833004951477,1
00604,test,ISC_,0,0.24585211277008057,0.831833004951477,0
00623,test,ISC_,0,0.030949316918849945,0.831833004951477,0
00685,test,ISC_,0,0.10644418001174927,0.831833004951477,0
00704,test,ISC_,0,0.9968523383140564,0.831833004951477,1
00706,test,ISC_,0,0.6411451101303101,0.831833004951477,0
00728,test,ISC_,0,0.48663249611854553,0.831833004951477,0
00743,test,ISC_,0,0.920610785484314,0.831833004951477,1
00750,test,ISC_,0,0.6977466940879822,0.831833004951477,0
00756,test,ISC_,0,0.5502733588218689,0.831833004951477,0
00757,test,ISC_,1,0.9986704587936401,0.831833004951477,1
00766,test,ISC_,0,0.9931053519248962,0.831833004951477,1
00800,test,ISC_,0,0.11398034542798996,0.831833004951477,0
00833,test,ISC_,0,0.02471747063100338,0.831833004951477,0
00840,test,ISC_,0,0.6378195881843567,0.831833004951477,0
00854,test,ISC_,0,0.6212797164916992,0.831833004951477,0
00861,test,ISC_,0,0.44178852438926697,0.831833004951477,0
00882,test,ISC_,0,0.4513872563838959,0.831833004951477,0
00894,test,ISC_,1,0.5053805708885193,0.831833004951477,0
00955,test,ISC_,0,0.38284510374069214,0.831833004951477,0
00959,test,ISC_,0,0.513315737247467,0.831833004951477,0
00978,test,ISC_,1,0.6083577275276184,0.831833004951477,0
00998,test,ISC_,0,0.049592167139053345,0.831833004951477,0
01006,test,ISC_,1,0.8310674428939819,0.831833004951477,0
01014,test,ISC_,0,0.6990287899971008,0.831833004951477,0
01033,test,ISC_,1,0.9830490350723267,0.831833004951477,1
01048,test,ISC_,1,0.9946957230567932,0.831833004951477,1
01050,test,ISC_,1,0.2556975483894348,0.831833004951477,0
01056,test,ISC_,0,0.07527155429124832,0.831833004951477,0
01059,test,ISC_,0,0.18311060965061188,0.831833004951477,0
01105,test,ISC_,1,0.18202662467956543,0.831833004951477,0
01134,test,ISC_,0,0.12428180128335953,0.831833004951477,0
01153,test,ISC_,0,0.4356781542301178,0.831833004951477,0
01155,test,ISC_,0,0.5920026898384094,0.831833004951477,0
01159,test,ISC_,0,0.5627237558364868,0.831833004951477,0
01171,test,ISC_,0,0.46406859159469604,0.831833004951477,0
01180,test,ISC_,0,0.19485192000865936,0.831833004951477,0
01183,test,ISC_,0,0.6243380904197693,0.831833004951477,0
01187,test,ISC_,1,0.9765253067016602,0.831833004951477,1
01189,test,ISC_,0,0.3192332088947296,0.831833004951477,0
01202,test,ISC_,1,0.8345195651054382,0.831833004951477,1
01239,test,ISC_,0,0.19266250729560852,0.831833004951477,0
01278,test,ISC_,0,0.343289315700531,0.831833004951477,0
01371,test,ISC_,0,0.1861661821603775,0.831833004951477,0
01387,test,ISC_,0,0.0802178680896759,0.831833004951477,0
01392,test,ISC_,0,0.6193432807922363,0.831833004951477,0
01433,test,ISC_,0,0.26229289174079895,0.831833004951477,0
01447,test,ISC_,0,0.6117276549339294,0.831833004951477,0
01456,test,ISC_,1,0.9625030755996704,0.831833004951477,1
01463,test,ISC_,0,0.035216107964515686,0.831833004951477,0
01469,test,ISC_,1,0.8909025192260742,0.831833004951477,1
01482,test,ISC_,0,0.12890535593032837,0.831833004951477,0
01525,test,ISC_,0,0.012888165190815926,0.831833004951477,0
01549,test,ISC_,1,0.9987494945526123,0.831833004951477,1
01588,test,ISC_,0,0.31132906675338745,0.831833004951477,0
01590,test,ISC_,0,0.2145252674818039,0.831833004951477,0
01684,test,ISC_,0,0.9825604557991028,0.831833004951477,1
01696,test,ISC_,0,0.9950312376022339,0.831833004951477,1
01719,test,ISC_,0,0.8579442501068115,0.831833004951477,1
01721,test,ISC_,0,0.662423312664032,0.831833004951477,0
01747,test,ISC_,0,0.7145501375198364,0.831833004951477,0
01756,test,ISC_,0,0.5198321342468262,0.831833004951477,0
01765,test,ISC_,0,0.8194223642349243,0.831833004951477,0
01777,test,ISC_,1,0.7927566170692444,0.831833004951477,0
01797,test,ISC_,0,0.0805276557803154,0.831833004951477,0
01805,test,ISC_,1,0.9980237483978271,0.831833004951477,1
01855,test,ISC_,0,0.9784787893295288,0.831833004951477,1
01863,test,ISC_,1,0.5810632109642029,0.831833004951477,0
01939,test,ISC_,0,0.5466116070747375,0.831833004951477,0
01948,test,ISC_,0,0.5417842864990234,0.831833004951477,0
02042,test,ISC_,0,0.004775714129209518,0.831833004951477,0
02047,test,ISC_,0,0.37519028782844543,0.831833004951477,0
02062,test,ISC_,0,0.594956636428833,0.831833004951477,0
02082,test,ISC_,0,0.19238334894180298,0.831833004951477,0
02103,test,ISC_,1,0.7223817706108093,0.831833004951477,0
02113,test,ISC_,0,0.515662431716919,0.831833004951477,0
02118,test,ISC_,0,0.006057157646864653,0.831833004951477,0
02120,test,ISC_,0,0.009995718486607075,0.831833004951477,0
02148,test,ISC_,1,0.5115920305252075,0.831833004951477,0
02150,test,ISC_,1,0.9943388104438782,0.831833004951477,1
02165,test,ISC_,1,0.8985238671302795,0.831833004951477,1
02188,test,ISC_,0,0.08844713866710663,0.831833004951477,0
02202,test,ISC_,0,0.5649020075798035,0.831833004951477,0
02206,test,ISC_,0,0.8360356688499451,0.831833004951477,1
02221,test,ISC_,0,0.5708556175231934,0.831833004951477,0
02227,test,ISC_,0,0.05027558654546738,0.831833004951477,0
02243,test,ISC_,0,0.03565683588385582,0.831833004951477,0
02253,test,ISC_,0,0.001126761781051755,0.831833004951477,0
02276,test,ISC_,0,0.5803616046905518,0.831833004951477,0
02291,test,ISC_,0,0.6021419167518616,0.831833004951477,0
02317,test,ISC_,1,0.6143892407417297,0.831833004951477,0
02323,test,ISC_,1,0.8233815431594849,0.831833004951477,0
02340,test,ISC_,0,0.4039132595062256,0.831833004951477,0
02359,test,ISC_,0,0.672019898891449,0.831833004951477,0
02401,test,ISC_,0,0.5207233428955078,0.831833004951477,0
02411,test,ISC_,1,0.6908484697341919,0.831833004951477,0
02412,test,ISC_,1,0.4186675548553467,0.831833004951477,0
02428,test,ISC_,0,0.36970359086990356,0.831833004951477,0
02459,test,ISC_,0,0.0762210488319397,0.831833004951477,0
02466,test,ISC_,1,0.8370309472084045,0.831833004951477,1
02487,test,ISC_,0,0.9997201561927795,0.831833004951477,1
02492,test,ISC_,0,0.6412017345428467,0.831833004951477,0
02516,test,ISC_,0,0.5491365790367126,0.831833004951477,0
02520,test,ISC_,0,0.4197826087474823,0.831833004951477,0
02525,test,ISC_,0,0.5869566798210144,0.831833004951477,0
02544,test,ISC_,1,0.0891263335943222,0.831833004951477,0
02552,test,ISC_,1,0.5976338386535645,0.831833004951477,0
02565,test,ISC_,1,0.543948233127594,0.831833004951477,0
02576,test,ISC_,0,0.05054052546620369,0.831833004951477,0
02585,test,ISC_,0,0.178841695189476,0.831833004951477,0
02588,test,ISC_,1,0.9914223551750183,0.831833004951477,1
02598,test,ISC_,0,0.7589438557624817,0.831833004951477,0
02602,test,ISC_,0,0.518894612789154,0.831833004951477,0
02606,test,ISC_,0,0.504335343837738,0.831833004951477,0
02627,test,ISC_,0,0.332926869392395,0.831833004951477,0
02681,test,ISC_,0,0.007368953432887793,0.831833004951477,0
02684,test,ISC_,0,0.26952847838401794,0.831833004951477,0
02709,test,ISC_,0,0.2573711574077606,0.831833004951477,0
02724,test,ISC_,0,0.3840777575969696,0.831833004951477,0
02735,test,ISC_,0,0.5397305488586426,0.831833004951477,0
02761,test,ISC_,1,0.611784040927887,0.831833004951477,0
02788,test,ISC_,0,0.5919431447982788,0.831833004951477,0
02792,test,ISC_,0,0.013869021087884903,0.831833004951477,0
02846,test,ISC_,0,0.008193328976631165,0.831833004951477,0
02879,test,ISC_,0,0.18406611680984497,0.831833004951477,0
02924,test,ISC_,0,0.2602335810661316,0.831833004951477,0
03000,test,ISC_,0,0.7067617774009705,0.831833004951477,0
03101,test,ISC_,0,0.004853459540754557,0.831833004951477,0
03113,test,ISC_,0,0.004227512516081333,0.831833004951477,0
03135,test,ISC_,0,0.5495909452438354,0.831833004951477,0
03142,test,ISC_,0,0.9933668971061707,0.831833004951477,1
03196,test,ISC_,0,0.5325415730476379,0.831833004951477,0
03202,test,ISC_,0,0.7545053362846375,0.831833004951477,0
03210,test,ISC_,1,0.982559323310852,0.831833004951477,1
03219,test,ISC_,0,0.18591861426830292,0.831833004951477,0
03238,test,ISC_,1,0.9866489768028259,0.831833004951477,1
03249,test,ISC_,0,0.5568966865539551,0.831833004951477,0
03267,test,ISC_,0,0.46858254075050354,0.831833004951477,0
03272,test,ISC_,0,0.5262199640274048,0.831833004951477,0
03290,test,ISC_,0,0.6954794526100159,0.831833004951477,0
03326,test,ISC_,0,0.7808137536048889,0.831833004951477,0
03353,test,ISC_,0,0.7017012238502502,0.831833004951477,0
03378,test,ISC_,0,0.8490809202194214,0.831833004951477,1
03436,test,ISC_,0,0.12913846969604492,0.831833004951477,0
03476,test,ISC_,0,0.1952635496854782,0.831833004951477,0
03483,test,ISC_,0,0.615098774433136,0.831833004951477,0
03486,test,ISC_,0,0.6326050758361816,0.831833004951477,0
03503,test,ISC_,0,0.3342951536178589,0.831833004951477,0
03505,test,ISC_,1,0.15134179592132568,0.831833004951477,0
03529,test,ISC_,0,0.915208101272583,0.831833004951477,1
03530,test,ISC_,1,0.43562403321266174,0.831833004951477,0
03636,test,ISC_,0,0.006337455939501524,0.831833004951477,0
03638,test,ISC_,0,0.21367880702018738,0.831833004951477,0
03685,test,ISC_,0,0.6012548208236694,0.831833004951477,0
03731,test,ISC_,0,0.2864333987236023,0.831833004951477,0
03755,test,ISC_,0,0.42962878942489624,0.831833004951477,0
03821,test,ISC_,0,0.009258066304028034,0.831833004951477,0
03867,test,ISC_,1,0.6354945302009583,0.831833004951477,0
03869,test,ISC_,1,0.6189666986465454,0.831833004951477,0
04002,test,ISC_,0,0.07292141765356064,0.831833004951477,0
04004,test,ISC_,0,0.2619209885597229,0.831833004951477,0
04010,test,ISC_,0,0.5532292723655701,0.831833004951477,0
04081,test,ISC_,0,0.08744927495718002,0.831833004951477,0
04270,test,ISC_,0,0.034340325742959976,0.831833004951477,0
04313,test,ISC_,1,0.9399707317352295,0.831833004951477,1
04359,test,ISC_,0,0.4563196003437042,0.831833004951477,0
04366,test,ISC_,0,0.08441071957349777,0.831833004951477,0
04465,test,ISC_,0,0.6874488592147827,0.831833004951477,0
04496,test,ISC_,0,0.24029064178466797,0.831833004951477,0
04568,test,ISC_,0,0.6623682975769043,0.831833004951477,0
04670,test,ISC_,0,0.7353400588035583,0.831833004951477,0
04673,test,ISC_,0,0.0027347994036972523,0.831833004951477,0
04701,test,ISC_,1,0.9634848833084106,0.831833004951477,1
04827,test,ISC_,0,0.8378235697746277,0.831833004951477,1
04850,test,ISC_,1,0.7182950973510742,0.831833004951477,0
04891,test,ISC_,0,0.4313771724700928,0.831833004951477,0
04946,test,ISC_,0,0.3368494212627411,0.831833004951477,0
04990,test,ISC_,0,0.851536750793457,0.831833004951477,1
04991,test,ISC_,0,0.3053496479988098,0.831833004951477,0
04995,test,ISC_,0,0.474229633808136,0.831833004951477,0
05018,test,ISC_,1,0.8982512950897217,0.831833004951477,1
05034,test,ISC_,0,0.5757316946983337,0.831833004951477,0
05043,test,ISC_,0,0.8559863567352295,0.831833004951477,1
05052,test,ISC_,0,0.9151668548583984,0.831833004951477,1
05059,test,ISC_,0,0.1370745599269867,0.831833004951477,0
05062,test,ISC_,1,0.6911543607711792,0.831833004951477,0
05070,test,ISC_,0,0.46186214685440063,0.831833004951477,0
05093,test,ISC_,0,0.0020209699869155884,0.831833004951477,0
05145,test,ISC_,0,0.12363944202661514,0.831833004951477,0
05297,test,ISC_,0,0.9301454424858093,0.831833004951477,1
05306,test,ISC_,0,0.06147048622369766,0.831833004951477,0
05314,test,ISC_,1,0.3296184837818146,0.831833004951477,0
05334,test,ISC_,1,0.05473474785685539,0.831833004951477,0
05343,test,ISC_,0,0.7649503946304321,0.831833004951477,0
05470,test,ISC_,0,0.036674048751592636,0.831833004951477,0
05476,test,ISC_,0,0.8433799743652344,0.831833004951477,1
05520,test,ISC_,0,0.620602548122406,0.831833004951477,0
05538,test,ISC_,0,0.7049062252044678,0.831833004951477,0
05546,test,ISC_,1,0.9990471005439758,0.831833004951477,1
05667,test,ISC_,0,0.6729973554611206,0.831833004951477,0
05709,test,ISC_,0,0.023296959698200226,0.831833004951477,0
05729,test,ISC_,1,0.09665149450302124,0.831833004951477,0
05755,test,ISC_,0,0.3701726496219635,0.831833004951477,0
05769,test,ISC_,1,0.5426988005638123,0.831833004951477,0
05821,test,ISC_,1,0.9012759923934937,0.831833004951477,1
05848,test,ISC_,0,0.6274327039718628,0.831833004951477,0
05872,test,ISC_,0,0.23504230380058289,0.831833004951477,0
06058,test,ISC_,0,0.20841464400291443,0.831833004951477,0
06130,test,ISC_,0,0.9599541425704956,0.831833004951477,1
06197,test,ISC_,1,0.9787458181381226,0.831833004951477,1
06211,test,ISC_,0,0.23931024968624115,0.831833004951477,0
06212,test,ISC_,0,0.00032621147693134844,0.831833004951477,0
06252,test,ISC_,0,0.04289370775222778,0.831833004951477,0
06254,test,ISC_,0,0.6543556451797485,0.831833004951477,0
06332,test,ISC_,0,0.0037935348227620125,0.831833004951477,0
06353,test,ISC_,1,0.753016471862793,0.831833004951477,0
06417,test,ISC_,0,0.4357851445674896,0.831833004951477,0
06445,test,ISC_,0,0.4001700282096863,0.831833004951477,0
06450,test,ISC_,0,0.3740595281124115,0.831833004951477,0
06545,test,ISC_,0,0.7083127498626709,0.831833004951477,0
06552,test,ISC_,0,0.13318805396556854,0.831833004951477,0
06557,test,ISC_,0,0.05483861640095711,0.831833004951477,0
06595,test,ISC_,0,0.3663676083087921,0.831833004951477,0
06704,test,ISC_,0,0.4163256585597992,0.831833004951477,0
06708,test,ISC_,0,0.3172212541103363,0.831833004951477,0
06762,test,ISC_,0,0.45444393157958984,0.831833004951477,0
06767,test,ISC_,0,0.49405980110168457,0.831833004951477,0
06827,test,ISC_,0,0.013668280094861984,0.831833004951477,0
06915,test,ISC_,0,0.5254125595092773,0.831833004951477,0
06965,test,ISC_,0,0.8594199419021606,0.831833004951477,1
07036,test,ISC_,0,0.5764185190200806,0.831833004951477,0
07177,test,ISC_,0,0.0023668252397328615,0.831833004951477,0
07189,test,ISC_,0,0.32549792528152466,0.831833004951477,0
07226,test,ISC_,0,0.5440574884414673,0.831833004951477,0
07255,test,ISC_,0,0.07082514464855194,0.831833004951477,0
07500,test,ISC_,0,0.16986916959285736,0.831833004951477,0
07518,test,ISC_,0,0.0005563746090047061,0.831833004951477,0
07584,test,ISC_,0,0.29226595163345337,0.831833004951477,0
07595,test,ISC_,0,0.597128689289093,0.831833004951477,0
07598,test,ISC_,0,0.9914665222167969,0.831833004951477,1
07660,test,ISC_,0,0.06296683102846146,0.831833004951477,0
07686,test,ISC_,0,0.07390283048152924,0.831833004951477,0
07688,test,ISC_,1,0.8451367616653442,0.831833004951477,1
07703,test,ISC_,0,0.11470317095518112,0.831833004951477,0
07728,test,ISC_,0,0.3460489809513092,0.831833004951477,0
07753,test,ISC_,0,0.38212987780570984,0.831833004951477,0
07816,test,ISC_,0,0.4521771967411041,0.831833004951477,0
07876,test,ISC_,1,0.07002367824316025,0.831833004951477,0
07939,test,ISC_,0,0.41229531168937683,0.831833004951477,0
08013,test,ISC_,1,0.46552324295043945,0.831833004951477,0
08048,test,ISC_,0,0.5363258123397827,0.831833004951477,0
08129,test,ISC_,0,0.15325960516929626,0.831833004951477,0
08135,test,ISC_,0,0.8150930404663086,0.831833004951477,0
08157,test,ISC_,0,0.04549816623330116,0.831833004951477,0
08231,test,ISC_,0,0.7057747840881348,0.831833004951477,0
08251,test,ISC_,0,0.41332265734672546,0.831833004951477,0
08272,test,ISC_,0,0.5268645286560059,0.831833004951477,0
08401,test,ISC_,0,0.44968971610069275,0.831833004951477,0
08487,test,ISC_,0,0.999362051486969,0.831833004951477,1
08746,test,ISC_,0,0.46112388372421265,0.831833004951477,0
08749,test,ISC_,0,0.06696145981550217,0.831833004951477,0
08787,test,ISC_,0,0.2919459939002991,0.831833004951477,0
08792,test,ISC_,0,0.0058097573928534985,0.831833004951477,0
08799,test,ISC_,0,0.2826661467552185,0.831833004951477,0
08877,test,ISC_,0,0.3739919364452362,0.831833004951477,0
08888,test,ISC_,0,0.3771153390407562,0.831833004951477,0
08889,test,ISC_,0,0.10258852690458298,0.831833004951477,0
08911,test,ISC_,1,0.4825877845287323,0.831833004951477,0
08985,test,ISC_,0,0.09498386830091476,0.831833004951477,0
08994,test,ISC_,0,0.008783649653196335,0.831833004951477,0
08996,test,ISC_,0,0.13601204752922058,0.831833004951477,0
09015,test,ISC_,0,0.5476474165916443,0.831833004951477,0
09030,test,ISC_,0,0.5281999111175537,0.831833004951477,0
09070,test,ISC_,0,0.20154540240764618,0.831833004951477,0
09100,test,ISC_,0,0.27163165807724,0.831833004951477,0
09101,test,ISC_,0,0.37864503264427185,0.831833004951477,0
09136,test,ISC_,1,0.489088773727417,0.831833004951477,0
09265,test,ISC_,0,0.1366160809993744,0.831833004951477,0
09306,test,ISC_,0,0.4383525848388672,0.831833004951477,0
09317,test,ISC_,0,0.3670634925365448,0.831833004951477,0
09383,test,ISC_,0,0.8266456127166748,0.831833004951477,0
09416,test,ISC_,0,0.4712752401828766,0.831833004951477,0
09494,test,ISC_,0,0.14647676050662994,0.831833004951477,0
09507,test,ISC_,0,0.03655845671892166,0.831833004951477,0
09543,test,ISC_,0,0.04667748883366585,0.831833004951477,0
09545,test,ISC_,0,0.09902417659759521,0.831833004951477,0
09713,test,ISC_,1,0.9969660639762878,0.831833004951477,1
10012,test,ISC_,0,0.015516367740929127,0.831833004951477,0
10051,test,ISC_,0,0.005129373632371426,0.831833004951477,0
10070,test,ISC_,1,0.7049914002418518,0.831833004951477,0
10173,test,ISC_,0,0.06090061739087105,0.831833004951477,0
10310,test,ISC_,0,0.6061268448829651,0.831833004951477,0
10343,test,ISC_,0,0.003331991145387292,0.831833004951477,0
10347,test,ISC_,0,0.29759788513183594,0.831833004951477,0
10450,test,ISC_,0,0.5485686659812927,0.831833004951477,0
10548,test,ISC_,0,0.46178150177001953,0.831833004951477,0
10646,test,ISC_,0,0.08283954113721848,0.831833004951477,0
10695,test,ISC_,0,0.5353406071662903,0.831833004951477,0
10707,test,ISC_,0,0.05956104397773743,0.831833004951477,0
10807,test,ISC_,0,0.02084028534591198,0.831833004951477,0
10837,test,ISC_,1,0.9973630309104919,0.831833004951477,1
10852,test,ISC_,0,0.32513749599456787,0.831833004951477,0
10878,test,ISC_,0,0.7576357126235962,0.831833004951477,0
10888,test,ISC_,0,0.2948661148548126,0.831833004951477,0
10961,test,ISC_,0,0.5041820406913757,0.831833004951477,0
11047,test,ISC_,0,0.03463691473007202,0.831833004951477,0
11071,test,ISC_,0,0.41448813676834106,0.831833004951477,0
11094,test,ISC_,0,0.6070604920387268,0.831833004951477,0
11110,test,ISC_,0,0.98159259557724,0.831833004951477,1
11335,test,ISC_,0,0.0032219039276242256,0.831833004951477,0
11457,test,ISC_,0,0.5867655873298645,0.831833004951477,0
11495,test,ISC_,0,0.2738107740879059,0.831833004951477,0
11498,test,ISC_,0,0.00016353734827134758,0.831833004951477,0
11500,test,ISC_,0,0.15792174637317657,0.831833004951477,0
11527,test,ISC_,0,0.0031790712382644415,0.831833004951477,0
11542,test,ISC_,0,0.009280088357627392,0.831833004951477,0
11766,test,ISC_,0,0.35688939690589905,0.831833004951477,0
11998,test,ISC_,0,0.9085717797279358,0.831833004951477,1
12236,test,ISC_,0,0.04178681597113609,0.831833004951477,0
12279,test,ISC_,0,0.9925286769866943,0.831833004951477,1
12593,test,ISC_,0,0.245423823595047,0.831833004951477,0
12872,test,ISC_,0,0.21175867319107056,0.831833004951477,0
13050,test,ISC_,0,0.917927622795105,0.831833004951477,1
13222,test,ISC_,1,0.9600003957748413,0.831833004951477,1
13228,test,ISC_,0,0.16383011639118195,0.831833004951477,0
13246,test,ISC_,0,0.14827555418014526,0.831833004951477,0
13247,test,ISC_,1,0.9963622689247131,0.831833004951477,1
13278,test,ISC_,0,0.5606148838996887,0.831833004951477,0
13369,test,ISC_,0,0.8862940073013306,0.831833004951477,1
13439,test,ISC_,0,0.2412824183702469,0.831833004951477,0
13515,test,ISC_,0,0.4149644374847412,0.831833004951477,0
13665,test,ISC_,0,0.04518439620733261,0.831833004951477,0
13913,test,ISC_,0,0.3583693504333496,0.831833004951477,0
13931,test,ISC_,0,0.09550834447145462,0.831833004951477,0
14194,test,ISC_,0,0.759907603263855,0.831833004951477,0
14336,test,ISC_,0,0.4458041191101074,0.831833004951477,0
14354,test,ISC_,0,0.05020039901137352,0.831833004951477,0
14490,test,ISC_,0,0.017486432567238808,0.831833004951477,0
14576,test,ISC_,0,0.09344759583473206,0.831833004951477,0
14582,test,ISC_,0,0.00010656464291969314,0.831833004951477,0
14650,test,ISC_,0,0.7174849510192871,0.831833004951477,0
14677,test,ISC_,0,0.17713595926761627,0.831833004951477,0
14729,test,ISC_,1,0.9960691928863525,0.831833004951477,1
14815,test,ISC_,0,0.12331914156675339,0.831833004951477,0
14829,test,ISC_,0,0.5607207417488098,0.831833004951477,0
14847,test,ISC_,0,0.46933120489120483,0.831833004951477,0
15010,test,ISC_,0,0.0063337101601064205,0.831833004951477,0
15368,test,ISC_,0,0.4432133734226227,0.831833004951477,0
15501,test,ISC_,0,0.262168824672699,0.831833004951477,0
15577,test,ISC_,0,0.32913947105407715,0.831833004951477,0
15871,test,ISC_,1,0.6539337038993835,0.831833004951477,0
16175,test,ISC_,0,0.33018553256988525,0.831833004951477,0
16271,test,ISC_,0,0.48570212721824646,0.831833004951477,0
16345,test,ISC_,0,0.004900671076029539,0.831833004951477,0
16366,test,ISC_,1,0.9971559047698975,0.831833004951477,1
16406,test,ISC_,0,3.4446597965143155e-06,0.831833004951477,0
16427,test,ISC_,0,0.5404132604598999,0.831833004951477,0
16486,test,ISC_,0,0.19442437589168549,0.831833004951477,0
16559,test,ISC_,0,0.7227278351783752,0.831833004951477,0
16965,test,ISC_,0,0.7307971715927124,0.831833004951477,0
17254,test,ISC_,0,0.403754323720932,0.831833004951477,0
17503,test,ISC_,0,0.0002454588538967073,0.831833004951477,0
17582,test,ISC_,0,0.770831823348999,0.831833004951477,0
17940,test,ISC_,0,0.024946238845586777,0.831833004951477,0
17961,test,ISC_,0,0.5339294075965881,0.831833004951477,0
18339,test,ISC_,0,0.009240382350981236,0.831833004951477,0
18345,test,ISC_,0,0.5247035026550293,0.831833004951477,0
18421,test,ISC_,0,0.5024779438972473,0.831833004951477,0
18539,test,ISC_,0,0.2315826714038849,0.831833004951477,0
18542,test,ISC_,0,0.36973512172698975,0.831833004951477,0
18711,test,ISC_,1,0.8680502772331238,0.831833004951477,1
19082,test,ISC_,0,0.13503099977970123,0.831833004951477,0
19146,test,ISC_,0,0.1383579820394516,0.831833004951477,0
19341,test,ISC_,0,0.5037044286727905,0.831833004951477,0
20050,test,ISC_,0,0.5907659530639648,0.831833004951477,0
20147,test,ISC_,0,0.037281762808561325,0.831833004951477,0
20391,test,ISC_,0,0.000415227870689705,0.831833004951477,0
20536,test,ISC_,0,0.46574267745018005,0.831833004951477,0
20592,test,ISC_,0,0.0029490888118743896,0.831833004951477,0
20830,test,ISC_,0,0.00039842381374910474,0.831833004951477,0
21208,test,ISC_,0,0.09189307689666748,0.831833004951477,0
21243,test,ISC_,0,0.42810317873954773,0.831833004951477,0
21533,test,ISC_,0,0.5580626130104065,0.831833004951477,0
21748,test,ISC_,1,0.9393245577812195,0.831833004951477,1
21766,test,ISC_,1,0.9696937203407288,0.831833004951477,1
21781,test,ISC_,1,0.9907355904579163,0.831833004951477,1
